section,English (source),French,Spanish,Arabic
chrome,Open menu,Ouvrir le menu,Abrir el menú,فتح القائمة
chrome,Call Jettset,Appeler Jettset,Llamar a Jettset,اتصل بـ Jettset
chrome,WhatsApp Jettset,Écrire à Jettset sur WhatsApp,Escribir a Jettset por WhatsApp,راسل Jettset عبر واتساب
chrome,Reach Us Directly,Nous joindre directement,Contacte con nosotros directamente,تواصل معنا مباشرةً
chrome,Call,Appeler,Llamar,اتصال
chrome,WhatsApp,WhatsApp,WhatsApp,واتساب
chrome,Email,E-mail,Correo electrónico,البريد الإلكتروني
chrome,Cancel,Annuler,Cancelar,إلغاء
chrome,Jettset — Private Aviation & Concierge House,Jettset — Maison d’aviation privée et de conciergerie,Jettset — Casa de aviación privada y conserjería,Jettset — دار الطيران الخاص وخدمات الكونسيرج
chrome,Enquiries Answered In ≤10 Min,Demandes traitées en ≤10 min,Consultas respondidas en ≤10 min,نردّ على الاستفسارات خلال ≤10 دقائق
chrome,Private Aviation,Aviation privée,Aviación privada,الطيران الخاص
chrome,Charter,Affrètement,Chárter,تأجير الطائرات
chrome,Concierge,Conciergerie,Conserjería,خدمة الكونسيرج
chrome,Membership,Adhésion,Membresía,العضوية
chrome,Advisory,Conseil,Asesoría,الاستشارات
chrome,Partnerships,Partenariats,Alianzas,الشراكات
chrome,Partner With Us,Devenir partenaire,Colabore con nosotros,كن شريكًا معنا
chrome,Access Partners,Partenaires d’accès,Socios de acceso,شركاء الوصول
chrome,About,À propos,Acerca de,من نحن
chrome,Contact,Contact,Contacto,اتصل بنا
chrome,Begin Your Journey,Commencez votre voyage,Comience su viaje,ابدأ رحلتك
chrome,Member Login,Espace membre,Acceso de miembros,دخول الأعضاء
chrome,"A private aviation and concierge house, built for guests who expect the world to move on their terms.","Une maison d’aviation privée et de conciergerie, conçue pour ceux qui attendent du monde qu’il se déplace selon leurs conditions.","Una casa de aviación privada y conserjería, creada para huéspedes que esperan que el mundo se mueva en sus propios términos.",دار للطيران الخاص وخدمات الكونسيرج، صُمّمت لضيوف يتوقعون أن يتحرك العالم وفق شروطهم.
chrome,Experiences,Expériences,Experiencias,التجارب
chrome,Company,Société,Empresa,الشركة
chrome,Guest Segments,Profils d’invités,Perfiles de huéspedes,فئات الضيوف
chrome,Connect,Nous contacter,Conectar,تواصل
chrome,Enquire,Nous écrire,Consultar,استفسر
chrome,Partner Login,Connexion partenaire,Acceso de socios,دخول الشركاء
chrome,Privacy,Confidentialité,Privacidad,الخصوصية
chrome,Terms,Conditions,Términos,الشروط
chrome,Trust,Confiance,Confianza,الثقة
chrome,Sound On,Activer le son,Activar sonido,تشغيل الصوت
chrome,Sound Off,Couper le son,Silenciar,كتم الصوت
chrome,Turn film sound on,Activer le son du film,Activar el sonido de la película,تشغيل صوت الفيلم
chrome,Turn film sound off,Couper le son du film,Silenciar el sonido de la película,إيقاف صوت الفيلم
chrome,Hero film controls,Commandes du film d’accueil,Controles de la película principal,عناصر التحكم في فيلم الصفحة الرئيسية
chrome,Back,Retour,Atrás,رجوع
chrome,Continue,Continuer,Continuar,متابعة
chrome,Continue Your Journey,Poursuivre votre voyage,Continúe su viaje,واصل رحلتك
fields,Journey enquiry,Demande de voyage,Consulta de viaje,استفسار عن الرحلة
fields,Journey details,Détails du voyage,Detalles del viaje,تفاصيل الرحلة
fields,From,De,Desde,من
fields,To,À,Hasta,إلى
fields,Date,Date,Fecha,التاريخ
fields,Travellers,Voyageurs,Viajeros,المسافرون
fields,Departure city,Ville de départ,Ciudad de salida,مدينة المغادرة
fields,Arrival city,Ville d’arrivée,Ciudad de llegada,مدينة الوصول
fields,Select a city or airport in,Sélectionnez une ville ou un aéroport :,Seleccione una ciudad o un aeropuerto:,اختر مدينة أو مطارًا في
fields,Please enter where you are travelling from.,Veuillez indiquer votre lieu de départ.,Indique desde dónde viaja.,يرجى إدخال مكان انطلاقك.
fields,Please enter where you are travelling to.,Veuillez indiquer votre destination.,Indique a dónde viaja.,يرجى إدخال وجهتك.
fields,Choose two different cities or airports.,Choisissez deux villes ou aéroports différents.,Elija dos ciudades o aeropuertos distintos.,اختر مدينتين أو مطارين مختلفين.
fields,Start typing a city or airport,Saisissez une ville ou un aéroport,Escriba una ciudad o un aeropuerto,اكتب اسم مدينة أو مطار
fields,Suggested airports,Aéroports suggérés,Aeropuertos sugeridos,مطارات مقترحة
fields,No matching airports found.,Aucun aéroport correspondant.,No se han encontrado aeropuertos coincidentes.,لم يتم العثور على مطارات مطابقة.
fields,Please choose an airport from the list.,Veuillez choisir un aéroport dans la liste.,Elija un aeropuerto de la lista.,يرجى اختيار مطار من القائمة.
fields,Loading airports…,Chargement des aéroports…,Cargando aeropuertos…,جارٍ تحميل المطارات…
fields,Airport list unavailable. Type a city or airport and we’ll confirm it with you.,"Liste des aéroports indisponible. Saisissez une ville ou un aéroport, nous le confirmerons avec vous.",Lista de aeropuertos no disponible. Escriba una ciudad o un aeropuerto y lo confirmaremos con usted.,قائمة المطارات غير متاحة. اكتب مدينة أو مطارًا وسنؤكده معك.
fields,Airport suggestions,Suggestions d’aéroports,Sugerencias de aeropuertos,اقتراحات المطارات
fields,Please choose a date from today onwards.,Veuillez choisir une date à partir d’aujourd’hui.,Elija una fecha a partir de hoy.,يرجى اختيار تاريخ من اليوم فصاعدًا.
fields,Signature Journeys,Voyages signature,Viajes emblemáticos,رحلات مميّزة
fields,"Your Journey, Visualised.",Visualisez votre voyage.,Visualice su viaje.,تخيّل رحلتك.
fields,Enter your route and see the journey take shape.,Saisissez votre itinéraire et voyez le voyage prendre forme.,Introduzca su ruta y vea cómo cobra forma el viaje.,أدخل مسارك وشاهد الرحلة تتشكّل.
fields,Choose a curated route or enter two cities or airports from the suggestions.,Choisissez un itinéraire sélectionné ou saisissez deux villes ou aéroports parmi les suggestions.,Elija una ruta seleccionada o introduzca dos ciudades o aeropuertos entre las sugerencias.,اختر مسارًا مُنتقى أو أدخل مدينتين أو مطارين من الاقتراحات.
fields,Drag to rotate,Faites glisser pour pivoter,Arrastre para girar,اسحب للتدوير
fields,Curated routes,Itinéraires sélectionnés,Rutas seleccionadas,مسارات مُنتقاة
fields,Explore more routes,Explorer d’autres itinéraires,Explorar más rutas,استكشف المزيد من المسارات
fields,Show fewer routes,Afficher moins d’itinéraires,Mostrar menos rutas,عرض عددًا أقل من المسارات
fields,Estimated Flight Time,Durée de vol estimée,Tiempo de vuelo estimado,مدة الرحلة التقديرية
fields,Suggested Aircraft,Appareil suggéré,Aeronave sugerida,الطائرة المقترحة
fields,"Local Time, Destination","Heure locale, destination","Hora local, destino",الوقت المحلي في الوجهة
fields,Loading local time…,Chargement de l’heure locale…,Cargando la hora local…,جارٍ تحميل الوقت المحلي…
fields,Indicative category based on route and traveller count. Final aircraft selection is confirmed personally during enquiry.,Catégorie indicative établie selon l’itinéraire et le nombre de voyageurs. Le choix définitif de l’appareil est confirmé personnellement lors de votre demande.,Categoría orientativa según la ruta y el número de viajeros. La selección final de la aeronave se confirma personalmente durante la consulta.,فئة إرشادية بحسب المسار وعدد المسافرين. يُؤكَّد الاختيار النهائي للطائرة شخصيًا أثناء الاستفسار.
fields,Request This Journey,Demander ce voyage,Solicitar este viaje,اطلب هذه الرحلة
fields,Every enquiry is reviewed personally and handled in confidence.,Chaque demande est examinée personnellement et traitée en toute confidentialité.,Cada consulta se revisa personalmente y se trata con total confidencialidad.,تتم مراجعة كل استفسار شخصيًا ويُعامل بسرّية تامة.
fields,Curated journey selected.,Voyage sélectionné.,Viaje seleccionado.,تم اختيار رحلة مُنتقاة.
fields,Custom route visualised using approximate great-circle distance.,Itinéraire personnalisé visualisé selon la distance orthodromique approximative.,Ruta personalizada visualizada con una distancia ortodrómica aproximada.,تم عرض المسار المخصّص باستخدام المسافة التقريبية على الدائرة العظمى.
fields,Choose two different cities from the suggestions to visualise the route.,Choisissez deux villes différentes parmi les suggestions pour visualiser l’itinéraire.,Elija dos ciudades distintas entre las sugerencias para visualizar la ruta.,اختر مدينتين مختلفتين من الاقتراحات لعرض المسار.
fields,Choose two different cities or airports from the suggestions to visualise the route.,Choisissez deux villes ou aéroports différents parmi les suggestions pour visualiser l’itinéraire.,Elija dos ciudades o aeropuertos distintos entre las sugerencias para visualizar la ruta.,اختر مدينتين أو مطارين مختلفين من الاقتراحات لعرض المسار.
fields,Signature Journey,Voyage signature,Viaje emblemático,رحلة مميّزة
fields,A Signature Journey,Un voyage signature,Un viaje emblemático,رحلة مميّزة
fields,Custom Journey,Voyage sur mesure,Viaje a medida,رحلة مخصّصة
fields,Riviera Escape,Escapade sur la Riviera,Escapada a la Riviera,رحلة إلى الريفييرا
fields,Gulf Crossing,Traversée du Golfe,Travesía del Golfo,عبور الخليج
fields,Atlantic Crossing,Traversée de l’Atlantique,Travesía del Atlántico,عبور الأطلسي
fields,Fair Week Route,Itinéraire de la semaine des foires,Ruta de la semana de ferias,مسار أسبوع المعارض
fields,Lagos Crossing,Traversée de Lagos,Travesía de Lagos,عبور لاغوس
fields,City Pair,Liaison entre deux villes,Ruta entre ciudades,رحلة بين مدينتين
fields,West Africa Connection,Liaison Afrique de l’Ouest,Conexión con África Occidental,الربط مع غرب أفريقيا
fields,Balearic Escape,Escapade aux Baléares,Escapada a las Baleares,رحلة إلى جزر البليار
fields,Aegean Escape,Escapade égéenne,Escapada al Egeo,رحلة إلى بحر إيجة
fields,Aspen Escape,Escapade à Aspen,Escapada a Aspen,رحلة إلى أسبن
fields,Arabian Sea Crossing,Traversée de la mer d’Arabie,Travesía del mar Arábigo,عبور بحر العرب
fields,Asia Express,Asia Express,Asia Express,آسيا إكسبريس
fields,Atlantic Gateway,Porte de l’Atlantique,Puerta del Atlántico,بوابة الأطلسي
fields,Light / Midsize Jet,Jet léger / intermédiaire,Jet ligero / medio,طائرة خفيفة / متوسطة
fields,Light Jet,Jet léger,Jet ligero,طائرة خفيفة
fields,Midsize Jet,Jet intermédiaire,Jet de tamaño medio,طائرة متوسطة الحجم
fields,Super-Midsize Jet,Jet super-intermédiaire,Jet súper medio,طائرة فائقة المتوسطة
fields,Super-Midsize / Heavy Jet,Jet super-intermédiaire / gros jet,Jet súper medio / pesado,طائرة فائقة المتوسطة / ثقيلة
fields,Heavy Jet,Gros jet,Jet pesado,طائرة ثقيلة
fields,Heavy / Ultra Long Range,Gros jet / ultra long-courrier,Pesado / ultra largo alcance,ثقيلة / فائقة المدى
fields,Ultra Long Range,Ultra long-courrier,Ultra largo alcance,فائقة المدى
fields,Ground transfer from Nice Côte d’Azur and villa coordination arranged as part of the same journey.,"Transfert terrestre depuis Nice Côte d’Azur et coordination de la villa, organisés dans le cadre du même voyage.","Traslado terrestre desde Niza Costa Azul y coordinación de la villa, organizados como parte del mismo viaje.",التنقل البري من مطار نيس كوت دازور وتنسيق الفيلا، يُرتَّبان ضمن الرحلة نفسها.
fields,"Cabin and departure time selected around the arrival experience, with ground handling pre-arranged.","Cabine et heure de départ choisies en fonction de l’expérience d’arrivée, avec assistance au sol organisée à l’avance.","Cabina y hora de salida elegidas en función de la experiencia de llegada, con la asistencia en tierra ya organizada.",تُختار المقصورة ووقت المغادرة بما يخدم تجربة الوصول، مع ترتيب الخدمات الأرضية مسبقًا.
fields,"Arranged for work, rest and a considered arrival into the next time zone.","Organisé pour travailler, se reposer et arriver dans le prochain fuseau horaire dans les meilleures conditions.","Organizado para trabajar, descansar y llegar con calma a la siguiente zona horaria.",مُرتَّبة للعمل والراحة ووصول مدروس إلى المنطقة الزمنية التالية.
fields,Gallery and preview-day access coordinated through Concierge ahead of arrival.,Accès aux galeries et aux journées de preview coordonné par la conciergerie avant l’arrivée.,Acceso a galerías y a los días de preinauguración coordinado a través de Conserjería antes de la llegada.,يجري تنسيق الدخول إلى المعارض وأيام المعاينة عبر خدمة الكونسيرج قبل الوصول.
fields,Ground transfer and onward arrangements held ready on both ends of the journey.,Transferts terrestres et correspondances prêts aux deux extrémités du voyage.,Traslados terrestres y conexiones preparados en ambos extremos del viaje.,التنقل البري والترتيبات اللاحقة جاهزة عند طرفي الرحلة.
fields,Show-seating and venue transfers arranged alongside the journey.,Places de défilé et transferts vers les lieux organisés en parallèle du voyage.,Asientos en los desfiles y traslados a las sedes organizados junto con el viaje.,تُرتَّب مقاعد العروض والتنقل إلى الأماكن جنبًا إلى جنب مع الرحلة.
fields,Arrival handling and onward ground movement coordinated around the purpose of the journey.,Accueil à l’arrivée et déplacements terrestres coordonnés selon l’objet du voyage.,Atención a la llegada y desplazamientos terrestres posteriores coordinados según el propósito del viaje.,تُنسَّق خدمات الاستقبال والتنقل البري اللاحق بحسب غاية الرحلة.
fields,"Journey requirements, operator options and destination support will be confirmed personally during enquiry.","Les besoins du voyage, les options d’opérateurs et l’assistance à destination seront confirmés personnellement lors de votre demande.","Los requisitos del viaje, las opciones de operadores y el apoyo en destino se confirmarán personalmente durante la consulta.",تُؤكَّد متطلبات الرحلة وخيارات المشغّلين والدعم في الوجهة شخصيًا أثناء الاستفسار.
fields,Monaco Grand Prix — May,Grand Prix de Monaco — mai,Gran Premio de Mónaco — mayo,جائزة موناكو الكبرى — مايو
fields,Miami Art Basel — December,Art Basel Miami — décembre,Art Basel Miami — diciembre,آرت بازل ميامي — ديسمبر
fields,Lagos Seasonal Travel — December,Voyages de saison à Lagos — décembre,Viajes de temporada a Lagos — diciembre,موسم السفر إلى لاغوس — ديسمبر
fields,Paris Fashion Week — September,Fashion Week de Paris — septembre,Semana de la Moda de París — septiembre,أسبوع الموضة في باريس — سبتمبر
fields,Accra in December,Accra en décembre,Accra en diciembre,أكرا في ديسمبر
fields,Tell us where you need to be.,Dites-nous où vous devez être.,Díganos dónde necesita estar.,أخبرنا أين تحتاج أن تكون.
fields,We’ll understand everything around it.,Nous comprendrons tout ce qui l’entoure.,Comprenderemos todo lo que lo rodea.,وسنفهم كل ما يحيط بذلك.
fields,"Every journey begins with a destination. The difference lies in understanding the people, timing, priorities and purpose surrounding it.","Chaque voyage commence par une destination. La différence tient à la compréhension des personnes, du calendrier, des priorités et de l’objectif qui l’entourent.","Todo viaje comienza con un destino. La diferencia está en comprender a las personas, los tiempos, las prioridades y el propósito que lo rodean.",كل رحلة تبدأ بوجهة. أما الفارق فيكمن في فهم الأشخاص والتوقيت والأولويات والغاية التي تحيط بها.
fields,Departure,Départ,Salida,المغادرة
fields,Destination,Destination,Destino,الوجهة
fields,Route,Itinéraire,Ruta,المسار
fields,Date & Travellers,Date et voyageurs,Fecha y viajeros,التاريخ والمسافرون
fields,Context,Contexte,Contexto,السياق
fields,Summary,Récapitulatif,Resumen,الملخص
fields,"When, and for how many?","Quand, et pour combien de personnes ?",¿Cuándo y para cuántas personas?,متى، ولكم عدد المسافرين؟
fields,(optional),(facultatif),(opcional),(اختياري)
fields,Departure Date,Date de départ,Fecha de salida,تاريخ المغادرة
fields,One Way,Aller simple,Solo ida,ذهاب فقط
fields,Return,Retour,Regreso,العودة
fields,Return Date,Date de retour,Fecha de regreso,تاريخ العودة
fields,Adults,Adultes,Adultos,البالغون
fields,Children,Enfants,Niños,الأطفال
fields,What is shaping this journey?,Qu’est-ce qui façonne ce voyage ?,¿Qué da forma a este viaje?,ما الذي يشكّل هذه الرحلة؟
fields,(choose one),(choisissez-en un),(elija una),(اختر واحدًا)
fields,Business,Affaires,Negocios,أعمال
fields,Family & Leisure,Famille et loisirs,Familia y ocio,عائلة وترفيه
fields,Sport & Performance,Sport et performance,Deporte y rendimiento,رياضة وأداء
fields,Touring & Production,Tournée et production,Giras y producción,جولات وإنتاج
fields,Celebration,Célébration,Celebración,احتفال
fields,Private & Sensitive,Privé et sensible,Privado y sensible,خاص وحسّاس
fields,Other,Autre,Otro,أخرى
fields,What should we begin arranging?,Que devons-nous commencer à organiser ?,¿Qué deberíamos empezar a organizar?,ما الذي ينبغي أن نبدأ بترتيبه؟
fields,"(optional, select any)","(facultatif, plusieurs choix possibles)","(opcional, seleccione las que desee)",(اختياري، اختر ما تشاء)
fields,Ground Transport,Transport terrestre,Transporte terrestre,النقل البري
fields,Accommodation,Hébergement,Alojamiento,الإقامة
fields,Security,Sécurité,Seguridad,الأمن
fields,Catering,Restauration,Catering,التموين
fields,Destination Access,Accès à la destination,Acceso al destino,الوصول إلى الوجهة
fields,Luggage or Equipment,Bagages ou équipement,Equipaje o equipo,الأمتعة أو المعدات
fields,Not Yet Decided,Pas encore décidé,Aún sin decidir,لم يتقرر بعد
fields,"Your journey, as we understand it so far","Votre voyage, tel que nous le comprenons à ce stade","Su viaje, tal como lo entendemos hasta ahora",رحلتك كما نفهمها حتى الآن
fields,Every enquiry is reviewed personally. Your details remain private and are never shared beyond the requirements of your journey.,Chaque demande est examinée personnellement. Vos informations restent confidentielles et ne sont jamais partagées au-delà des besoins de votre voyage.,Cada consulta se revisa personalmente. Sus datos permanecen privados y nunca se comparten más allá de lo que exige su viaje.,تتم مراجعة كل استفسار شخصيًا. تبقى بياناتك خاصة ولا تُشارَك إلا بالقدر الذي تتطلبه رحلتك.
fields,Shaping This Journey,Ce qui façonne ce voyage,Lo que da forma al viaje,ما يشكّل الرحلة
fields,Begin Arranging,À organiser,Empezar a organizar,البدء بترتيب
fields,Open,Ouvert,Abierto,مفتوح
fields,Flexible,Flexible,Flexible,مرن
fields,Not specified,Non précisé,No especificado,غير محدد
fields,Not yet decided,Pas encore décidé,Aún sin decidir,لم يتقرر بعد
fields,"Private jet preparing for departure, request a private jet charter quote from Jettset Global",Jet privé en préparation au départ — demandez un devis d’affrètement de jet privé à Jettset Global,Jet privado preparándose para despegar: solicite un presupuesto de chárter de jet privado a Jettset Global,طائرة خاصة تستعد للإقلاع — اطلب عرض سعر لتأجير طائرة خاصة من Jettset Global
fields,Tell Us Where You're Going,Dites-nous où vous allez,Díganos adónde va,أخبرنا إلى أين تتجه
fields,"Share a few details and a member of our aviation desk will return curated options — discreetly, and without obligation. We typically respond within ten minutes.",Partagez quelques informations et un membre de notre bureau aviation vous reviendra avec des options sélectionnées — avec discrétion et sans engagement. Nous répondons généralement en dix minutes.,"Comparta unos pocos datos y un miembro de nuestro departamento de aviación le enviará opciones seleccionadas, con discreción y sin compromiso. Normalmente respondemos en diez minutos.",شاركنا بعض التفاصيل وسيعود إليك أحد أعضاء مكتب الطيران لدينا بخيارات مُنتقاة — بسرّية ودون أي التزام. نردّ عادةً خلال عشر دقائق.
fields,One-Way,Aller simple,Solo ida,ذهاب فقط
fields,Round-Trip,Aller-retour,Ida y vuelta,ذهاب وعودة
fields,Departure city or airport,Ville ou aéroport de départ,Ciudad o aeropuerto de salida,مدينة أو مطار المغادرة
fields,Arrival city or airport,Ville ou aéroport d’arrivée,Ciudad o aeropuerto de llegada,مدينة أو مطار الوصول
fields,Passengers,Passagers,Pasajeros,الركاب
fields,Experience,Expérience,Experiencia,التجربة
fields,Not sure yet,Pas encore sûr,Aún no lo sé,لست متأكدًا بعد
fields,Preferred Contact,Mode de contact préféré,Contacto preferido,وسيلة التواصل المفضلة
fields,Phone,Téléphone,Teléfono,الهاتف
fields,Full Name,Nom complet,Nombre completo,الاسم الكامل
fields,Your name,Votre nom,Su nombre,اسمك
fields,Email Address,Adresse e-mail,Correo electrónico,البريد الإلكتروني
fields,you@email.com,vous@email.com,usted@email.com,you@email.com
fields,Phone Number,Numéro de téléphone,Número de teléfono,رقم الهاتف
fields,With country code,Avec l’indicatif du pays,Con prefijo de país,مع رمز الدولة
fields,How Did You Hear About Us,Comment nous avez-vous connus,Cómo nos conoció,كيف سمعت عنا
fields,Optional,Facultatif,Opcional,اختياري
fields,Anything Else We Should Know,Autre chose à nous signaler,Algo más que debamos saber,هل هناك ما ينبغي أن نعرفه أيضًا
fields,"Special requests, preferences, or context for your journey","Demandes particulières, préférences ou contexte de votre voyage","Peticiones especiales, preferencias o contexto de su viaje",طلبات خاصة أو تفضيلات أو سياق رحلتك
fields,"I agree to be contacted by Jettset regarding this enquiry. Your information remains private and confidential, used solely by Jettset.","J’accepte d’être contacté(e) par Jettset au sujet de cette demande. Vos informations restent privées et confidentielles, utilisées uniquement par Jettset.","Acepto que Jettset se ponga en contacto conmigo en relación con esta consulta. Su información es privada y confidencial, y la utiliza únicamente Jettset.",أوافق على أن تتواصل Jettset معي بشأن هذا الاستفسار. تبقى معلوماتك خاصة وسرية، وتستخدمها Jettset وحدها.
fields,"For urgent flight requests, please contact our team directly —","Pour les demandes de vol urgentes, contactez directement notre équipe —","Para solicitudes de vuelo urgentes, póngase en contacto directamente con nuestro equipo:",للطلبات العاجلة، يرجى التواصل مع فريقنا مباشرةً —
fields,or,ou,o,أو
fields,Begin Your Journey | Jettset Global,Commencez votre voyage | Jettset Global,Comience su viaje | Jettset Global,ابدأ رحلتك | Jettset Global
fields,Share your itinerary and a member of our team will return a curated set of options.,Partagez votre itinéraire et un membre de notre équipe vous reviendra avec une sélection d’options.,Comparta su itinerario y un miembro de nuestro equipo le enviará una selección de opciones.,شاركنا مسار رحلتك وسيعود إليك أحد أعضاء فريقنا بمجموعة من الخيارات المُنتقاة.
fields,Contact | Jettset Global,Contact | Jettset Global,Contacto | Jettset Global,اتصل بنا | Jettset Global
fields,Get in touch with Jettset Global.,Contactez Jettset Global.,Póngase en contacto con Jettset Global.,تواصل مع Jettset Global.
fields,"Private jet cabin interior, Jettset Global enquiry and contact",Intérieur de cabine d’un jet privé — demande et contact Jettset Global,Interior de la cabina de un jet privado: consultas y contacto con Jettset Global,المقصورة الداخلية لطائرة خاصة — استفسار وتواصل مع Jettset Global
fields,Move With Us,Voyagez avec nous,Muévase con nosotros,تحرّك معنا
fields,Tell Us About Your World,Parlez-nous de votre univers,Cuéntenos sobre su mundo,حدّثنا عن عالمك
fields,"Whatever your world looks like, we'd like to understand how you move before we ever talk about how we can help.","Quel que soit votre univers, nous aimerions comprendre comment vous vous déplacez avant même de parler de la façon dont nous pouvons vous aider.","Sea cual sea su mundo, nos gustaría entender cómo se mueve usted antes de hablar de cómo podemos ayudarle.",أيًّا كان عالمك، نودّ أن نفهم كيف تتحرّك قبل أن نتحدث عن كيفية مساعدتنا لك.
fields,What Brings You To Jettset,Ce qui vous amène chez Jettset,Qué le trae a Jettset,ما الذي أتى بك إلى Jettset
fields,Not sure yet — that's fine,Pas encore sûr — ce n’est pas grave,"Aún no lo sé, no pasa nada",لست متأكدًا بعد — لا بأس
fields,Private Charter,Affrètement privé,Chárter privado,تأجير طائرة خاصة
fields,Jet Card / Membership,Jet Card / Adhésion,Jet Card / Membresía,Jet Card / العضوية
fields,Concierge & Lifestyle,Conciergerie et art de vivre,Conserjería y estilo de vida,الكونسيرج ونمط الحياة
fields,Corporate / Advisory,Entreprise / Conseil,Corporativo / Asesoría,الشركات / الاستشارات
fields,Partner / Travel Agent Enquiry,Demande partenaire / agent de voyages,Consulta de socios / agentes de viajes,استفسار الشركاء / وكلاء السفر
fields,Something else entirely,Tout autre sujet,Algo totalmente distinto,شيء آخر تمامًا
fields,Send This To Jettset,Envoyer à Jettset,Enviar a Jettset,أرسل هذا إلى Jettset
fields,Looking to charter a specific journey?,Vous souhaitez affréter un vol précis ?,¿Busca fletar un viaje concreto?,هل تبحث عن استئجار رحلة محددة؟
fields,takes flight details directly. For urgent requests —,recueille directement les détails du vol. Pour les demandes urgentes —,recoge los detalles del vuelo directamente. Para solicitudes urgentes:,يستقبل تفاصيل الرحلة مباشرةً. وللطلبات العاجلة —
home,Jettset Global | Private Aviation & Concierge,Jettset Global | Aviation privée et conciergerie,Jettset Global | Aviación privada y conserjería,Jettset Global | الطيران الخاص والكونسيرج
home,"Operator-direct private jet charter and concierge, built around the guest, not the fleet. Discreet by design.","Affrètement de jets privés en direct auprès des opérateurs et conciergerie, pensés autour de l’invité, et non de la flotte. Discrets par conception.","Chárter de jets privados directo con el operador y conserjería, pensados en torno al huésped y no a la flota. Discreción por diseño.",تأجير طائرات خاصة مباشرةً من المشغّلين وخدمات كونسيرج، مبنية حول الضيف لا الأسطول. سرّية بالتصميم.
home,"Private jet, cinematic studio reveal, representing Jettset Global private aviation and concierge services","Jet privé, révélation cinématographique en studio, représentant les services d’aviation privée et de conciergerie de Jettset Global","Jet privado, presentación cinematográfica en estudio, que representa los servicios de aviación privada y conserjería de Jettset Global",طائرة خاصة في عرض سينمائي داخل الاستوديو، تمثّل خدمات الطيران الخاص والكونسيرج من Jettset Global
home,The Jettset House,La Maison Jettset,La Casa Jettset,دار Jettset
home,Aviation is the beginning.,L’aviation n’est que le commencement.,La aviación es solo el comienzo.,الطيران هو البداية.
home,The relationship goes further.,La relation va plus loin.,La relación va más allá.,أما العلاقة فتمتد أبعد من ذلك.
home,"Jettset brings private aviation, concierge and cultural intelligence into one trusted relationship. We understand the people, places, timing and expectations surrounding every journey — not only the aircraft that carries it.","Jettset réunit aviation privée, conciergerie et intelligence culturelle au sein d’une seule relation de confiance. Nous comprenons les personnes, les lieux, le calendrier et les attentes qui entourent chaque voyage — et pas seulement l’appareil qui l’accomplit.","Jettset reúne la aviación privada, la conserjería y la inteligencia cultural en una única relación de confianza. Entendemos a las personas, los lugares, los tiempos y las expectativas que rodean cada viaje, y no solo la aeronave que lo realiza.",تجمع Jettset بين الطيران الخاص وخدمات الكونسيرج والذكاء الثقافي في علاقة واحدة قائمة على الثقة. نحن نفهم الأشخاص والأماكن والتوقيت والتوقعات التي تحيط بكل رحلة، لا الطائرة التي تحملها فحسب.
home,"Built for a new generation of founders, artists, athletes, entrepreneurs and global leaders.","Conçue pour une nouvelle génération de fondateurs, d’artistes, d’athlètes, d’entrepreneurs et de dirigeants internationaux.","Creada para una nueva generación de fundadores, artistas, deportistas, emprendedores y líderes globales.",صُمّمت لجيل جديد من المؤسسين والفنانين والرياضيين ورواد الأعمال والقادة العالميين.
home,"Editorial intelligence across aviation, culture and global movement.","Une intelligence éditoriale au croisement de l’aviation, de la culture et de la mobilité mondiale.","Inteligencia editorial sobre aviación, cultura y movimiento global.",رؤية تحريرية تجمع الطيران والثقافة والحركة العالمية.
home,Enter the Jettset World,Entrer dans l’univers Jettset,Entre en el mundo Jettset,ادخل عالم Jettset
home,Enter The Jettset World,Entrer dans l’univers Jettset,Entre en el mundo Jettset,ادخل عالم Jettset
home,"A figure walks through a colonnaded stone courtyard at dusk, with the soft shadow of a private jet passing overhead on the wall behind him.","Une silhouette traverse une cour de pierre à colonnades au crépuscule, l’ombre douce d’un jet privé glissant au-dessus d’elle sur le mur.","Una figura camina por un patio de piedra con columnata al anochecer, mientras la suave sombra de un jet privado pasa sobre el muro que tiene detrás.",شخص يمشي في فناء حجري ذي أعمدة عند الغسق، بينما يمرّ ظلّ ناعم لطائرة خاصة فوق الجدار خلفه.
home,"Elsewhere, this week","Ailleurs, cette semaine","En otros lugares, esta semana",في أماكن أخرى هذا الأسبوع
home,Monaco — Grand Prix Week,Monaco — Semaine du Grand Prix,Mónaco — Semana del Gran Premio,موناكو — أسبوع الجائزة الكبرى
home,Milan — Salone del Mobile,Milan — Salone del Mobile,Milán — Salone del Mobile,ميلانو — Salone del Mobile
home,Paris — Fashion Week,Paris — Semaine de la mode,París — Semana de la Moda,باريس — أسبوع الموضة
home,Miami — Art Basel,Miami — Art Basel,Miami — Art Basel,ميامي — آرت بازل
home,Cannes — Festival Week,Cannes — Semaine du Festival,Cannes — Semana del Festival,كان — أسبوع المهرجان
home,Lagos — Art and Culture Season,Lagos — Saison de l’art et de la culture,Lagos — Temporada de arte y cultura,لاغوس — موسم الفن والثقافة
home,Dubai — Design Week,Dubaï — Semaine du design,Dubái — Semana del Diseño,دبي — أسبوع التصميم
home,London — Frieze Week,Londres — Semaine Frieze,Londres — Semana Frieze,لندن — أسبوع فريز
home,Inside The House,Au cœur de la Maison,Dentro de la Casa,داخل الدار
home,One relationship.,Une seule relation.,Una sola relación.,علاقة واحدة.
home,A world built around it.,Un monde bâti autour d’elle.,Un mundo construido a su alrededor.,وعالم بُني من حولها.
home,Every part of Jettset begins with movement. The relationship is designed to extend far beyond the aircraft.,Chaque pan de Jettset naît du mouvement. La relation est conçue pour aller bien au-delà de l’appareil.,Cada parte de Jettset comienza con el movimiento. La relación está concebida para ir mucho más allá de la aeronave.,كل جزء من Jettset يبدأ بالحركة. وقد صُمّمت العلاقة لتمتد إلى ما هو أبعد بكثير من الطائرة.
home,Choose a division of the Jettset House,Choisissez une division de la Maison Jettset,Elija una división de la Casa Jettset,اختر قسمًا من دار Jettset
home,Culture,Culture,Cultura,الثقافة
home,"Close editorial detail of a matte black private jet's tail, engine and wing at dusk","Gros plan éditorial sur la queue, le moteur et l’aile d’un jet privé noir mat au crépuscule","Primer plano editorial de la cola, el motor y el ala de un jet privado negro mate al anochecer",لقطة تحريرية مقرّبة لذيل ومحرك وجناح طائرة خاصة سوداء مطفأة اللمعان عند الغسق
home,"Private jet charter, Jet Card and tailored aircraft access—managed through one trusted relationship.","Affrètement de jets privés, Jet Card et accès sur mesure aux appareils — gérés au sein d’une seule relation de confiance.","Chárter de jets privados, Jet Card y acceso a aeronaves a medida, gestionados a través de una única relación de confianza.",تأجير الطائرات الخاصة وJet Card والوصول المخصّص إلى الطائرات — تُدار جميعها عبر علاقة واحدة موثوقة.
home,Explore Private Aviation,Découvrir l’aviation privée,Explorar la aviación privada,استكشف الطيران الخاص
home,"A reserved leather armchair in a private salon, with a doorway open to another room beyond","Un fauteuil en cuir réservé dans un salon privé, avec une porte ouverte sur une autre pièce","Un sillón de cuero reservado en un salón privado, con una puerta abierta a otra estancia",كرسي جلدي محجوز في صالون خاص، وفي الخلف باب مفتوح على غرفة أخرى
home,A Standing Relationship,Une relation durable,Una relación permanente,علاقة ممتدة
home,"A standing relationship for returning guests, families and offices who value continuity, priority and preference memory.","Une relation durable pour les invités fidèles, les familles et les bureaux qui privilégient la continuité, la priorité et la mémoire de leurs préférences.","Una relación permanente para huéspedes recurrentes, familias y oficinas que valoran la continuidad, la prioridad y el recuerdo de sus preferencias.",علاقة ممتدة للضيوف العائدين والعائلات والمكاتب الذين يقدّرون الاستمرارية والأولوية وحفظ التفضيلات.
home,Discover Club,Découvrir Club,Descubrir Club,اكتشف Club
home,"A private entrance console with folded linen and a bowl of keys, prepared before a guest's arrival","Une console d’entrée privée avec du linge plié et un bol de clés, préparée avant l’arrivée d’un invité","Una consola de entrada privada con ropa blanca doblada y un cuenco de llaves, preparada antes de la llegada de un huésped",طاولة مدخل خاصة عليها أقمشة مطوية ووعاء مفاتيح، جُهّزت قبل وصول الضيف
home,Beyond The Aircraft Door,Au-delà de la porte de l’appareil,Más allá de la puerta de la aeronave,ما وراء باب الطائرة
home,"Everything before, around and after the flight—ground movement, accommodation, access, security, dining and destination support.","Tout ce qui précède, entoure et suit le vol — transferts terrestres, hébergement, accès, sécurité, restauration et assistance à destination.","Todo lo que ocurre antes, durante y después del vuelo: traslados terrestres, alojamiento, accesos, seguridad, gastronomía y apoyo en destino.",كل ما يسبق الرحلة ويحيط بها ويليها — التنقل البري والإقامة والوصول والأمن والمأكولات والدعم في الوجهة.
home,Explore Concierge,Découvrir la conciergerie,Explorar la conserjería,استكشف خدمة الكونسيرج
home,"A private study desk with a lamp-lit abstract sculptural object, suggesting quiet strategic thought","Un bureau privé avec un objet sculptural abstrait éclairé par une lampe, évoquant une réflexion stratégique silencieuse","Un escritorio privado con un objeto escultórico abstracto iluminado por una lámpara, que sugiere un pensamiento estratégico sereno",مكتب خاص يضيئه مصباح ويعلوه عمل نحتي تجريدي، يوحي بتفكير استراتيجي هادئ
home,Strategic Counsel,Conseil stratégique,Asesoramiento estratégico,مشورة استراتيجية
home,"Specialist aviation strategy and project support for owners, companies and institutions.","Stratégie aéronautique spécialisée et accompagnement de projets pour propriétaires, entreprises et institutions.","Estrategia aeronáutica especializada y apoyo a proyectos para propietarios, empresas e instituciones.",استراتيجية طيران متخصصة ودعم للمشاريع للملاك والشركات والمؤسسات.
home,Explore Advisory,Découvrir le conseil,Explorar la asesoría,استكشف الاستشارات
home,"A framed editorial print, vinyl record and folded fabric on a studio table at dusk","Un tirage éditorial encadré, un disque vinyle et un tissu plié sur une table de studio au crépuscule","Una lámina editorial enmarcada, un disco de vinilo y una tela doblada sobre una mesa de estudio al anochecer",مطبوعة تحريرية مؤطّرة وأسطوانة فينيل وقماش مطوي على طاولة استوديو عند الغسق
home,The Visual And Editorial Language Of The House,Le langage visuel et éditorial de la Maison,El lenguaje visual y editorial de la Casa,اللغة البصرية والتحريرية للدار
home,"Fashion, art, music, design and editorial expression—shaping the cultural world around Jettset.","Mode, art, musique, design et expression éditoriale — façonnent l’univers culturel de Jettset.","Moda, arte, música, diseño y expresión editorial que dan forma al mundo cultural de Jettset.",الأزياء والفن والموسيقى والتصميم والتعبير التحريري — تُشكّل العالم الثقافي المحيط بـ Jettset.
home,The Jettset Standard,Le standard Jettset,El estándar Jettset,معيار Jettset
home,Every journey is,Chaque voyage est,Cada viaje se concibe,كل رحلة تُصاغ
home,considered beyond,pensé au-delà,más allá,بما يتجاوز
home,the aircraft.,de l’appareil.,de la aeronave.,حدود الطائرة.
home,Personal Review,Examen personnel,Revisión personal,مراجعة شخصية
home,"Every enquiry is assessed personally around the route, people and purpose.","Chaque demande est évaluée personnellement en fonction de l’itinéraire, des personnes et de l’objectif.","Cada consulta se evalúa personalmente en función de la ruta, las personas y el propósito.",يُقيَّم كل استفسار شخصيًا بحسب المسار والأشخاص والغاية.
home,Intelligent Sourcing,Sélection intelligente,Selección inteligente,اختيار ذكي
home,Aircraft and operators are selected according to the real requirements of the journey.,Les appareils et les opérateurs sont choisis selon les besoins réels du voyage.,Las aeronaves y los operadores se seleccionan según las necesidades reales del viaje.,تُختار الطائرات والمشغّلون وفق المتطلبات الفعلية للرحلة.
home,End-to-End Coordination,Coordination de bout en bout,Coordinación de principio a fin,تنسيق شامل من البداية إلى النهاية
home,"Aviation, ground movement, concierge and arrival details are managed as one experience.","L’aviation, les transferts terrestres, la conciergerie et les détails d’arrivée sont gérés comme une seule expérience.","La aviación, el traslado terrestre, la conserjería y los detalles de llegada se gestionan como una única experiencia.",تُدار تفاصيل الطيران والتنقل البري والكونسيرج والوصول كتجربة واحدة.
home,Responsive by Design,Réactifs par conception,Receptivos por diseño,استجابة سريعة بالتصميم
home,"Urgent requests receive a rapid human response, with clear communication throughout.","Les demandes urgentes reçoivent une réponse humaine rapide, avec une communication claire à chaque étape.","Las solicitudes urgentes reciben una respuesta humana rápida, con comunicación clara en todo momento.",تحظى الطلبات العاجلة باستجابة بشرية سريعة وتواصل واضح طوال الوقت.
home,One relationship. Every detail considered.,Une seule relation. Chaque détail pensé.,Una sola relación. Cada detalle cuidado.,علاقة واحدة. كل تفصيل محسوب.
home,A private jet glimpsed through a sculptural curved concrete opening at dusk,Un jet privé entrevu à travers une ouverture sculpturale en béton courbe au crépuscule,Un jet privado entrevisto a través de una abertura escultórica curva de hormigón al anochecer,طائرة خاصة تلوح من خلال فتحة خرسانية منحنية ذات طابع نحتي عند الغسق
home,Who We Fly,Qui nous transportons,A quién volamos,من نسافر معهم
home,Built for people whose lives move differently.,Conçu pour ceux dont la vie avance autrement.,Creado para personas cuyas vidas se mueven de otra manera.,صُمّم لمن تسير حياتهم بإيقاع مختلف.
home,"Founders, athletes, artists, executives and families trust Jettset to understand the journey around the journey.","Fondateurs, athlètes, artistes, dirigeants et familles font confiance à Jettset pour comprendre le voyage qui entoure le voyage.","Fundadores, deportistas, artistas, directivos y familias confían en Jettset para entender el viaje que rodea al viaje.",يثق المؤسسون والرياضيون والفنانون وكبار التنفيذيين والعائلات بـ Jettset لفهم الرحلة التي تحيط بالرحلة.
home,Founders & Executives,Fondateurs et dirigeants,Fundadores y directivos,المؤسسون وكبار التنفيذيين
home,"For decisions, opportunities and schedules that cannot wait.","Pour les décisions, les opportunités et les agendas qui ne peuvent pas attendre.","Para decisiones, oportunidades y agendas que no pueden esperar.",للقرارات والفرص والجداول التي لا تحتمل الانتظار.
home,Athletes & Teams,Athlètes et équipes,Deportistas y equipos,الرياضيون والفرق
home,"For performance, privacy and movement built around the season.","Pour la performance, la discrétion et des déplacements calés sur la saison.","Para el rendimiento, la privacidad y unos desplazamientos pensados en torno a la temporada.",للأداء والخصوصية وتنقّل مبني حول الموسم.
home,Artists & Entertainers,Artistes et performeurs,Artistas e intérpretes,الفنانون والمؤدّون
home,"For touring, appearances and travel that moves with the work.","Pour les tournées, les apparitions et des voyages qui suivent le rythme du travail.","Para giras, apariciones y viajes que se mueven al ritmo del trabajo.",للجولات والظهور العام والسفر الذي يتحرك مع العمل.
home,Creators & Cultural Leaders,Créateurs et leaders culturels,Creadores y líderes culturales,المبدعون والقادة الثقافيون
home,"For people shaping what the world watches, wears and follows.","Pour ceux qui façonnent ce que le monde regarde, porte et suit.","Para quienes dan forma a lo que el mundo mira, viste y sigue.",لمن يصنعون ما يشاهده العالم ويرتديه ويتابعه.
home,Families & Private Clients,Familles et clients privés,Familias y clientes privados,العائلات والعملاء الخاصون
home,For personal journeys managed with discretion and continuity.,Pour des voyages personnels gérés avec discrétion et continuité.,Para viajes personales gestionados con discreción y continuidad.,لرحلات شخصية تُدار بسرّية واستمرارية.
home,Different worlds. One standard of care.,Des mondes différents. Une même exigence.,Mundos distintos. Un mismo estándar de cuidado.,عوالم مختلفة. معيار واحد من العناية.
home,Our Commitment,Notre engagement,Nuestro compromiso,التزامنا
home,What Every Journey Is Built On — And What You Can Expect From It,Ce sur quoi repose chaque voyage — et ce que vous pouvez en attendre,En qué se basa cada viaje y qué puede esperar de él,الأسس التي تقوم عليها كل رحلة — وما يمكنك أن تتوقعه منها
home,The Standard,Le standard,El estándar,المعيار
home,Licensed operators only.,Opérateurs agréés uniquement.,Solo operadores con licencia.,مشغّلون مرخّصون فقط.
home,"Operator-direct sourcing, wherever possible.","Approvisionnement direct auprès des opérateurs, dès que possible.","Contratación directa con el operador, siempre que sea posible.",التعاقد المباشر مع المشغّل كلما أمكن.
home,"Worldwide access, regardless of notice.","Accès mondial, quel que soit le préavis.","Acceso mundial, con cualquier antelación.",وصول عالمي مهما كان الإخطار المسبق.
home,Discreet by design — not as an afterthought.,Discrets par conception — non par après-coup.,"Discreción por diseño, no como algo secundario.",سرّية بالتصميم — لا كفكرة لاحقة.
home,"Dedicated journey management, start to finish.","Gestion dédiée du voyage, du début à la fin.","Gestión dedicada del viaje, de principio a fin.",إدارة مخصّصة للرحلة من البداية إلى النهاية.
home,"A safety-first partner network, vetted before it's ever offered.","Un réseau de partenaires placé sous le signe de la sécurité, vérifié avant même d’être proposé.","Una red de socios que prioriza la seguridad, verificada antes de ofrecerse.",شبكة شركاء تضع السلامة أولًا، يجري التحقق منها قبل عرضها.
home,The Response Promise,La promesse de réactivité,La promesa de respuesta,وعد الاستجابة
home,≤10 min,≤10 min,≤10 min,≤10 دقائق
home,"Enquiries answered, day or night.","Demandes traitées, de jour comme de nuit.","Consultas respondidas, de día o de noche.",نردّ على الاستفسارات ليلًا ونهارًا.
home,≤2 hrs,≤2 h,≤2 h,≤2 ساعة
home,"Initial aircraft options delivered, where operationally possible.","Premières options d’appareils transmises, lorsque l’exploitation le permet.","Primeras opciones de aeronaves entregadas, cuando lo permita la operativa.",تسليم خيارات الطائرات الأولية متى سمحت العمليات بذلك.
home,"Completion target, journey after journey.","Objectif d’achèvement, voyage après voyage.","Objetivo de cumplimiento, viaje tras viaje.",هدف الإنجاز، رحلة بعد رحلة.
home,Departing within hours? Speak directly with our aviation desk.,Départ dans quelques heures ? Parlez directement à notre bureau aviation.,¿Sale en pocas horas? Hable directamente con nuestro departamento de aviación.,المغادرة خلال ساعات؟ تحدّث مباشرةً مع مكتب الطيران لدينا.
home,For Founders & Entrepreneurs,Pour les fondateurs et entrepreneurs,Para fundadores y emprendedores,للمؤسسين ورواد الأعمال
home,Time is the only asset you cannot recapitalise.,Le temps est le seul actif que l’on ne peut pas recapitaliser.,El tiempo es el único activo que no se puede recapitalizar.,الوقت هو الأصل الوحيد الذي لا يمكن إعادة رسملته.
home,Built for principals who move fast and expect their aviation partner to move faster — without compromising on discretion.,Conçu pour les dirigeants qui avancent vite et attendent de leur partenaire aviation qu’il aille plus vite encore — sans jamais transiger sur la discrétion.,"Creado para directivos que se mueven con rapidez y esperan que su socio de aviación lo haga aún más rápido, sin renunciar a la discreción.",صُمّم لأصحاب القرار الذين يتحرّكون بسرعة ويتوقعون من شريكهم في الطيران أن يتحرك أسرع — دون المساومة على السرّية.
home,Explore Charter,Découvrir l’affrètement,Explorar el chárter,استكشف تأجير الطائرات
home,For Artists & Touring Teams,Pour les artistes et les équipes en tournée,Para artistas y equipos de gira,للفنانين وفرق الجولات
home,The stage moves. Your standard shouldn't.,"La scène bouge. Votre exigence, non.","El escenario se mueve. Su estándar, no.",المسرح يتنقّل. ومعاييرك لا تتغيّر.
home,"Tour-grade logistics, last-minute flexibility, and a team that understands what's actually at stake on the road.","Une logistique de niveau tournée, une flexibilité de dernière minute et une équipe qui comprend ce qui est réellement en jeu sur la route.","Logística de nivel gira, flexibilidad de última hora y un equipo que entiende lo que realmente está en juego en la carretera.",لوجستيات بمستوى الجولات، ومرونة في اللحظة الأخيرة، وفريق يدرك ما هو على المحك حقًا أثناء السفر.
home,Explore Club,Découvrir Club,Explorar Club,استكشف Club
home,Stories From Altitude,Histoires d’altitude,Historias desde la altura,حكايات من الأعالي
home,"Editorial perspectives on aviation, culture and global movement. Written for people who travel with intention.","Regards éditoriaux sur l’aviation, la culture et la mobilité mondiale. Écrits pour ceux qui voyagent avec intention.","Perspectivas editoriales sobre aviación, cultura y movimiento global. Escritas para quienes viajan con intención.",رؤى تحريرية حول الطيران والثقافة والحركة العالمية. كُتبت لمن يسافرون عن قصد.
home,Read The Manifest,Lire The Manifest,Leer The Manifest,اقرأ The Manifest
home,"Journeys, Told In Motion",Des voyages racontés en mouvement,Viajes contados en movimiento,رحلات تُروى بالحركة
home,"Real arrivals, real departures, real moments — captured from the journeys that shape the Jettset world.","De vraies arrivées, de vrais départs, de vrais moments — saisis au fil des voyages qui façonnent l’univers Jettset.","Llegadas reales, salidas reales, momentos reales, captados en los viajes que dan forma al mundo Jettset.",وصول حقيقي ومغادرة حقيقية ولحظات حقيقية — التُقطت من الرحلات التي تصنع عالم Jettset.
home,Watch In Motion,Regarder In Motion,Ver In Motion,شاهد In Motion
home,"Whether you're planning your next flight or looking for a long-term aviation partner, our team is ready when you are.","Que vous prépariez votre prochain vol ou cherchiez un partenaire aviation à long terme, notre équipe est prête quand vous l’êtes.","Tanto si planifica su próximo vuelo como si busca un socio de aviación a largo plazo, nuestro equipo está listo cuando usted lo esté.",سواء كنت تخطّط لرحلتك القادمة أو تبحث عن شريك طيران طويل الأمد، فريقنا جاهز متى كنت جاهزًا.
home,Enquire Now,Faire une demande,Consultar ahora,استفسر الآن
jetcard_signup,"Macro shot of the brushed metal Jettset Jet Card with engraved logo, Jettset Global Jet Card membership sign-up","Gros plan sur la Jet Card Jettset en métal brossé, logo gravé — inscription à la Jet Card Jettset Global",Plano macro de la Jet Card de Jettset en metal cepillado con el logotipo grabado: inscripción a la Jet Card de Jettset Global,لقطة مقرّبة لبطاقة Jet Card من Jettset المصنوعة من المعدن المصقول مع الشعار المنقوش — الاشتراك في Jet Card من Jettset Global
jetcard_signup,Begin Your Jet Card Journey,Commencez votre parcours Jet Card,Comience su recorrido con Jet Card,ابدأ رحلتك مع Jet Card
jetcard_signup,"A dedicated line for guests considering a prepaid hours structure. Share your details, and a member of our team will follow up directly.",Une ligne dédiée aux invités qui envisagent une formule d’heures prépayées. Partagez vos coordonnées et un membre de notre équipe vous recontactera directement.,Una línea dedicada a huéspedes que consideran una estructura de horas prepagadas. Comparta sus datos y un miembro de nuestro equipo se pondrá en contacto directamente.,قناة مخصّصة للضيوف الذين يفكرون في نظام الساعات المدفوعة مسبقًا. شاركنا بياناتك وسيتابع معك أحد أعضاء فريقنا مباشرةً.
jetcard_signup,"I agree to be contacted by Jettset regarding Jet Card. Your information remains private and confidential, used solely by Jettset.","J’accepte d’être contacté(e) par Jettset au sujet de Jet Card. Vos informations restent privées et confidentielles, utilisées uniquement par Jettset.","Acepto que Jettset se ponga en contacto conmigo en relación con Jet Card. Su información es privada y confidencial, y la utiliza únicamente Jettset.",أوافق على أن تتواصل Jettset معي بشأن Jet Card. تبقى معلوماتك خاصة وسرية، وتستخدمها Jettset وحدها.
jetcard_signup,Prefer to speak with someone directly? Call,Vous préférez parler à quelqu’un directement ? Appelez le,¿Prefiere hablar directamente con alguien? Llame al,تفضّل التحدث مع أحد مباشرةً؟ اتصل على
jetcard_signup,or WhatsApp,ou WhatsApp,o WhatsApp,أو واتساب
jetcard_signup,Jet Card Enrolment | Jettset Global,Inscription Jet Card | Jettset Global,Inscripción a Jet Card | Jettset Global,الاشتراك في Jet Card | Jettset Global
jetcard_signup,Begin your Jettset Jet Card enrolment.,Commencez votre inscription à la Jet Card Jettset.,Comience su inscripción a la Jet Card de Jettset.,ابدأ اشتراكك في بطاقة Jet Card من Jettset.
alerts,"The Legs member portal is a separate, secure login area. Ask your assistant to open the Legs member portal to access it.",Le portail des membres Legs est un espace de connexion sécurisé distinct. Demandez à votre assistant d’ouvrir le portail des membres Legs pour y accéder.,El portal de miembros de Legs es un área de acceso independiente y segura. Pida a su asistente que abra el portal de miembros de Legs para acceder.,بوابة أعضاء Legs منطقة تسجيل دخول منفصلة وآمنة. اطلب من مساعدك فتح بوابة أعضاء Legs للدخول إليها.
alerts,Please confirm you are happy to be contacted regarding this enquiry before submitting.,Veuillez confirmer que vous acceptez d’être contacté(e) au sujet de cette demande avant de l’envoyer.,Confirme que acepta que se le contacte en relación con esta consulta antes de enviarla.,يرجى تأكيد موافقتك على التواصل معك بشأن هذا الاستفسار قبل الإرسال.
alerts,Please share at least your name and email so we can respond.,Veuillez indiquer au moins votre nom et votre adresse e-mail afin que nous puissions vous répondre.,Indique al menos su nombre y su correo electrónico para que podamos responderle.,يرجى مشاركة اسمك وبريدك الإلكتروني على الأقل لنتمكن من الرد عليك.
alerts,We could not send your request. Please try again or contact Jettset directly.,Nous n’avons pas pu envoyer votre demande. Veuillez réessayer ou contacter directement Jettset.,No hemos podido enviar su solicitud. Inténtelo de nuevo o póngase en contacto directamente con Jettset.,تعذّر إرسال طلبك. يرجى المحاولة مرة أخرى أو التواصل مع Jettset مباشرةً.
alerts,Please confirm you are happy to be contacted as Legs access opens before submitting.,Veuillez confirmer que vous acceptez d’être contacté(e) à l’ouverture de l’accès Legs avant d’envoyer.,Confirme que acepta que se le contacte cuando se abra el acceso a Legs antes de enviar.,يرجى تأكيد موافقتك على التواصل معك عند فتح الوصول إلى Legs قبل الإرسال.
alerts,"Please share your name, email, and region so we can notify you at the right time.","Veuillez indiquer votre nom, votre adresse e-mail et votre région afin que nous puissions vous prévenir au bon moment.","Indique su nombre, correo electrónico y región para que podamos avisarle en el momento oportuno.",يرجى مشاركة اسمك وبريدك الإلكتروني ومنطقتك لنتمكن من إشعارك في الوقت المناسب.
alerts,We could not register your interest. Please try again or contact Jettset directly.,Nous n’avons pas pu enregistrer votre intérêt. Veuillez réessayer ou contacter directement Jettset.,No hemos podido registrar su interés. Inténtelo de nuevo o póngase en contacto directamente con Jettset.,تعذّر تسجيل اهتمامك. يرجى المحاولة مرة أخرى أو التواصل مع Jettset مباشرةً.
alerts,Please confirm you are happy to be contacted about Editions before submitting.,Veuillez confirmer que vous acceptez d’être contacté(e) au sujet d’Editions avant d’envoyer.,Confirme que acepta que se le contacte sobre Editions antes de enviar.,يرجى تأكيد موافقتك على التواصل معك بشأن Editions قبل الإرسال.
alerts,Please share your name and email so we can register your interest.,Veuillez indiquer votre nom et votre adresse e-mail afin que nous puissions enregistrer votre intérêt.,Indique su nombre y su correo electrónico para que podamos registrar su interés.,يرجى مشاركة اسمك وبريدك الإلكتروني لنتمكن من تسجيل اهتمامك.
alerts,Please confirm you are happy to be contacted regarding Jet Card before submitting.,Veuillez confirmer que vous acceptez d’être contacté(e) au sujet de Jet Card avant d’envoyer.,Confirme que acepta que se le contacte en relación con Jet Card antes de enviar.,يرجى تأكيد موافقتك على التواصل معك بشأن Jet Card قبل الإرسال.
pages,Close,Fermer,Cerrar,إغلاق
pages,Category,Catégorie,Categoría,الفئة
pages,Fleet imagery for this category is being finalised — every journey is still sourced operator-direct against the specific aircraft available.,"Les visuels de la flotte de cette catégorie sont en cours de finalisation — chaque voyage reste affrété directement auprès de l’opérateur, selon les appareils réellement disponibles.","Las imágenes de la flota de esta categoría se están ultimando: cada viaje se sigue contratando directamente con el operador, según las aeronaves disponibles.",صور أسطول هذه الفئة قيد الإعداد النهائي — وتظل كل رحلة تُرتَّب مباشرةً مع المشغّل وفق الطائرات المتاحة فعليًا.
pages,"<a href=""charter.html"" class="""" id=""navCharter"">Charter</a> <a href=""jet-card.html"" class=""active"" id=""navJetcard"">Jet Card</a> <a href=""/aviation-wellness"" class="""" id=""navAviationWellness"">Aviation Wellness</a>","<a href=""charter.html"" class="""" id=""navCharter"">Affrètement</a> <a href=""jet-card.html"" class=""active"" id=""navJetcard"">Jet Card</a> <a href=""/aviation-wellness"" class="""" id=""navAviationWellness"">Aviation Wellness</a>","<a href=""charter.html"" class="""" id=""navCharter"">Chárter</a> <a href=""jet-card.html"" class=""active"" id=""navJetcard"">Jet Card</a> <a href=""/aviation-wellness"" class="""" id=""navAviationWellness"">Aviation Wellness</a>","<a href=""charter.html"" class="""" id=""navCharter"">تأجير الطائرات</a> <a href=""jet-card.html"" class=""active"" id=""navJetcard"">Jet Card</a> <a href=""/aviation-wellness"" class="""" id=""navAviationWellness"">Aviation Wellness</a>"
pages,"<a href=""partners.html"" class="""" id=""navPartners"">Partner With Us</a> <a href=""access-partners.html"" class="""" id=""navAccessPartners"">Access Partners</a>","<a href=""partners.html"" class="""" id=""navPartners"">Devenir partenaire</a> <a href=""access-partners.html"" class="""" id=""navAccessPartners"">Partenaires d’accès</a>","<a href=""partners.html"" class="""" id=""navPartners"">Colabore con nosotros</a> <a href=""access-partners.html"" class="""" id=""navAccessPartners"">Socios de acceso</a>","<a href=""partners.html"" class="""" id=""navPartners"">كن شريكًا معنا</a> <a href=""access-partners.html"" class="""" id=""navAccessPartners"">شركاء الوصول</a>"
pages,"Macro shot of the brushed metal Jettset Jet Card with engraved logo, Jettset Global Jet Card membership programme for frequent flyers","Gros plan sur la Jettset Jet Card en métal brossé, logo gravé — programme d’adhésion Jettset Global Jet Card pour voyageurs fréquents",Plano macro de la Jettset Jet Card en metal cepillado con el logotipo grabado: programa de membresía Jettset Global Jet Card para viajeros frecuentes,لقطة مقرّبة لبطاقة Jettset Jet Card المعدنية المصقولة بشعار محفور — برنامج عضوية Jettset Global Jet Card للمسافرين الدائمين
pages,01 — Private Aviation,01 — Aviation privée,01 — Aviación privada,01 — الطيران الخاص
pages,"Guaranteed access, transparent pricing and greater certainty — structured around how you actually fly.","Un accès garanti, une tarification transparente et davantage de certitude — pensés autour de votre façon de voler.","Acceso garantizado, precios transparentes y mayor certidumbre, estructurados en torno a cómo vuela usted realmente.",وصول مضمون وتسعير شفاف ويقين أكبر — مبنية على طريقتك الفعلية في السفر.
pages,"Private aviation should give you control, not another variable to manage. The Jettset Jet Card secures capacity allocation and agreed hourly pricing for a twelve-month period, without the capital commitment of aircraft ownership or fractional programmes. Each journey is matched to the aircraft category best suited to your route, passengers, schedule and cabin preferences — and when the journey changes, the category can change with it.","L’aviation privée doit vous donner le contrôle, pas une variable de plus à gérer. La Jettset Jet Card garantit une allocation de capacité et un tarif horaire convenu pour une période de douze mois, sans l’engagement financier d’une propriété d’appareil ni d’un programme de multipropriété. Chaque voyage est associé à la catégorie d’appareil la mieux adaptée à votre itinéraire, à vos passagers, à votre calendrier et à vos préférences de cabine — et lorsque le voyage change, la catégorie peut changer avec lui.","La aviación privada debería darle control, no otra variable que gestionar. La Jettset Jet Card asegura la asignación de capacidad y una tarifa horaria acordada durante doce meses, sin el compromiso de capital que supone poseer una aeronave o participar en un programa de propiedad fraccionada. Cada viaje se asigna a la categoría de aeronave más adecuada para su ruta, sus pasajeros, su agenda y sus preferencias de cabina; y cuando el viaje cambia, la categoría puede cambiar con él.",ينبغي أن يمنحك الطيران الخاص تحكّمًا لا متغيّرًا آخر عليك إدارته. تؤمّن Jettset Jet Card تخصيص السعة وسعرًا ساعيًا متفقًا عليه لمدة اثني عشر شهرًا، دون الالتزام برأس المال الذي تتطلبه ملكية الطائرة أو برامج الملكية الجزئية. تُطابَق كل رحلة مع فئة الطائرة الأنسب لمسارك وركّابك وجدولك وتفضيلاتك للمقصورة — وعندما تتغير الرحلة يمكن أن تتغير الفئة معها.
pages,Guaranteed Access,Accès garanti,Acceso garantizado,وصول مضمون
pages,"Aircraft, Within Defined Areas","Des appareils, dans des zones définies","Aeronaves, dentro de áreas definidas",طائرات ضمن مناطق محددة
pages,"Aircraft access within defined service areas, agreed as part of your programme.","Accès aux appareils dans des zones de service définies, convenues dans le cadre de votre programme.","Acceso a aeronaves dentro de áreas de servicio definidas, acordadas como parte de su programa.",الوصول إلى الطائرات ضمن مناطق خدمة محددة، يُتفق عليها ضمن برنامجك.
pages,Pricing Stability,Stabilité tarifaire,Estabilidad de precios,ثبات الأسعار
pages,"Twelve Months, Locked","Douze mois, tarif figé","Doce meses, precio fijo",اثنا عشر شهرًا بسعر ثابت
pages,"Agreed hourly pricing secured for twelve months — no market surge, no renegotiation.","Tarif horaire convenu garanti pendant douze mois — sans flambée du marché, sans renégociation.",Tarifa horaria acordada durante doce meses: sin subidas de mercado ni renegociaciones.,سعر ساعي متفق عليه لمدة اثني عشر شهرًا — دون ارتفاعات سوقية أو إعادة تفاوض.
pages,Aircraft Flexibility,Flexibilité d’appareil,Flexibilidad de aeronave,مرونة في اختيار الطائرة
pages,"Upgrade Or Downgrade, By Trip","Montée ou descente en gamme, à chaque voyage","Más o menos categoría, según el viaje",ترقية أو خفض فئة، حسب الرحلة
pages,"Access to multiple aircraft categories, matched to each journey as it's booked.","Accès à plusieurs catégories d’appareils, adaptées à chaque voyage au moment de la réservation.","Acceso a varias categorías de aeronaves, adaptadas a cada viaje en el momento de reservarlo.",الوصول إلى عدة فئات من الطائرات، تُطابَق مع كل رحلة عند حجزها.
pages,Global Coverage,Couverture mondiale,Cobertura global,تغطية عالمية
pages,"Europe, US & Middle East","Europe, États-Unis et Moyen-Orient","Europa, EE. UU. y Oriente Medio",أوروبا والولايات المتحدة والشرق الأوسط
pages,"Structured service across three primary regions, with wider flexibility beyond them.","Un service structuré sur trois grandes régions, avec une flexibilité élargie au-delà.","Servicio estructurado en tres regiones principales, con mayor flexibilidad más allá de ellas.",خدمة منظّمة عبر ثلاث مناطق رئيسية، مع مرونة أوسع خارجها.
pages,Dedicated Support,Assistance dédiée,Asistencia dedicada,دعم مخصص
pages,"24/7, End To End","24 h/24 et 7 j/7, de bout en bout","24/7, de principio a fin",على مدار الساعة، من البداية إلى النهاية
pages,Round-the-clock flight support and complete itinerary coordination.,Assistance vol permanente et coordination complète de l’itinéraire.,Asistencia de vuelo permanente y coordinación completa del itinerario.,دعم للرحلات على مدار الساعة وتنسيق كامل لخط السير.
pages,No Ownership Burden,Aucune charge de propriété,Sin cargas de propiedad,دون أعباء الملكية
pages,None Of The Overhead,Aucun des frais annexes,Ninguno de los gastos añadidos,دون أي تكاليف إضافية
pages,"No acquisition fee, fractional commitment or ongoing aircraft management cost.","Pas de frais d’acquisition, d’engagement de multipropriété ni de coûts de gestion continue de l’appareil.","Sin cuota de adquisición, compromiso de propiedad fraccionada ni costes continuos de gestión de la aeronave.",لا رسوم شراء ولا التزام بالملكية الجزئية ولا تكاليف مستمرة لإدارة الطائرة.
pages,Coverage,Couverture,Cobertura,التغطية
pages,Three Primary Regions,Trois régions principales,Tres regiones principales,ثلاث مناطق رئيسية
pages,"Flights within these regions are supported under the applicable Jet Card terms, aircraft category and hourly pricing structure. Secondary areas provide further global flexibility, subject to availability and operational conditions.","Les vols dans ces régions sont assurés selon les conditions de la Jet Card applicables, la catégorie d’appareil et la structure tarifaire horaire. Les zones secondaires offrent une flexibilité mondiale supplémentaire, sous réserve de disponibilité et des conditions opérationnelles.","Los vuelos dentro de estas regiones se atienden conforme a los términos de la Jet Card aplicables, la categoría de aeronave y la estructura de tarifas horarias. Las zonas secundarias ofrecen flexibilidad global adicional, sujeta a disponibilidad y a las condiciones operativas.",تُدعم الرحلات داخل هذه المناطق وفق شروط Jet Card المعمول بها وفئة الطائرة وهيكل التسعير الساعي. وتوفّر المناطق الثانوية مرونة عالمية إضافية، بحسب التوفر والظروف التشغيلية.
pages,Europe,Europe,Europa,أوروبا
pages,Middle East,Moyen-Orient,Oriente Medio,الشرق الأوسط
pages,Primary Service Area,Zone de service principale,Área de servicio principal,منطقة الخدمة الرئيسية
pages,"<span class=""region-chip"">United Kingdom</span><span class=""region-chip"">France</span><span class=""region-chip"">Germany</span><span class=""region-chip"">Switzerland</span><span class=""region-chip"">Italy</span><span class=""region-chip"">Spain</span><span class=""region-chip"">Portugal</span><span class=""region-chip"">Greece</span><span class=""region-chip"">Nordic Countries</span><span class=""region-chip"">Central &amp; Eastern Europe</span>","<span class=""region-chip"">Royaume-Uni</span><span class=""region-chip"">France</span><span class=""region-chip"">Allemagne</span><span class=""region-chip"">Suisse</span><span class=""region-chip"">Italie</span><span class=""region-chip"">Espagne</span><span class=""region-chip"">Portugal</span><span class=""region-chip"">Grèce</span><span class=""region-chip"">Pays nordiques</span><span class=""region-chip"">Europe centrale et orientale</span>","<span class=""region-chip"">Reino Unido</span><span class=""region-chip"">Francia</span><span class=""region-chip"">Alemania</span><span class=""region-chip"">Suiza</span><span class=""region-chip"">Italia</span><span class=""region-chip"">España</span><span class=""region-chip"">Portugal</span><span class=""region-chip"">Grecia</span><span class=""region-chip"">Países nórdicos</span><span class=""region-chip"">Europa central y oriental</span>","<span class=""region-chip"">المملكة المتحدة</span><span class=""region-chip"">فرنسا</span><span class=""region-chip"">ألمانيا</span><span class=""region-chip"">سويسرا</span><span class=""region-chip"">إيطاليا</span><span class=""region-chip"">إسبانيا</span><span class=""region-chip"">البرتغال</span><span class=""region-chip"">اليونان</span><span class=""region-chip"">دول الشمال الأوروبي</span><span class=""region-chip"">أوروبا الوسطى والشرقية</span>"
pages,Germany,Allemagne,Alemania,ألمانيا
pages,Portugal,Portugal,Portugal,البرتغال
pages,Nordic Countries,Pays nordiques,Países nórdicos,دول الشمال الأوروبي
pages,Central & Eastern Europe,Europe centrale et orientale,Europa central y oriental,أوروبا الوسطى والشرقية
pages,The Right Aircraft For Each Journey,Le bon appareil pour chaque voyage,La aeronave adecuada para cada viaje,الطائرة المناسبة لكل رحلة
pages,"Your Jet Card is not tied to one aircraft type. Each trip can be matched to the category that best reflects the distance, passenger count, baggage, cabin and range required.","Votre Jet Card n’est pas liée à un seul type d’appareil. Chaque trajet peut être associé à la catégorie qui correspond le mieux à la distance, au nombre de passagers, aux bagages, à la cabine et à l’autonomie requis.","Su Jet Card no está ligada a un solo tipo de aeronave. Cada viaje puede asignarse a la categoría que mejor responda a la distancia, el número de pasajeros, el equipaje, la cabina y el alcance necesarios.",بطاقة Jet Card الخاصة بك غير مرتبطة بنوع واحد من الطائرات. يمكن مطابقة كل رحلة مع الفئة الأنسب للمسافة وعدد الركاب والأمتعة والمقصورة والمدى المطلوب.
pages,4–6 Guests · ~2–3h,4–6 passagers · ~2–3 h,4–6 pasajeros · ~2–3 h,4–6 ركاب · ~2–3 ساعات
pages,Short regional journeys and efficient city pairs.,Courts trajets régionaux et liaisons efficaces entre villes.,Trayectos regionales cortos y enlaces eficientes entre ciudades.,رحلات إقليمية قصيرة وربط فعّال بين المدن.
pages,6–8 Guests · ~3–4h,6–8 passagers · ~3–4 h,6–8 pasajeros · ~3–4 h,6–8 ركاب · ~3–4 ساعات
pages,Longer regional travel with added cabin and baggage space.,"Voyages régionaux plus longs, avec davantage d’espace en cabine et en soute.","Viajes regionales más largos, con más espacio de cabina y equipaje.",رحلات إقليمية أطول مع مساحة أكبر للمقصورة والأمتعة.
pages,8–10 Guests · ~5–6h,8–10 passagers · ~5–6 h,8–10 pasajeros · ~5–6 h,8–10 ركاب · ~5–6 ساعات
pages,Extended range with stand-up cabin comfort.,Grande autonomie avec le confort d’une cabine où l’on se tient debout.,Gran alcance con el confort de una cabina en la que se puede estar de pie.,مدى ممتد مع راحة مقصورة يمكن الوقوف فيها.
pages,10–14 Guests · ~7–8h,10–14 passagers · ~7–8 h,10–14 pasajeros · ~7–8 h,10–14 راكبًا · ~7–8 ساعات
pages,Long-range journeys with generous cabin space and amenities.,Vols long-courriers avec une cabine spacieuse et de nombreux équipements.,Viajes de largo alcance con cabina amplia y numerosas comodidades.,رحلات بعيدة المدى بمقصورة رحبة ووسائل راحة وفيرة.
pages,12–16 Guests · ~12h+,12–16 passagers · ~12 h et plus,12–16 pasajeros · ~12 h o más,12–16 راكبًا · ~12 ساعة فأكثر
pages,Nonstop intercontinental travel.,Voyage intercontinental sans escale.,Viajes intercontinentales sin escalas.,سفر بين القارات دون توقف.
pages,"Figures are typical, not guaranteed. Passenger capacity, range, cabin configuration and operating suitability are confirmed against the specific aircraft allocated to each journey.","Les chiffres sont indicatifs et non garantis. La capacité en passagers, l’autonomie, la configuration de la cabine et l’adéquation opérationnelle sont confirmées pour l’appareil précis alloué à chaque voyage.","Las cifras son orientativas y no están garantizadas. La capacidad de pasajeros, el alcance, la configuración de cabina y la idoneidad operativa se confirman para la aeronave concreta asignada a cada viaje.",الأرقام تقريبية وغير مضمونة. تُؤكَّد سعة الركاب والمدى وتهيئة المقصورة وملاءمة التشغيل بحسب الطائرة المحددة المخصصة لكل رحلة.
pages,Pricing Structure,Structure tarifaire,Estructura de precios,هيكل التسعير
pages,"Prepaid Hours <span class=""x"">×</span> Hourly Transportation Fee","Heures prépayées <span class=""x"">×</span> Tarif horaire de transport","Horas prepagadas <span class=""x"">×</span> Tarifa horaria de transporte","الساعات المدفوعة مسبقًا <span class=""x"">×</span> الرسم الساعي للنقل"
pages,Prepaid Hours,Heures prépayées,Horas prepagadas,الساعات المدفوعة مسبقًا
pages,Hourly Transportation Fee,Tarif horaire de transport,Tarifa horaria de transporte,الرسم الساعي للنقل
pages,"Your programme is calculated around a prepaid number of flight hours and the agreed hourly fee for the aircraft category selected. Every quotation and statement is presented clearly, so you can see how each journey has been calculated before settlement.","Votre programme est calculé sur un nombre prépayé d’heures de vol et sur le tarif horaire convenu pour la catégorie d’appareil choisie. Chaque devis et chaque relevé est présenté clairement, afin que vous puissiez voir comment chaque voyage a été calculé avant le règlement.","Su programa se calcula a partir de un número prepagado de horas de vuelo y de la tarifa horaria acordada para la categoría de aeronave elegida. Cada presupuesto y cada extracto se presentan con claridad, para que pueda ver cómo se ha calculado cada viaje antes de abonarlo.",يُحتسب برنامجك على أساس عدد مدفوع مسبقًا من ساعات الطيران والرسم الساعي المتفق عليه لفئة الطائرة المختارة. يُعرض كل عرض سعر وكل كشف حساب بوضوح، لتتمكن من معرفة كيفية احتساب كل رحلة قبل التسوية.
pages,<strong>Prepaid Hours</strong> — your deposit secures capacity allocation and applicable pricing for twelve months.,<strong>Heures prépayées</strong> — votre dépôt garantit l’allocation de capacité et la tarification applicable pendant douze mois.,<strong>Horas prepagadas</strong>: su depósito asegura la asignación de capacidad y los precios aplicables durante doce meses.,<strong>الساعات المدفوعة مسبقًا</strong> — تضمن دفعتك المقدمة تخصيص السعة والتسعير المعمول به لمدة اثني عشر شهرًا.
pages,— your deposit secures capacity allocation and applicable pricing for twelve months.,— votre dépôt garantit l’allocation de capacité et la tarification applicable pendant douze mois.,— su depósito asegura la asignación de capacidad y los precios aplicables durante doce meses.,— تضمن دفعتك المقدمة تخصيص السعة والتسعير المعمول به لمدة اثني عشر شهرًا.
pages,"<strong>Actual Flight Time</strong> — measured take-off to landing, billed in one-tenth-hour increments.","<strong>Temps de vol réel</strong> — mesuré du décollage à l’atterrissage, facturé par incréments d’un dixième d’heure.",<strong>Tiempo de vuelo real</strong>: medido del despegue al aterrizaje y facturado en incrementos de una décima de hora.,<strong>زمن الطيران الفعلي</strong> — يُقاس من الإقلاع إلى الهبوط ويُحتسب بزيادات قدرها عُشر الساعة.
pages,Actual Flight Time,Temps de vol réel,Tiempo de vuelo real,زمن الطيران الفعلي
pages,"— measured take-off to landing, billed in one-tenth-hour increments.","— mesuré du décollage à l’atterrissage, facturé par incréments d’un dixième d’heure.",— medido del despegue al aterrizaje y facturado en incrementos de una décima de hora.,— يُقاس من الإقلاع إلى الهبوط ويُحتسب بزيادات قدرها عُشر الساعة.
pages,<strong>Minimum Segments</strong> — minimum flight-time rules may apply to protect operational efficiency.,<strong>Segments minimums</strong> — des règles de temps de vol minimum peuvent s’appliquer afin de préserver l’efficacité opérationnelle.,<strong>Segmentos mínimos</strong>: pueden aplicarse reglas de tiempo de vuelo mínimo para proteger la eficiencia operativa.,<strong>الحد الأدنى للمقاطع</strong> — قد تُطبَّق قواعد للحد الأدنى لزمن الطيران حمايةً للكفاءة التشغيلية.
pages,Minimum Segments,Segments minimums,Segmentos mínimos,الحد الأدنى للمقاطع
pages,— minimum flight-time rules may apply to protect operational efficiency.,— des règles de temps de vol minimum peuvent s’appliquer afin de préserver l’efficacité opérationnelle.,— pueden aplicarse reglas de tiempo de vuelo mínimo para proteger la eficiencia operativa.,— قد تُطبَّق قواعد للحد الأدنى لزمن الطيران حمايةً للكفاءة التشغيلية.
pages,"<strong>Additional Expenses</strong> — taxes, airport charges, permits and other operational costs are itemised separately.","<strong>Frais supplémentaires</strong> — taxes, redevances aéroportuaires, autorisations et autres coûts opérationnels sont détaillés séparément.","<strong>Gastos adicionales</strong>: los impuestos, las tasas aeroportuarias, los permisos y otros costes operativos se detallan por separado.",<strong>مصاريف إضافية</strong> — تُفصَّل الضرائب ورسوم المطارات والتصاريح وسائر التكاليف التشغيلية بشكل منفصل.
pages,Additional Expenses,Frais supplémentaires,Gastos adicionales,مصاريف إضافية
pages,"— taxes, airport charges, permits and other operational costs are itemised separately.","— taxes, redevances aéroportuaires, autorisations et autres coûts opérationnels sont détaillés séparément.","— los impuestos, las tasas aeroportuarias, los permisos y otros costes operativos se detallan por separado.",— تُفصَّل الضرائب ورسوم المطارات والتصاريح وسائر التكاليف التشغيلية بشكل منفصل.
pages,Predictable Travel During Peak Periods,Des voyages prévisibles en périodes de pointe,Viajes predecibles en periodos de máxima demanda,سفر متوقَّع في فترات الذروة
pages,Demand rises sharply during major holidays and global events — the programme addresses this in advance.,La demande grimpe fortement pendant les grandes fêtes et les événements mondiaux — le programme l’anticipe.,La demanda se dispara en las grandes festividades y eventos globales: el programa lo contempla con antelación.,يرتفع الطلب بشدة خلال العطلات الكبرى والأحداث العالمية — ويعالج البرنامج ذلك مسبقًا.
pages,"Jettset publishes the programme calendar annually, including up to 25 Peak Travel Days, up to 10 Blackout Days, clearly defined Super Peak Event surcharges, and advance-notice requirements for designated high-demand periods — all set out ahead of time to support planning, availability and pricing clarity.","Jettset publie chaque année le calendrier du programme, comprenant jusqu’à 25 jours de pointe, jusqu’à 10 jours d’exclusion, des suppléments clairement définis pour les événements de super-pointe et des délais de préavis pour les périodes de forte demande désignées — le tout annoncé à l’avance pour faciliter la planification, la disponibilité et la clarté tarifaire.","Jettset publica cada año el calendario del programa, que incluye hasta 25 días de máxima demanda, hasta 10 días de exclusión, recargos claramente definidos para eventos de súper demanda y requisitos de preaviso para los periodos de alta demanda designados; todo ello se establece con antelación para favorecer la planificación, la disponibilidad y la claridad de precios.",تنشر Jettset سنويًا تقويم البرنامج، ويشمل ما يصل إلى 25 يوم ذروة، وما يصل إلى 10 أيام حظر، ورسومًا إضافية محددة بوضوح لأحداث الذروة القصوى، ومتطلبات إشعار مسبق لفترات الطلب المرتفع المحددة — وكلها تُعلَن مسبقًا لدعم التخطيط والتوفر ووضوح الأسعار.
pages,Dedicated Aviation Support,Assistance aéronautique dédiée,Asistencia aeronáutica dedicada,دعم طيران مخصص
pages,One Team. Every Movement Accounted For.,Une seule équipe. Chaque mouvement pris en charge.,Un solo equipo. Cada movimiento cubierto.,فريق واحد. كل حركة تحت المتابعة.
pages,24/7 global flight support.,Assistance vol mondiale 24 h/24 et 7 j/7.,Asistencia de vuelo global 24/7.,دعم الرحلات عالميًا على مدار الساعة.
pages,Real-time itinerary coordination.,Coordination de l’itinéraire en temps réel.,Coordinación del itinerario en tiempo real.,تنسيق خط السير في الوقت الفعلي.
pages,Proactive slot and permit management.,Gestion proactive des créneaux et des autorisations.,Gestión proactiva de franjas horarias y permisos.,إدارة استباقية للأوقات المخصصة (السلوت) والتصاريح.
pages,Clear trip confirmations and end-to-end flight oversight.,Confirmations de voyage claires et supervision du vol de bout en bout.,Confirmaciones de viaje claras y supervisión del vuelo de principio a fin.,تأكيدات رحلة واضحة وإشراف على الرحلة من البداية إلى النهاية.
pages,"The aircraft is only one part of the journey. Chauffeur transfers, villas, dining, events and complex destination requests can be arranged through <a href=""concierge.html"" style=""color:var(--gold);text-decoration:underline;"">Jettset Concierge</a>, quoted separately where applicable.","L’appareil n’est qu’une partie du voyage. Transferts avec chauffeur, villas, restaurants, événements et demandes complexes à destination peuvent être organisés par <a href=""concierge.html"" style=""color:var(--gold);text-decoration:underline;"">Jettset Concierge</a>, avec un devis distinct le cas échéant.","La aeronave es solo una parte del viaje. Los traslados con chófer, villas, restaurantes, eventos y solicitudes complejas en destino pueden gestionarse a través de <a href=""concierge.html"" style=""color:var(--gold);text-decoration:underline;"">Jettset Concierge</a>, con presupuesto aparte cuando proceda.","الطائرة ليست سوى جزء من الرحلة. يمكن ترتيب التنقلات بسائق والفلل والمطاعم والفعاليات والطلبات المعقدة في الوجهة عبر <a href=""concierge.html"" style=""color:var(--gold);text-decoration:underline;"">Jettset Concierge</a>، ويُقدَّم لها عرض سعر منفصل عند الاقتضاء."
pages,"The aircraft is only one part of the journey. Chauffeur transfers, villas, dining, events and complex destination requests can be arranged through","L’appareil n’est qu’une partie du voyage. Transferts avec chauffeur, villas, restaurants, événements et demandes complexes à destination peuvent être organisés par","La aeronave es solo una parte del viaje. Los traslados con chófer, villas, restaurantes, eventos y solicitudes complejas en destino pueden gestionarse a través de",الطائرة ليست سوى جزء من الرحلة. يمكن ترتيب التنقلات بسائق والفلل والمطاعم والفعاليات والطلبات المعقدة في الوجهة عبر
pages,", quoted separately where applicable.",", avec un devis distinct le cas échéant.",", con presupuesto aparte cuando proceda.",، ويُقدَّم لها عرض سعر منفصل عند الاقتضاء.
pages,A Trusted Global Operator Network,Un réseau d’opérateurs mondiaux de confiance,Una red global de operadores de confianza,شبكة عالمية موثوقة من المشغّلين
pages,"Operators engaged for Jet Card journeys are required to hold a valid Air Operator Certificate, comply with relevant aviation regulations, carry appropriate insurance, and remain subject to ongoing operational review. Operational responsibility remains with the licensed aircraft operator conducting the flight.","Les opérateurs mobilisés pour les voyages Jet Card doivent détenir un certificat de transporteur aérien (AOC) valide, respecter la réglementation aérienne applicable, souscrire une assurance appropriée et rester soumis à un contrôle opérationnel continu. La responsabilité opérationnelle incombe à l’exploitant agréé qui effectue le vol.","Los operadores contratados para los viajes con Jet Card deben contar con un certificado de operador aéreo (AOC) válido, cumplir la normativa aeronáutica pertinente, tener un seguro adecuado y estar sujetos a revisión operativa continua. La responsabilidad operativa recae en el operador autorizado que realiza el vuelo.",يجب أن يحمل المشغّلون المكلَّفون برحلات Jet Card شهادة مشغّل جوي (AOC) سارية، وأن يمتثلوا للأنظمة الجوية ذات الصلة، وأن يحملوا تأمينًا مناسبًا، وأن يخضعوا لمراجعة تشغيلية مستمرة. وتبقى المسؤولية التشغيلية على عاتق المشغّل المرخّص الذي ينفّذ الرحلة.
pages,Designed For,Conçue pour,Diseñada para,مصمَّمة لـ
pages,Is Jet Card Right For You,La Jet Card est-elle faite pour vous ?,¿Es la Jet Card adecuada para usted?,هل تناسبك Jet Card؟
pages,"You fly privately on a recurring basis, typically between 25 and 75 hours each year.","Vous voyagez régulièrement en jet privé, généralement entre 25 et 75 heures par an.","Vuela en privado de forma recurrente, normalmente entre 25 y 75 horas al año.",تسافر بالطيران الخاص بشكل متكرر، عادةً بين 25 و75 ساعة سنويًا.
pages,You value agreed pricing and capacity planning over the uncertainty of ad-hoc charter.,Vous préférez une tarification convenue et une capacité planifiée à l’incertitude d’un affrètement ponctuel.,Valora más los precios acordados y la planificación de capacidad que la incertidumbre del chárter puntual.,تفضّل التسعير المتفق عليه وتخطيط السعة على عدم اليقين في التأجير الفوري.
pages,You want access to multiple aircraft categories without the capital commitment of ownership.,Vous voulez accéder à plusieurs catégories d’appareils sans l’engagement financier d’une propriété.,Quiere acceder a varias categorías de aeronaves sin el compromiso de capital de la propiedad.,تريد الوصول إلى عدة فئات من الطائرات دون الالتزام برأس المال الذي تتطلبه الملكية.
pages,"You travel regularly within Europe, the United States or the Middle East.","Vous voyagez régulièrement en Europe, aux États-Unis ou au Moyen-Orient.","Viaja con regularidad por Europa, Estados Unidos u Oriente Medio.",تسافر بانتظام داخل أوروبا أو الولايات المتحدة أو الشرق الأوسط.
pages,You want a dedicated aviation team that understands your preferences from one journey to the next.,Vous souhaitez une équipe aéronautique dédiée qui comprend vos préférences d’un voyage à l’autre.,Desea un equipo de aviación dedicado que entienda sus preferencias de un viaje a otro.,تريد فريق طيران مخصصًا يفهم تفضيلاتك من رحلة إلى أخرى.
pages,"If your flying pattern is occasional, highly irregular or route-specific, on-demand <a href=""charter.html"" style=""color:var(--gold);text-decoration:underline;"">Charter</a> may be the more natural fit. Our team will recommend the structure that genuinely suits the way you travel.","Si vos vols sont occasionnels, très irréguliers ou propres à un itinéraire, l’<a href=""charter.html"" style=""color:var(--gold);text-decoration:underline;"">affrètement</a> à la demande peut être plus adapté. Notre équipe vous recommandera la formule qui correspond réellement à votre façon de voyager.","Si sus vuelos son ocasionales, muy irregulares o específicos de una ruta, el <a href=""charter.html"" style=""color:var(--gold);text-decoration:underline;"">chárter</a> bajo demanda puede ser la opción más natural. Nuestro equipo le recomendará la estructura que realmente se ajuste a su manera de viajar.","إذا كان نمط طيرانك عرضيًا أو غير منتظم أو مرتبطًا بمسار محدد، فقد يكون <a href=""charter.html"" style=""color:var(--gold);text-decoration:underline;"">التأجير</a> عند الطلب الخيار الأنسب. وسيوصي فريقنا بالصيغة التي تناسب فعلًا طريقة سفرك."
pages,"If your flying pattern is occasional, highly irregular or route-specific, on-demand","Si vos vols sont occasionnels, très irréguliers ou propres à un itinéraire, l’","Si sus vuelos son ocasionales, muy irregulares o específicos de una ruta, el",إذا كان نمط طيرانك عرضيًا أو غير منتظم أو مرتبطًا بمسار محدد، فقد يكون
pages,may be the more natural fit. Our team will recommend the structure that genuinely suits the way you travel., à la demande peut être plus adapté. Notre équipe vous recommandera la formule qui correspond réellement à votre façon de voyager.,bajo demanda puede ser la opción más natural. Nuestro equipo le recomendará la estructura que realmente se ajuste a su manera de viajar.,عند الطلب الخيار الأنسب. وسيوصي فريقنا بالصيغة التي تناسب فعلًا طريقة سفرك.
pages,Settlement,Règlement,Liquidación,التسوية
pages,"Prepaid hours may be settled by traditional bank transfer or, where available, in cryptocurrency through our secure payment partner, MoonPay.","Les heures prépayées peuvent être réglées par virement bancaire classique ou, lorsque cela est possible, en cryptomonnaie via notre partenaire de paiement sécurisé, MoonPay.","Las horas prepagadas pueden abonarse mediante transferencia bancaria tradicional o, cuando esté disponible, en criptomoneda a través de nuestro socio de pago seguro, MoonPay.",يمكن تسوية الساعات المدفوعة مسبقًا بحوالة مصرفية تقليدية أو، عند التوفر، بالعملات المشفّرة عبر شريكنا الآمن للدفع، MoonPay.
pages,Bitcoin · Ethereum · Major Currencies · Traditional Transfer,Bitcoin · Ethereum · Principales devises · Virement classique,Bitcoin · Ethereum · Principales divisas · Transferencia tradicional,بيتكوين · إيثيريوم · العملات الرئيسية · حوالة تقليدية
pages,"Share your anticipated annual flying pattern and a member of our team will recommend a structure tailored to your routes, preferred aircraft categories and expected hours — with complete pricing transparency from the outset.","Indiquez-nous votre profil de vol annuel prévu : un membre de notre équipe vous recommandera une formule adaptée à vos itinéraires, aux catégories d’appareils souhaitées et au nombre d’heures attendu — en toute transparence tarifaire dès le départ.","Cuéntenos su patrón de vuelo anual previsto y un miembro de nuestro equipo le recomendará una estructura adaptada a sus rutas, a las categorías de aeronave preferidas y a las horas previstas, con total transparencia de precios desde el principio.",شاركنا نمط طيرانك السنوي المتوقع وسيوصي أحد أعضاء فريقنا بصيغة تناسب مساراتك وفئات الطائرات المفضلة لديك والساعات المتوقعة — مع شفافية كاملة في التسعير منذ البداية.
pages,"<span>© 2026 Jettset Global</span> <span><a href=""privacy.html"">Privacy</a> &nbsp;·&nbsp; <a href=""terms.html"">Terms</a> &nbsp;·&nbsp; <a href=""trust.html"">Trust</a></span>","<span>© 2026 Jettset Global</span> <span><a href=""privacy.html"">Confidentialité</a> &nbsp;·&nbsp; <a href=""terms.html"">Conditions</a> &nbsp;·&nbsp; <a href=""trust.html"">Confiance</a></span>","<span>© 2026 Jettset Global</span> <span><a href=""privacy.html"">Privacidad</a> &nbsp;·&nbsp; <a href=""terms.html"">Términos</a> &nbsp;·&nbsp; <a href=""trust.html"">Confianza</a></span>","<span>© 2026 Jettset Global</span> <span><a href=""privacy.html"">الخصوصية</a> &nbsp;·&nbsp; <a href=""terms.html"">الشروط</a> &nbsp;·&nbsp; <a href=""trust.html"">الثقة</a></span>"
pages,"<a href=""privacy.html"">Privacy</a> &nbsp;·&nbsp; <a href=""terms.html"">Terms</a> &nbsp;·&nbsp; <a href=""trust.html"">Trust</a>","<a href=""privacy.html"">Confidentialité</a> &nbsp;·&nbsp; <a href=""terms.html"">Conditions</a> &nbsp;·&nbsp; <a href=""trust.html"">Confiance</a>","<a href=""privacy.html"">Privacidad</a> &nbsp;·&nbsp; <a href=""terms.html"">Términos</a> &nbsp;·&nbsp; <a href=""trust.html"">Confianza</a>","<a href=""privacy.html"">الخصوصية</a> &nbsp;·&nbsp; <a href=""terms.html"">الشروط</a> &nbsp;·&nbsp; <a href=""trust.html"">الثقة</a>"
pages,Jet Card | Jettset Global,Jet Card | Jettset Global,Jet Card | Jettset Global,Jet Card | Jettset Global
pages,"Guaranteed access with fixed-rate clarity. No surge, no surprises — the Jettset Jet Card.","Un accès garanti avec la clarté d’un tarif fixe. Pas de flambée, pas de mauvaise surprise — la Jettset Jet Card.",Acceso garantizado con la claridad de una tarifa fija. Sin subidas ni sorpresas: la Jettset Jet Card.,وصول مضمون بوضوح سعر ثابت. لا ارتفاعات ولا مفاجآت — إنها Jettset Jet Card.
pages,"<a href=""charter.html"" class="""" id=""navCharter"">Charter</a> <a href=""jet-card.html"" class="""" id=""navJetcard"">Jet Card</a> <a href=""/aviation-wellness"" class="""" id=""navAviationWellness"">Aviation Wellness</a>","<a href=""charter.html"" class="""" id=""navCharter"">Affrètement</a> <a href=""jet-card.html"" class="""" id=""navJetcard"">Jet Card</a> <a href=""/aviation-wellness"" class="""" id=""navAviationWellness"">Aviation Wellness</a>","<a href=""charter.html"" class="""" id=""navCharter"">Chárter</a> <a href=""jet-card.html"" class="""" id=""navJetcard"">Jet Card</a> <a href=""/aviation-wellness"" class="""" id=""navAviationWellness"">Aviation Wellness</a>","<a href=""charter.html"" class="""" id=""navCharter"">تأجير الطائرات</a> <a href=""jet-card.html"" class="""" id=""navJetcard"">Jet Card</a> <a href=""/aviation-wellness"" class="""" id=""navAviationWellness"">Aviation Wellness</a>"
pages,Who We Are,Qui nous sommes,Quiénes somos,من نحن
pages,"Macro shot of raised white embroidery, the Jettset wordmark and logo on a black cap, Jettset Global Editions capsule lifestyle collection","Gros plan sur une broderie blanche en relief, le logotype et le logo Jettset sur une casquette noire — collection capsule lifestyle Jettset Global Editions","Plano macro de un bordado blanco en relieve, el logotipo y el símbolo de Jettset en una gorra negra: colección cápsula de estilo de vida Jettset Global Editions",لقطة مقرّبة لتطريز أبيض بارز، شعار Jettset ورمزه على قبعة سوداء — مجموعة كبسولة أسلوب الحياة Jettset Global Editions
pages,"Available By Invitation, Soon","Sur invitation, bientôt","Por invitación, próximamente",بالدعوة فقط، قريبًا
pages,"Not merchandise. Artefacts from the House of Jettset — created in limited capsules, placed quietly within our circle, and designed to be lived in rather than simply owned.","Pas de produits dérivés. Des objets issus de la Maison Jettset — créés en capsules limitées, confiés discrètement à notre cercle et conçus pour être vécus plutôt que simplement possédés.","No es merchandising. Son piezas de la Casa Jettset, creadas en cápsulas limitadas, entregadas con discreción a nuestro círculo y concebidas para vivirse, no solo para poseerse.",ليست سلعًا ترويجية، بل قطع من دار Jettset — تُصنع في كبسولات محدودة وتُسلَّم بهدوء إلى دائرتنا، وصُمّمت لتُعاش لا لتُقتنى فحسب.
pages,The Capsule,La capsule,La cápsula,الكبسولة
pages,"Made To Be Earned, Not Simply Bought","Faits pour se mériter, pas simplement s’acheter","Hechas para ganárselas, no solo para comprarlas",صُنعت لتُستحق لا لتُشترى فحسب
pages,"Editions begins in strict black and white. Heavyweight materials, restrained branding and details that reveal themselves slowly — closer to premium apparel and considered travel goods than corporate gifting. The purpose isn't to place a logo on more objects. It's a small number of pieces that feel unmistakably part of the House. Once a capsule is complete, it's complete.","Editions commence en noir et blanc strict. Des matières épaisses, un marquage discret et des détails qui se révèlent lentement — plus proche du prêt-à-porter haut de gamme et de la maroquinerie de voyage que du cadeau d’entreprise. Le but n’est pas d’apposer un logo sur davantage d’objets, mais de proposer un petit nombre de pièces qui appartiennent sans équivoque à la Maison. Une fois une capsule terminée, elle est terminée.","Editions comienza en un estricto blanco y negro. Materiales de gran gramaje, marca discreta y detalles que se revelan poco a poco: más cerca de la ropa premium y los artículos de viaje cuidados que del regalo corporativo. El propósito no es poner un logotipo en más objetos, sino ofrecer un número reducido de piezas que se sientan inconfundiblemente parte de la Casa. Cuando una cápsula está completa, está completa.",تبدأ Editions بالأبيض والأسود الصارمين. خامات ثقيلة وعلامة تجارية مُتحفّظة وتفاصيل تنكشف ببطء — أقرب إلى الملابس الفاخرة وأدوات السفر المدروسة منها إلى الهدايا المؤسسية. والغاية ليست وضع شعار على مزيد من الأشياء، بل تقديم عدد قليل من القطع تبدو بوضوح جزءًا من الدار. وحين تكتمل الكبسولة، فقد اكتملت.
pages,The Signature Piece,La pièce signature,La pieza insignia,القطعة المميّزة
pages,"The Cap, From Every Angle","La casquette, sous tous les angles","La gorra, desde todos los ángulos",القبعة من كل الزوايا
pages,Capsule 01,Capsule 01,Cápsula 01,الكبسولة 01
pages,Heavyweight Tee,T-shirt épais,Camiseta de gramaje pesado,قميص بخامة ثقيلة
pages,The Full Capsule,La capsule complète,La cápsula completa,الكبسولة كاملة
pages,Five Pieces. One Standard.,Cinq pièces. Une seule exigence.,Cinco piezas. Un solo estándar.,خمس قطع. معيار واحد.
pages,"<span class=""item-name"">Premium Hoodie</span> <span class=""item-status"">Capsule 01</span>","<span class=""item-name"">Sweat à capuche premium</span> <span class=""item-status"">Capsule 01</span>","<span class=""item-name"">Sudadera con capucha premium</span> <span class=""item-status"">Cápsula 01</span>","<span class=""item-name"">هودي فاخر</span> <span class=""item-status"">الكبسولة 01</span>"
pages,Premium Hoodie,Sweat à capuche premium,Sudadera con capucha premium,هودي فاخر
pages,"<span class=""item-name"">Flight Tag</span> <span class=""item-status"">Capsule 01</span>","<span class=""item-name"">Étiquette de vol</span> <span class=""item-status"">Capsule 01</span>","<span class=""item-name"">Etiqueta de vuelo</span> <span class=""item-status"">Cápsula 01</span>","<span class=""item-name"">بطاقة الرحلة</span> <span class=""item-status"">الكبسولة 01</span>"
pages,Flight Tag,Étiquette de vol,Etiqueta de vuelo,بطاقة الرحلة
pages,"<span class=""item-name"">Travel Pouch</span> <span class=""item-status"">Capsule 01</span>","<span class=""item-name"">Pochette de voyage</span> <span class=""item-status"">Capsule 01</span>","<span class=""item-name"">Neceser de viaje</span> <span class=""item-status"">Cápsula 01</span>","<span class=""item-name"">حقيبة سفر صغيرة</span> <span class=""item-status"">الكبسولة 01</span>"
pages,Travel Pouch,Pochette de voyage,Neceser de viaje,حقيبة سفر صغيرة
pages,"<span class=""item-name"">Passport &amp; Document Holder</span> <span class=""item-status"">Capsule 01</span>","<span class=""item-name"">Porte-passeport et documents</span> <span class=""item-status"">Capsule 01</span>","<span class=""item-name"">Funda para pasaporte y documentos</span> <span class=""item-status"">Cápsula 01</span>","<span class=""item-name"">حافظة جواز السفر والمستندات</span> <span class=""item-status"">الكبسولة 01</span>"
pages,Passport & Document Holder,Porte-passeport et documents,Funda para pasaporte y documentos,حافظة جواز السفر والمستندات
pages,How Editions Moves,Comment circule Editions,Cómo se mueve Editions,كيف تنتقل Editions
pages,The Circle Sees It First,Le cercle les découvre en premier,El círculo las ve primero,الدائرة ترى القطع أولًا
pages,Seeded Privately,Confiées en toute discrétion,Entregadas en privado,تُسلَّم بخصوصية
pages,"The first pieces are placed with selected Jettset guests, members, collaborators and cultural figures connected to the House.","Les premières pièces sont confiées à des invités, membres, collaborateurs et personnalités culturelles de la Maison Jettset, sélectionnés.","Las primeras piezas se entregan a invitados, miembros, colaboradores y figuras culturales seleccionados vinculados a la Casa Jettset.",تُسلَّم القطع الأولى إلى نخبة مختارة من ضيوف Jettset وأعضائها والمتعاونين معها والشخصيات الثقافية المرتبطة بالدار.
pages,Member Access,Accès membres,Acceso para miembros,وصول الأعضاء
pages,Jettset members receive advance notice and priority access before any capsule is offered more widely.,Les membres Jettset sont prévenus à l’avance et bénéficient d’un accès prioritaire avant toute proposition plus large d’une capsule.,Los miembros de Jettset reciben aviso anticipado y acceso prioritario antes de que cualquier cápsula se ofrezca de forma más amplia.,يتلقى أعضاء Jettset إشعارًا مسبقًا وأولوية في الوصول قبل طرح أي كبسولة على نطاق أوسع.
pages,Limited Release,Édition limitée,Edición limitada,إصدار محدود
pages,"Where a public release follows, quantities remain intentionally restricted and never repeated by default.","Lorsqu’une sortie publique suit, les quantités restent volontairement restreintes et ne sont jamais reconduites par défaut.","Cuando hay un lanzamiento público, las cantidades siguen siendo limitadas a propósito y nunca se repiten por defecto.",عندما يتبع ذلك إصدار عام، تبقى الكميات محدودة عمدًا ولا تُعاد افتراضيًا.
pages,The Next Edition,La prochaine édition,La próxima edición,الإصدار القادم
pages,Each new capsule begins again with a fresh idea and the same standard of restraint.,"Chaque nouvelle capsule repart d’une idée neuve, avec la même exigence de retenue.",Cada nueva cápsula parte de una idea nueva y del mismo nivel de sobriedad.,تنطلق كل كبسولة جديدة من فكرة جديدة وبالمعيار نفسه من الاتزان.
pages,The Editions Standard,Le standard Editions,El estándar de Editions,معيار Editions
pages,Nothing Added Without Purpose,Rien d’ajouté sans raison,Nada sin propósito,لا شيء يُضاف بلا غاية
pages,Limited By Design,Limitée par conception,Limitada por diseño,محدودة بالتصميم
pages,Quantities are defined before release and kept intentionally small.,Les quantités sont définies avant la sortie et volontairement maintenues faibles.,Las cantidades se definen antes del lanzamiento y se mantienen reducidas a propósito.,تُحدَّد الكميات قبل الإصدار وتُبقى قليلة عمدًا.
pages,Built To Be Used,Conçue pour être utilisée,Hecha para usarse,صُنعت للاستخدام
pages,"Every piece must earn its place through function, wearability or relevance to the journey.","Chaque pièce doit mériter sa place par sa fonction, son porté ou sa pertinence pour le voyage.","Cada pieza debe ganarse su lugar por su función, su comodidad o su relación con el viaje.",يجب أن تستحق كل قطعة مكانها بوظيفتها أو سهولة ارتدائها أو صلتها بالرحلة.
pages,Quietly Recognisable,Discrètement reconnaissable,Discretamente reconocible,معروفة بهدوء
pages,Branding remains restrained. Recognition belongs to those who know the House.,Le marquage reste discret. La reconnaissance appartient à ceux qui connaissent la Maison.,La marca se mantiene discreta. El reconocimiento pertenece a quienes conocen la Casa.,تبقى العلامة التجارية متحفّظة. والتعرّف عليها لمن يعرف الدار.
pages,Culture Before Commerce,La culture avant le commerce,Cultura antes que comercio,الثقافة قبل التجارة
pages,"Editions exists to deepen the Jettset world, not to become a conventional merchandise line.","Editions existe pour enrichir l’univers Jettset, non pour devenir une ligne de produits dérivés classique.","Editions existe para enriquecer el mundo Jettset, no para convertirse en una línea convencional de merchandising.",وُجدت Editions لإثراء عالم Jettset، لا لتصبح خط سلع ترويجية تقليديًا.
pages,Scarcity is not a marketing tactic here. It's the point. Editions is seeded to those already moving with us before it is ever offered for sale.,"La rareté n’est pas ici une tactique marketing. C’est le principe même. Editions est d’abord confiée à ceux qui voyagent déjà avec nous, avant d’être proposée à la vente.","La escasez no es aquí una táctica de marketing. Es el sentido de todo. Editions se entrega primero a quienes ya se mueven con nosotros, antes de ofrecerse a la venta.",الندرة هنا ليست أسلوبًا تسويقيًا، بل هي الغاية. تُقدَّم Editions أولًا لمن يتحركون معنا بالفعل قبل أن تُعرض للبيع.
pages,Request Early Access,Demander un accès anticipé,Solicitar acceso anticipado,اطلب وصولًا مبكرًا
pages,Register your interest to receive advance notice when the next Jettset Edition is ready. Members and existing Jettset guests will be prioritised before any wider release.,Faites part de votre intérêt pour être prévenu(e) dès que la prochaine Jettset Edition sera prête. Les membres et les invités actuels de Jettset seront servis en priorité avant toute sortie plus large.,Manifieste su interés para recibir un aviso anticipado cuando la próxima Jettset Edition esté lista. Los miembros y los invitados actuales de Jettset tendrán prioridad antes de cualquier lanzamiento más amplio.,سجّل اهتمامك لتتلقى إشعارًا مسبقًا عند جاهزية إصدار Jettset القادم. وستكون الأولوية للأعضاء وضيوف Jettset الحاليين قبل أي طرح أوسع.
pages,Your full name,Votre nom complet,Su nombre completo,اسمك الكامل
pages,I agree to be contacted by Jettset about Editions releases and early access.,J’accepte que Jettset me contacte au sujet des sorties Editions et de l’accès anticipé.,Acepto que Jettset me contacte sobre los lanzamientos de Editions y el acceso anticipado.,أوافق على أن تتواصل معي Jettset بشأن إصدارات Editions والوصول المبكر.
pages,Register Interest,Manifester mon intérêt,Registrar mi interés,سجّل اهتمامي
pages,Subscribe On Substack,S’abonner sur Substack,Suscribirse en Substack,اشترك على Substack
pages,Editions | Jettset Global,Editions | Jettset Global,Editions | Jettset Global,Editions | Jettset Global
pages,"Limited capsule pieces — the Jettset brand, worn.","Des pièces de capsule en édition limitée — la marque Jettset, portée.","Piezas de cápsula en edición limitada: la marca Jettset, para llevar.",قطع كبسولة بإصدار محدود — علامة Jettset، تُرتدى.
pages,Jettset Global home,Accueil Jettset Global,Inicio de Jettset Global,الصفحة الرئيسية لـ Jettset Global
pages,"<a href=""/#culture-calendar"">The Global Culture Calendar</a> <span aria-hidden=""true"">/</span> <span>London</span>","<a href=""/#culture-calendar"">Le calendrier mondial de la culture</a> <span aria-hidden=""true"">/</span> <span>Londres</span>","<a href=""/#culture-calendar"">El Calendario Cultural Global</a> <span aria-hidden=""true"">/</span> <span>Londres</span>","<a href=""/#culture-calendar"">التقويم الثقافي العالمي</a> <span aria-hidden=""true"">/</span> <span>لندن</span>"
pages,The Global Culture Calendar,Le calendrier mondial de la culture,El Calendario Cultural Global,التقويم الثقافي العالمي
pages,London,Londres,Londres,لندن
pages,"<time datetime=""2026-10-14"">14–18 October 2026</time><br>London, United Kingdom · The Regent's Park","<time datetime=""2026-10-14"">14–18 octobre 2026</time><br>Londres, Royaume-Uni · The Regent’s Park","<time datetime=""2026-10-14"">14–18 de octubre de 2026</time><br>Londres, Reino Unido · The Regent’s Park","<time datetime=""2026-10-14"">14–18 أكتوبر 2026</time><br>لندن، المملكة المتحدة · The Regent’s Park"
pages,14–18 October 2026,14–18 octobre 2026,14–18 de octubre de 2026,14–18 أكتوبر 2026
pages,"London, United Kingdom · The Regent's Park","Londres, Royaume-Uni · The Regent’s Park","Londres, Reino Unido · The Regent’s Park",لندن، المملكة المتحدة · The Regent’s Park
pages,A Jettset guide to planning your journey to the fair.,Un guide Jettset pour préparer votre voyage jusqu’à la foire.,Una guía de Jettset para planificar su viaje a la feria.,دليل من Jettset لتخطيط رحلتك إلى المعرض.
pages,"A framed artwork and a vinyl record resting on a workbench in a dark studio, lit by evening light from a window","Une œuvre encadrée et un disque vinyle posés sur un établi dans un atelier sombre, éclairés par la lumière du soir qui entre par une fenêtre","Una obra enmarcada y un disco de vinilo sobre una mesa de trabajo en un estudio oscuro, iluminados por la luz del atardecer que entra por una ventana",عمل فني مؤطَّر وأسطوانة فينيل موضوعان على طاولة عمل في استوديو معتم، تضيئهما أشعة المساء من نافذة
pages,Jettset editorial image. It is not from the event.,Image éditoriale Jettset. Elle ne provient pas de l’événement.,Imagen editorial de Jettset. No procede del evento.,صورة تحريرية من Jettset. وهي ليست من الحدث.
pages,The week in context,La semaine en contexte,La semana en contexto,الأسبوع في سياقه
pages,"Frieze London takes place alongside Frieze Masters in The Regent's Park, and its days draw collectors, gallerists, artists and curators to the city together. Around the fair, private views, dinners and studio visits fill the calendar, so the shape of your trip often matters more than the fair itself.","Frieze London se tient aux côtés de Frieze Masters à The Regent’s Park ; ses journées réunissent dans la ville collectionneurs, galeristes, artistes et commissaires. Autour de la foire, vernissages privés, dîners et visites d’ateliers remplissent l’agenda : la forme de votre séjour compte souvent davantage que la foire elle-même.","Frieze London se celebra junto a Frieze Masters en The Regent’s Park, y sus jornadas reúnen en la ciudad a coleccionistas, galeristas, artistas y comisarios. En torno a la feria, las inauguraciones privadas, las cenas y las visitas a estudios llenan la agenda, de modo que el planteamiento del viaje suele importar más que la propia feria.",تُقام Frieze London إلى جانب Frieze Masters في The Regent’s Park، وتجمع أيامها في المدينة جامعي الأعمال الفنية وأصحاب المعارض والفنانين والقيّمين. وحول المعرض تمتلئ الأجندة بالافتتاحات الخاصة والعشاء وزيارات الاستوديوهات، لذا كثيرًا ما تكون صياغة رحلتك أهم من المعرض نفسه.
pages,"Hotels, cars and flight slots tend to tighten in a busy week like this one. If the fair anchors your plans, it helps to settle your dates and your arrival airport before the smaller details.","Hôtels, voitures et créneaux de vol ont tendance à se raréfier lors d’une semaine aussi chargée. Si la foire est au cœur de vos plans, mieux vaut arrêter vos dates et votre aéroport d’arrivée avant les détails.","Los hoteles, los coches y las franjas de vuelo tienden a agotarse en una semana tan intensa. Si la feria es el eje de sus planes, conviene fijar las fechas y el aeropuerto de llegada antes que los detalles menores.",تميل الفنادق والسيارات وأوقات الرحلات إلى النفاد في أسبوع مزدحم كهذا. وإذا كان المعرض محور خططك، فمن المفيد تثبيت تواريخك ومطار وصولك قبل التفاصيل الأصغر.
pages,Planning your journey,Préparer votre voyage,Planificar su viaje,تخطيط رحلتك
pages,Dates and venue,Dates et lieu,Fechas y sede,التواريخ والمكان
pages,"The organiser lists Frieze London and Frieze Masters for 14–18 October 2026 at The Regent's Park, London. Opening days, preview access and ticketing are set by Frieze, so confirm them on the official page before you travel.","L’organisateur annonce Frieze London et Frieze Masters du 14 au 18 octobre 2026 à The Regent’s Park, à Londres. Les jours d’ouverture, l’accès aux avant-premières et la billetterie sont fixés par Frieze : confirmez-les sur la page officielle avant de partir.","El organizador anuncia Frieze London y Frieze Masters del 14 al 18 de octubre de 2026 en The Regent’s Park, Londres. Los días de apertura, el acceso a las previsualizaciones y la venta de entradas los fija Frieze, así que confírmelos en la página oficial antes de viajar.",يُعلن المنظّم عن Frieze London وFrieze Masters من 14 إلى 18 أكتوبر 2026 في The Regent’s Park بلندن. تحدد Frieze أيام الافتتاح والدخول إلى المعاينات والتذاكر، فتأكد منها في الصفحة الرسمية قبل السفر.
pages,Choosing an airport,Choisir un aéroport,Elegir un aeropuerto,اختيار المطار
pages,"London is served by several airports that handle private flights, including London City, Farnborough, Biggin Hill, Luton and Stansted. The right one depends on your aircraft, your timing and where you are staying, and we confirm it when we plan your journey.","Londres est desservie par plusieurs aéroports qui accueillent les vols privés, dont London City, Farnborough, Biggin Hill, Luton et Stansted. Le bon choix dépend de votre appareil, de votre calendrier et de votre lieu de séjour ; nous le confirmons lors de la préparation de votre voyage.","Londres cuenta con varios aeropuertos que operan vuelos privados, entre ellos London City, Farnborough, Biggin Hill, Luton y Stansted. La elección adecuada depende de su aeronave, de sus horarios y de dónde se aloje, y la confirmamos al planificar su viaje.",تخدم لندن عدة مطارات تستقبل الرحلات الخاصة، منها لندن سيتي وفارنبره وبيغن هيل ولوتون وستانستد. ويعتمد الخيار الأنسب على طائرتك وتوقيتك ومكان إقامتك، ونؤكده عند تخطيط رحلتك.
pages,Before you travel,Avant de partir,Antes de viajar,قبل السفر
pages,Entry requirements depend on your nationality and where you are travelling from. Check the UK government's current guidance well ahead of your departure.,Les conditions d’entrée dépendent de votre nationalité et de votre point de départ. Consultez les indications actuelles du gouvernement britannique bien avant votre départ.,Los requisitos de entrada dependen de su nacionalidad y de dónde viaje. Consulte las indicaciones vigentes del Gobierno británico con mucha antelación a su salida.,تعتمد متطلبات الدخول على جنسيتك وعلى المكان الذي تسافر منه. راجع إرشادات الحكومة البريطانية الحالية قبل مغادرتك بوقت كافٍ.
pages,Airports we plan with for London,Aéroports avec lesquels nous travaillons pour Londres,Aeropuertos con los que planificamos para Londres,المطارات التي نخطط معها لرحلات لندن
pages,Official information,Informations officielles,Información oficial,المعلومات الرسمية
pages,"<strong>Designed for</strong> guests who charter repeatedly but don't need a fixed-hour Jet Card — founders, artists, athletes, families and executives whose schedules change quickly.","<strong>Conçu pour</strong> les invités qui affrètent régulièrement mais n’ont pas besoin d’une Jet Card à heures fixes — fondateurs, artistes, sportifs, familles et dirigeants dont les agendas changent vite.","<strong>Pensado para</strong> huéspedes que fletan de forma repetida pero no necesitan una Jet Card de horas fijas: fundadores, artistas, deportistas, familias y ejecutivos cuyas agendas cambian rápidamente.",<strong>مصمَّم لـ</strong> الضيوف الذين يستأجرون الطائرات بشكل متكرر دون حاجة إلى Jet Card بساعات ثابتة — مؤسسون وفنانون ورياضيون وعائلات وتنفيذيون تتغير جداولهم بسرعة.
pages,Designed for,Conçu pour,Pensado para,مصمَّم لـ
pages,"guests who charter repeatedly but don't need a fixed-hour Jet Card — founders, artists, athletes, families and executives whose schedules change quickly.","les invités qui affrètent régulièrement mais n’ont pas besoin d’une Jet Card à heures fixes — fondateurs, artistes, sportifs, familles et dirigeants dont les agendas changent vite.","huéspedes que fletan de forma repetida pero no necesitan una Jet Card de horas fijas: fundadores, artistas, deportistas, familias y ejecutivos cuyas agendas cambian rápidamente.",الضيوف الذين يستأجرون الطائرات بشكل متكرر دون حاجة إلى Jet Card بساعات ثابتة — مؤسسون وفنانون ورياضيون وعائلات وتنفيذيون تتغير جداولهم بسرعة.
pages,For Family Offices & EAs,Pour les family offices et les assistants de direction,Para family offices y asistentes ejecutivos,للمكاتب العائلية والمساعدين التنفيذيين
pages,Corporate Retainer,Contrat d’entreprise,Contrato corporativo (retainer),اتفاق الشركات (Retainer)
pages,A named account lead with ownership of the relationship,"Un responsable de compte nommé, garant de la relation","Un responsable de cuenta designado, titular de la relación",مسؤول حساب معيَّن يتولى العلاقة
pages,SLA-backed response and quoting standards,Des standards de réponse et de devis appuyés par un accord de niveau de service (SLA),Estándares de respuesta y presupuestos respaldados por un SLA,معايير استجابة وعروض أسعار مدعومة باتفاقية مستوى خدمة (SLA)
pages,Authorised-booker controls for assistants and offices,Contrôles des personnes autorisées à réserver pour les assistants et les bureaux,Controles de reservantes autorizados para asistentes y oficinas,ضوابط للمخوَّلين بالحجز للمساعدين والمكاتب
pages,Policy-aligned sourcing for boards and principals,Recherche conforme à la politique de voyage pour les conseils d’administration et les dirigeants,Búsqueda alineada con las políticas para consejos de administración y directivos,توريد متوافق مع السياسات لمجالس الإدارة والشخصيات الرئيسية
pages,Consolidated invoicing and clearer reporting,Facturation consolidée et reporting plus clair,Facturación consolidada y reportes más claros,فوترة موحّدة وتقارير أوضح
pages,Centralised traveller profiles and operational notes,Profils de voyageurs centralisés et notes opérationnelles,Perfiles de viajeros centralizados y notas operativas,ملفات مسافرين مركزية وملاحظات تشغيلية
pages,Priority escalation for short-notice or disrupted movement,Remontée prioritaire pour les déplacements urgents ou perturbés,Escalado prioritario para desplazamientos de última hora o interrumpidos,تصعيد ذو أولوية للتنقلات العاجلة أو المتعطلة
pages,"<strong>Designed for</strong> family offices, executive assistants, artist management and companies moving boards, executives or delegations who need discretion and clean administration.","<strong>Conçu pour</strong> les family offices, assistants de direction, agences de gestion d’artistes et entreprises qui déplacent des conseils d’administration, des dirigeants ou des délégations et ont besoin de discrétion et d’une administration rigoureuse.","<strong>Pensado para</strong> family offices, asistentes ejecutivos, representantes de artistas y empresas que mueven consejos de administración, directivos o delegaciones y necesitan discreción y una administración limpia.",<strong>مصمَّم لـ</strong> المكاتب العائلية والمساعدين التنفيذيين وإدارات الفنانين والشركات التي تنقل مجالس إدارة أو تنفيذيين أو وفودًا وتحتاج إلى التكتّم وإدارة نظيفة.
pages,"family offices, executive assistants, artist management and companies moving boards, executives or delegations who need discretion and clean administration.","les family offices, assistants de direction, agences de gestion d’artistes et entreprises qui déplacent des conseils d’administration, des dirigeants ou des délégations et ont besoin de discrétion et d’une administration rigoureuse.","family offices, asistentes ejecutivos, representantes de artistas y empresas que mueven consejos de administración, directivos o delegaciones y necesitan discreción y una administración limpia.",المكاتب العائلية والمساعدين التنفيذيين وإدارات الفنانين والشركات التي تنقل مجالس إدارة أو تنفيذيين أو وفودًا وتحتاج إلى التكتّم وإدارة نظيفة.
pages,How Club Works,Comment fonctionne Club,Cómo funciona Club,كيف يعمل Club
pages,A Relationship With Structure,Une relation structurée,Una relación con estructura,علاقة ذات بنية
pages,We begin with how you already move.,Nous partons de votre façon de voyager actuelle.,Partimos de cómo ya se mueve usted.,نبدأ من طريقة تنقلك الحالية.
pages,"Frequency, routes, travellers, decision-makers, notice periods and the support expected around each journey.","Fréquence, itinéraires, voyageurs, décideurs, délais de préavis et soutien attendu autour de chaque voyage.","Frecuencia, rutas, viajeros, responsables de decisión, plazos de preaviso y el apoyo esperado en torno a cada viaje.",التكرار والمسارات والمسافرون وصنّاع القرار وفترات الإشعار والدعم المتوقع حول كل رحلة.
pages,We recommend the right relationship.,Nous recommandons la bonne relation.,Recomendamos la relación adecuada.,نوصي بالعلاقة المناسبة.
pages,"Deposit Wallet Membership for an individual guest, or Corporate Retainer for an office-led account.","Deposit Wallet Membership pour un invité individuel, ou Corporate Retainer pour un compte piloté par un bureau.",Deposit Wallet Membership para un huésped individual o Corporate Retainer para una cuenta gestionada desde una oficina.,Deposit Wallet Membership للضيف الفرد، أو Corporate Retainer للحساب الذي يديره مكتب.
pages,Structure is agreed before activation.,La structure est convenue avant l’activation.,La estructura se acuerda antes de la activación.,تُتفق البنية قبل التفعيل.
pages,"Commercial terms, authorised contacts, response standards and account procedures, confirmed clearly.","Conditions commerciales, contacts autorisés, standards de réponse et procédures de compte, confirmés clairement.","Condiciones comerciales, contactos autorizados, estándares de respuesta y procedimientos de cuenta, confirmados con claridad.",الشروط التجارية وجهات الاتصال المخوَّلة ومعايير الاستجابة وإجراءات الحساب، تُؤكَّد بوضوح.
pages,Your profile is established.,Votre profil est établi.,Se establece su perfil.,يُنشأ ملفك.
pages,"Preferences, permissions and communication requirements, ready to carry forward.","Préférences, autorisations et exigences de communication, prêtes à être reportées.","Preferencias, permisos y requisitos de comunicación, listos para mantenerse.",التفضيلات والصلاحيات ومتطلبات التواصل، جاهزة للاستمرار.
pages,Every enquiry enters an existing relationship.,Chaque demande s’inscrit dans une relation existante.,Cada consulta se integra en una relación existente.,كل استفسار يدخل ضمن علاقة قائمة.
pages,Not beginning again — continuing.,On ne recommence pas — on poursuit.,No se empieza de nuevo: se continúa.,لا نبدأ من جديد — بل نواصل.
pages,Choosing The Right Structure,Choisir la bonne structure,Elegir la estructura adecuada,اختيار البنية المناسبة
pages,"Club, Charter Or Jet Card?","Club, affrètement ou Jet Card ?","¿Club, chárter o Jet Card?",Club أم التأجير أم Jet Card؟
pages,Each solves a different need. They can also work together.,Chacune répond à un besoin différent. Elles peuvent aussi fonctionner ensemble.,Cada una resuelve una necesidad distinta. También pueden funcionar juntas.,كل منها يلبي حاجة مختلفة. ويمكن أن تعمل معًا أيضًا.
pages,<span></span><span>Charter</span><span>Jet Card</span><span>Club</span>,<span></span><span>Affrètement</span><span>Jet Card</span><span>Club</span>,<span></span><span>Chárter</span><span>Jet Card</span><span>Club</span>,<span></span><span>التأجير</span><span>Jet Card</span><span>Club</span>
pages,<span>Best for</span><span>Individual journeys and changing requirements.</span><span>Regular flyers who want prepaid hours and pricing structure.</span><span>Returning guests or offices who want continuity and account structure.</span>,<span>Idéal pour</span><span>Les voyages individuels et les besoins changeants.</span><span>Les voyageurs réguliers qui veulent des heures prépayées et une tarification structurée.</span><span>Les invités ou bureaux fidèles qui veulent de la continuité et une structure de compte.</span>,<span>Ideal para</span><span>Viajes individuales y necesidades cambiantes.</span><span>Viajeros habituales que quieren horas prepagadas y estructura de precios.</span><span>Huéspedes u oficinas habituales que buscan continuidad y estructura de cuenta.</span>,<span>الأنسب لـ</span><span>الرحلات الفردية والاحتياجات المتغيرة.</span><span>المسافرون الدائمون الذين يريدون ساعات مدفوعة مسبقًا وبنية تسعير.</span><span>الضيوف أو المكاتب العائدون الذين يريدون الاستمرارية وبنية حساب.</span>
pages,Individual journeys and changing requirements.,Les voyages individuels et les besoins changeants.,Viajes individuales y necesidades cambiantes.,الرحلات الفردية والاحتياجات المتغيرة.
pages,Regular flyers who want prepaid hours and pricing structure.,Les voyageurs réguliers qui veulent des heures prépayées et une tarification structurée.,Viajeros habituales que quieren horas prepagadas y estructura de precios.,المسافرون الدائمون الذين يريدون ساعات مدفوعة مسبقًا وبنية تسعير.
pages,Returning guests or offices who want continuity and account structure.,Les invités ou bureaux fidèles qui veulent de la continuité et une structure de compte.,Huéspedes u oficinas habituales que buscan continuidad y estructura de cuenta.,الضيوف أو المكاتب العائدون الذين يريدون الاستمرارية وبنية حساب.
pages,"<span>The value</span><span>Maximum flexibility, sourced around each itinerary.</span><span>Greater certainty across a defined annual flying pattern.</span><span>A relationship that remembers, responds and coordinates more efficiently.</span>","<span>La valeur</span><span>Une flexibilité maximale, adaptée à chaque itinéraire.</span><span>Davantage de certitude sur un profil de vol annuel défini.</span><span>Une relation qui se souvient, répond et coordonne plus efficacement.</span>","<span>El valor</span><span>Máxima flexibilidad, adaptada a cada itinerario.</span><span>Mayor certeza en torno a un patrón de vuelo anual definido.</span><span>Una relación que recuerda, responde y coordina con más eficiencia.</span>",<span>القيمة</span><span>أقصى مرونة، تُؤمَّن حول كل خط سير.</span><span>يقين أكبر ضمن نمط طيران سنوي محدد.</span><span>علاقة تتذكر وتستجيب وتنسّق بكفاءة أكبر.</span>
pages,The value,La valeur,El valor,القيمة
pages,"Maximum flexibility, sourced around each itinerary.","Une flexibilité maximale, adaptée à chaque itinéraire.","Máxima flexibilidad, adaptada a cada itinerario.",أقصى مرونة، تُؤمَّن حول كل خط سير.
pages,Greater certainty across a defined annual flying pattern.,Davantage de certitude sur un profil de vol annuel défini.,Mayor certeza en torno a un patrón de vuelo anual definido.,يقين أكبر ضمن نمط طيران سنوي محدد.
pages,"A relationship that remembers, responds and coordinates more efficiently.","Une relation qui se souvient, répond et coordonne plus efficacement.","Una relación que recuerda, responde y coordina con más eficiencia.",علاقة تتذكر وتستجيب وتنسّق بكفاءة أكبر.
pages,"<span>Works with</span><span>Concierge and ground services as required.</span><span>Club may sit around the Jet Card relationship.</span><span>Charter, Jet Card, Concierge and office-led travel.</span>","<span>Fonctionne avec</span><span>La conciergerie et les services au sol selon les besoins.</span><span>Club peut s’articuler autour de la relation Jet Card.</span><span>Affrètement, Jet Card, conciergerie et voyages pilotés par un bureau.</span>","<span>Funciona con</span><span>Conserjería y servicios en tierra según se necesite.</span><span>Club puede integrarse en torno a la relación Jet Card.</span><span>Chárter, Jet Card, conserjería y viajes gestionados desde una oficina.</span>",<span>يعمل مع</span><span>الكونسيرج والخدمات الأرضية عند الحاجة.</span><span>يمكن أن يحيط Club بعلاقة Jet Card.</span><span>التأجير وJet Card والكونسيرج والسفر الذي يديره مكتب.</span>
pages,Works with,Fonctionne avec,Funciona con,يعمل مع
pages,Concierge and ground services as required.,La conciergerie et les services au sol selon les besoins.,Conserjería y servicios en tierra según se necesite.,الكونسيرج والخدمات الأرضية عند الحاجة.
pages,Club may sit around the Jet Card relationship.,Club peut s’articuler autour de la relation Jet Card.,Club puede integrarse en torno a la relación Jet Card.,يمكن أن يحيط Club بعلاقة Jet Card.
pages,"Charter, Jet Card, Concierge and office-led travel.","Affrètement, Jet Card, conciergerie et voyages pilotés par un bureau.","Chárter, Jet Card, conserjería y viajes gestionados desde una oficina.",التأجير وJet Card والكونسيرج والسفر الذي يديره مكتب.
pages,"Club is not built around points, status symbols or artificial tiers. Its value is practical: a team that already knows the relationship, an account that's ready to move, and a standard that doesn't need renegotiating every time. Club exists to deepen a relationship already built on trust — it is not where the relationship begins. Most guests join after their first journey with us, not before.","Club n’est pas bâti sur des points, des symboles de statut ou des niveaux artificiels. Sa valeur est pratique : une équipe qui connaît déjà la relation, un compte prêt à agir, et un standard qu’il n’est pas nécessaire de renégocier à chaque fois. Club existe pour approfondir une relation déjà fondée sur la confiance — ce n’est pas là que la relation commence. La plupart des invités le rejoignent après leur premier voyage avec nous, pas avant.","Club no se basa en puntos, símbolos de estatus ni niveles artificiales. Su valor es práctico: un equipo que ya conoce la relación, una cuenta lista para actuar y un estándar que no hay que renegociar cada vez. Club existe para profundizar una relación ya construida sobre la confianza; no es donde esa relación comienza. La mayoría de los huéspedes se une después de su primer viaje con nosotros, no antes.",لا يقوم Club على النقاط أو رموز المكانة أو المستويات المصطنعة. وقيمته عملية: فريق يعرف العلاقة أصلًا، وحساب جاهز للتحرك، ومعيار لا يحتاج إلى إعادة التفاوض في كل مرة. يوجد Club ليعمّق علاقة بُنيت أصلًا على الثقة — وليس هو المكان الذي تبدأ منه العلاقة. ينضم معظم الضيوف بعد رحلتهم الأولى معنا لا قبلها.
pages,Enquire About Club,S’informer sur Club,Consultar sobre Club,استفسر عن Club
pages,"Tell us how you move — as an individual guest, or on behalf of an office — and we'll recommend the structure that best fits your travel pattern and expectations.",Dites-nous comment vous voyagez — en tant qu’invité individuel ou pour le compte d’un bureau — et nous recommanderons la structure la mieux adaptée à vos habitudes et à vos attentes.,"Cuéntenos cómo se mueve, como huésped individual o en nombre de una oficina, y le recomendaremos la estructura que mejor se ajuste a su patrón de viaje y a sus expectativas.",أخبرنا كيف تتنقل — كضيف فرد أو نيابةً عن مكتب — وسنوصي بالبنية الأنسب لنمط سفرك وتوقعاتك.
pages,Tell Us How You Move,Dites-nous comment vous voyagez,Cuéntenos cómo se mueve,أخبرنا كيف تتنقل
pages,Club | Jettset Global,Club | Jettset Global,Club | Jettset Global,Club | Jettset Global
pages,Membership access built for guests who move often and expect the world to move with them.,Un accès par adhésion conçu pour les invités qui voyagent souvent et attendent que le monde se déplace avec eux.,Acceso por membresía creado para huéspedes que viajan a menudo y esperan que el mundo se mueva con ellos.,وصول بالعضوية مصمَّم للضيوف الذين يتنقلون كثيرًا ويتوقعون أن يتحرك العالم معهم.
pages,"Close-up of a Bombardier Challenger 350 cockpit window and metal trim, Jettset Global aviation advisory and aircraft ownership experience","Gros plan sur la vitre du cockpit et les finitions métalliques d’un Bombardier Challenger 350, expérience de conseil en aviation et de propriété d’appareil Jettset Global","Primer plano de la ventanilla de cabina de mando y los acabados metálicos de un Bombardier Challenger 350, experiencia de asesoría aeronáutica y propiedad de aeronaves de Jettset Global",لقطة مقرّبة لنافذة قمرة القيادة والتشطيبات المعدنية في طائرة Bombardier Challenger 350، تجربة الاستشارات الجوية وملكية الطائرات من Jettset Global
pages,04 — Advisory,04 — Conseil,04 — Asesoría,04 — الاستشارات
pages,"Strategic counsel and project delivery for aircraft owners, operators, investors and institutions shaping the future of aviation.","Conseil stratégique et réalisation de projets pour les propriétaires d’appareils, opérateurs, investisseurs et institutions qui façonnent l’avenir de l’aviation.","Asesoramiento estratégico y ejecución de proyectos para propietarios de aeronaves, operadores, inversores e instituciones que dan forma al futuro de la aviación.",مشورة استراتيجية وتنفيذ مشاريع لمالكي الطائرات والمشغّلين والمستثمرين والمؤسسات التي تشكّل مستقبل الطيران.
pages,"Our work sits across two connected worlds: the owners who hold aviation assets, and the organisations that build, regulate and operate the systems around them. Every engagement is shaped around the project — where specialist legal, regulatory, financial or technical expertise is required, we assemble and coordinate the right accredited partners around it.","Notre travail se situe à la croisée de deux mondes connectés : les propriétaires qui détiennent des actifs aéronautiques, et les organisations qui construisent, réglementent et exploitent les systèmes qui les entourent. Chaque mission est façonnée autour du projet — lorsqu’une expertise juridique, réglementaire, financière ou technique spécialisée est requise, nous réunissons et coordonnons les bons partenaires accrédités.","Nuestro trabajo se sitúa entre dos mundos conectados: los propietarios que poseen activos aeronáuticos y las organizaciones que construyen, regulan y operan los sistemas que los rodean. Cada encargo se adapta al proyecto; cuando se requiere experiencia especializada en materia jurídica, regulatoria, financiera o técnica, reunimos y coordinamos a los socios acreditados adecuados.",يقع عملنا عبر عالمين مترابطين: المالكون الذين يحوزون أصولًا جوية، والمؤسسات التي تبني الأنظمة المحيطة بها وتنظّمها وتشغّلها. وتُصاغ كل مهمة حول المشروع — وحيثما تلزم خبرة قانونية أو تنظيمية أو مالية أو تقنية متخصصة، نجمع الشركاء المعتمدين المناسبين وننسّق معهم.
pages,For Aircraft Owners,Pour les propriétaires d’appareils,Para propietarios de aeronaves,لمالكي الطائرات
pages,The Ownership Suite,La suite propriétaire,La suite del propietario,حزمة المالك
pages,"A coordinated advisory relationship for owners seeking to acquire, position, operate or improve the performance of an aircraft asset.","Une relation de conseil coordonnée pour les propriétaires qui souhaitent acquérir, positionner, exploiter ou améliorer la performance d’un actif aéronautique.","Una relación de asesoramiento coordinada para propietarios que desean adquirir, posicionar, operar o mejorar el rendimiento de un activo aeronáutico.",علاقة استشارية منسَّقة للمالكين الذين يسعون إلى شراء أصل جوي أو تموضعه أو تشغيله أو تحسين أدائه.
pages,Acquisition & Resale,Acquisition et revente,Adquisición y reventa,الشراء وإعادة البيع
pages,Strategic Asset Sourcing,Recherche stratégique d’actifs,Búsqueda estratégica de activos,توريد استراتيجي للأصول
pages,"Market-led support across aircraft search, opportunity assessment, acquisition coordination, refurbishment strategy and resale positioning — approached through suitability, value and long-term exit.","Un accompagnement fondé sur le marché pour la recherche d’appareils, l’évaluation des opportunités, la coordination de l’acquisition, la stratégie de remise à neuf et le positionnement à la revente — abordé sous l’angle de l’adéquation, de la valeur et de la sortie à long terme.","Apoyo basado en el mercado en la búsqueda de aeronaves, la evaluación de oportunidades, la coordinación de la adquisición, la estrategia de renovación y el posicionamiento para la reventa, abordado desde la idoneidad, el valor y la salida a largo plazo.",دعم قائم على السوق في البحث عن الطائرات وتقييم الفرص وتنسيق الشراء واستراتيجية التجديد وتموضع إعادة البيع — يُعالَج من منظور الملاءمة والقيمة والخروج على المدى الطويل.
pages,Charter Readiness,Préparation à l’affrètement,Preparación para el chárter,الجاهزية للتأجير
pages,AOC Partner Onboarding,Intégration d’un opérateur partenaire AOC,Incorporación de un operador asociado con AOC,ضم مشغّل شريك حاصل على AOC
pages,"For owners placing an aircraft into commercial charter, we coordinate introductions to suitable licensed AOC operators and support onboarding through to operational readiness. The appointed operator retains regulatory control of every commercial flight.","Pour les propriétaires qui placent un appareil en affrètement commercial, nous coordonnons les mises en relation avec des opérateurs AOC agréés adaptés et accompagnons l’intégration jusqu’à la préparation opérationnelle. L’opérateur désigné conserve le contrôle réglementaire de chaque vol commercial.","Para propietarios que ponen una aeronave en chárter comercial, coordinamos las presentaciones a operadores con AOC autorizados adecuados y apoyamos la incorporación hasta la preparación operativa. El operador designado conserva el control regulatorio de cada vuelo comercial.",للمالكين الذين يضعون طائرة في خدمة التأجير التجاري، ننسّق التعريف بمشغّلين مرخّصين حاصلين على AOC مناسبين وندعم الضم حتى الجاهزية التشغيلية. ويحتفظ المشغّل المعيَّن بالرقابة التنظيمية على كل رحلة تجارية.
pages,Aircraft Management,Gestion d’appareils,Gestión de aeronaves,إدارة الطائرات
pages,"Performance, Oversight & Utilisation","Performance, supervision et utilisation","Rendimiento, supervisión y utilización",الأداء والإشراف والاستخدام
pages,"Owner-side coordination across management arrangements, charter strategy, reporting, service standards and asset utilisation — a clearer operating structure and a better ownership experience.","Une coordination côté propriétaire des accords de gestion, de la stratégie d’affrètement, du reporting, des standards de service et de l’utilisation de l’actif — une structure d’exploitation plus claire et une meilleure expérience de propriétaire.","Coordinación del lado del propietario en acuerdos de gestión, estrategia de chárter, informes, estándares de servicio y utilización del activo: una estructura operativa más clara y una mejor experiencia de propiedad.",تنسيق من جانب المالك في ترتيبات الإدارة واستراتيجية التأجير والتقارير ومعايير الخدمة واستغلال الأصل — بنية تشغيل أوضح وتجربة ملكية أفضل.
pages,Maintenance & Technical,Maintenance et technique,Mantenimiento y técnica,الصيانة والجانب التقني
pages,"The Asset, Properly Protected","L’actif, correctement protégé","El activo, debidamente protegido",الأصل محميًّا كما ينبغي
pages,"Support coordinating maintenance planning, technical reviews, refurbishment scopes and specialist providers — keeping commercial, operational and presentation priorities aligned.","Un soutien pour coordonner la planification de la maintenance, les revues techniques, les périmètres de remise à neuf et les prestataires spécialisés — en alignant les priorités commerciales, opérationnelles et de présentation.","Apoyo para coordinar la planificación del mantenimiento, las revisiones técnicas, los alcances de renovación y los proveedores especializados, manteniendo alineadas las prioridades comerciales, operativas y de presentación.",دعم في تنسيق تخطيط الصيانة والمراجعات التقنية ونطاقات التجديد ومزوّدي الخدمات المتخصصين — مع إبقاء الأولويات التجارية والتشغيلية والمظهرية متوافقة.
pages,Jet Washing & Detailing,Lavage et détailing d’appareils,Lavado y detallado de aeronaves,غسيل الطائرات وتلميعها
pages,Rapid-Response Aircraft Care,Entretien d’appareil à réponse rapide,Cuidado de aeronaves de respuesta rápida,العناية بالطائرات بالاستجابة السريعة
pages,"Exterior and interior care through specialist, aviation-compliant providers — mobile washing and detailing scheduled around flight activity, with priority options for managed aircraft.","Entretien extérieur et intérieur par des prestataires spécialisés conformes aux normes aéronautiques — lavage et détailing mobiles planifiés autour de l’activité de vol, avec des options prioritaires pour les appareils gérés.","Cuidado exterior e interior mediante proveedores especializados que cumplen la normativa aeronáutica: lavado y detallado móviles programados en torno a la actividad de vuelo, con opciones prioritarias para aeronaves gestionadas.",عناية بالخارج والداخل عبر مزوّدين متخصصين ملتزمين بمعايير الطيران — غسيل وتلميع متنقلان يُجدولان حول نشاط الطيران، مع خيارات ذات أولوية للطائرات المُدارة.
pages,Built Around The Owner: One View Across The Asset,Conçu autour du propriétaire : une vision unique de l’actif,Creado en torno al propietario: una visión única del activo,مبني حول المالك: رؤية واحدة للأصل
pages,Independent market perspective before major decisions.,Une perspective de marché indépendante avant les grandes décisions.,Una perspectiva de mercado independiente antes de las grandes decisiones.,منظور سوقي مستقل قبل القرارات الكبرى.
pages,Clear coordination across external operators and specialists.,Une coordination claire entre opérateurs et spécialistes externes.,Coordinación clara entre operadores y especialistas externos.,تنسيق واضح بين المشغّلين والمتخصصين الخارجيين.
pages,Commercial strategy aligned with the owner's priorities.,Une stratégie commerciale alignée sur les priorités du propriétaire.,Estrategia comercial alineada con las prioridades del propietario.,استراتيجية تجارية متوافقة مع أولويات المالك.
pages,Service standards that protect both the asset and the guest experience.,Des standards de service qui protègent à la fois l’actif et l’expérience de l’invité.,Estándares de servicio que protegen tanto el activo como la experiencia del huésped.,معايير خدمة تحمي الأصل وتجربة الضيف معًا.
pages,A discreet point of contact throughout the ownership lifecycle.,Un interlocuteur discret tout au long du cycle de vie de la propriété.,Un punto de contacto discreto durante todo el ciclo de vida de la propiedad.,نقطة اتصال كتومة طوال دورة حياة الملكية.
pages,For Institutions,Pour les institutions,Para instituciones,للمؤسسات
pages,Aviation Counsel,Conseil en aviation,Asesoría aeronáutica,الاستشارات الجوية
pages,"Strategic and operational support for airlines, airports, operators, investors, developers and public-sector bodies exploring aviation growth, transformation or new market entry.","Un soutien stratégique et opérationnel pour les compagnies aériennes, aéroports, opérateurs, investisseurs, promoteurs et organismes publics qui explorent la croissance, la transformation ou l’entrée sur un nouveau marché dans l’aviation.","Apoyo estratégico y operativo para aerolíneas, aeropuertos, operadores, inversores, promotores y organismos del sector público que exploran el crecimiento, la transformación o la entrada en un nuevo mercado aeronáutico.",دعم استراتيجي وتشغيلي لشركات الطيران والمطارات والمشغّلين والمستثمرين والمطوّرين والجهات الحكومية التي تستكشف النمو أو التحول أو دخول سوق جديد في الطيران.
pages,Aviation Innovation,Innovation aéronautique,Innovación aeronáutica,الابتكار في الطيران
pages,Forward Operational Thinking,Une réflexion opérationnelle tournée vers l’avenir,Pensamiento operativo con visión de futuro,تفكير تشغيلي استشرافي
pages,"Support for organisations developing new aviation products, operating models, passenger services and market propositions.","Un soutien aux organisations qui développent de nouveaux produits aéronautiques, modèles d’exploitation, services aux passagers et propositions de marché.","Apoyo a organizaciones que desarrollan nuevos productos aeronáuticos, modelos operativos, servicios para pasajeros y propuestas de mercado.",دعم للمؤسسات التي تطوّر منتجات طيران جديدة ونماذج تشغيل وخدمات ركاب وعروضًا سوقية.
pages,Aviation Consultancy,Conseil en aviation,Consultoría aeronáutica,الاستشارات في مجال الطيران
pages,"Strategy, Operations & Market Entry","Stratégie, exploitation et entrée sur le marché","Estrategia, operaciones y entrada en el mercado",الاستراتيجية والتشغيل ودخول السوق
pages,"Advisory support across commercial strategy, service design, operating structures, partner selection and regulatory planning.","Un soutien-conseil sur la stratégie commerciale, la conception de services, les structures d’exploitation, la sélection de partenaires et la planification réglementaire.","Apoyo de asesoramiento en estrategia comercial, diseño de servicios, estructuras operativas, selección de socios y planificación regulatoria.",دعم استشاري في الاستراتيجية التجارية وتصميم الخدمات وهياكل التشغيل واختيار الشركاء والتخطيط التنظيمي.
pages,VIP Terminal Projects,Projets de terminaux VIP,Proyectos de terminales VIP,مشاريع مباني كبار الشخصيات
pages,Infrastructure Meets Experience,Quand l’infrastructure rencontre l’expérience,Cuando la infraestructura se encuentra con la experiencia,حين تلتقي البنية التحتية بالتجربة
pages,"Project counsel for private terminals, FBOs and VIP passenger environments — from proposition through operational readiness.","Conseil de projet pour les terminaux privés, les FBO et les environnements pour passagers VIP — de la proposition à la préparation opérationnelle.","Asesoramiento de proyecto para terminales privadas, FBO y entornos de pasajeros VIP, desde la propuesta hasta la preparación operativa.",مشورة مشاريع للمباني الخاصة ومحطات الخدمة (FBO) وبيئات ركاب كبار الشخصيات — من الفكرة حتى الجاهزية التشغيلية.
pages,Airline Launch,Lancement de compagnie aérienne,Lanzamiento de aerolíneas,إطلاق شركة طيران
pages,From Concept To Operational Readiness,Du concept à la préparation opérationnelle,Del concepto a la preparación operativa,من الفكرة إلى الجاهزية التشغيلية
pages,"Advisory support for airline and aviation-service launches, including proposition development, partner coordination and service design.","Un soutien-conseil pour le lancement de compagnies aériennes et de services aéronautiques, y compris le développement de la proposition, la coordination des partenaires et la conception des services.","Apoyo de asesoramiento para el lanzamiento de aerolíneas y servicios aeronáuticos, incluidos el desarrollo de la propuesta, la coordinación de socios y el diseño de servicios.",دعم استشاري لإطلاق شركات الطيران وخدمات الطيران، يشمل تطوير العرض وتنسيق الشركاء وتصميم الخدمة.
pages,Commercial & Partnership Development,Développement commercial et de partenariats,Desarrollo comercial y de alianzas,التطوير التجاري وبناء الشراكات
pages,The Right Relationships Around The Project,Les bonnes relations autour du projet,Las relaciones adecuadas en torno al proyecto,العلاقات المناسبة حول المشروع
pages,"Support identifying and structuring operator, airport, supplier, hospitality and strategic partnerships that strengthen the project's foundation.","Un soutien pour identifier et structurer des partenariats avec des opérateurs, aéroports, fournisseurs, acteurs de l’hôtellerie et partenaires stratégiques qui renforcent les fondations du projet.","Apoyo para identificar y estructurar alianzas con operadores, aeropuertos, proveedores, hostelería y socios estratégicos que refuercen los cimientos del proyecto.",دعم في تحديد وهيكلة شراكات مع المشغّلين والمطارات والموردين والضيافة والشركاء الاستراتيجيين بما يقوّي أسس المشروع.
pages,How We Work,Comment nous travaillons,Cómo trabajamos,كيف نعمل
pages,Defined Around The Project,Défini autour du projet,Definido en torno al proyecto,يُحدَّد حول المشروع
pages,Understand,Comprendre,Comprender,الفهم
pages,"We begin with the objective, the operating context and the commercial reality surrounding the project.","Nous partons de l’objectif, du contexte d’exploitation et de la réalité commerciale qui entoure le projet.","Partimos del objetivo, del contexto operativo y de la realidad comercial que rodea al proyecto.",نبدأ من الهدف وسياق التشغيل والواقع التجاري المحيط بالمشروع.
pages,Define,Définir,Definir,التحديد
pages,"Scope, priorities, dependencies and required specialist disciplines are established before delivery begins.","Le périmètre, les priorités, les dépendances et les disciplines spécialisées requises sont établis avant le début de la réalisation.","El alcance, las prioridades, las dependencias y las disciplinas especializadas necesarias se establecen antes de comenzar la ejecución.",يُحدَّد النطاق والأولويات والاعتماديات والتخصصات المطلوبة قبل بدء التنفيذ.
pages,Assemble,Rassembler,Reunir,التجميع
pages,"We coordinate the relevant operators, technical advisers, regulatory specialists and project partners.","Nous coordonnons les opérateurs, conseillers techniques, spécialistes de la réglementation et partenaires de projet concernés.","Coordinamos a los operadores, asesores técnicos, especialistas en regulación y socios de proyecto pertinentes.",ننسّق المشغّلين والمستشارين التقنيين ومتخصصي التنظيم وشركاء المشروع المعنيين.
pages,Deliver,Réaliser,Ejecutar,التنفيذ
pages,"Jettset remains engaged through decision-making, implementation and operational handover as agreed.","Jettset reste engagée tout au long de la prise de décision, de la mise en œuvre et de la passation opérationnelle, selon ce qui a été convenu.","Jettset permanece implicada durante la toma de decisiones, la implantación y el traspaso operativo, según lo acordado.",تبقى Jettset منخرطة خلال اتخاذ القرار والتنفيذ والتسليم التشغيلي وفق ما يُتفق عليه.
pages,In The Market. Close To The Guest.,Sur le marché. Proche de l’invité.,En el mercado. Cerca del huésped.,في السوق. قريبون من الضيف.
pages,"Our advisory work is informed by what we see every day: how aircraft are sourced, how operators perform, where service fails, and what high-value travellers now expect from aviation — a dual perspective, close enough to the market to understand operational reality, and close enough to the guest to understand how aviation should ultimately feel.","Notre travail de conseil s’appuie sur ce que nous voyons chaque jour : comment les appareils sont trouvés, comment les opérateurs performent, où le service échoue et ce que les voyageurs à forte valeur attendent désormais de l’aviation — une double perspective, assez proche du marché pour comprendre la réalité opérationnelle, et assez proche de l’invité pour comprendre ce que l’aviation doit au final faire ressentir.","Nuestro trabajo de asesoramiento se nutre de lo que vemos cada día: cómo se obtienen las aeronaves, cómo rinden los operadores, dónde falla el servicio y qué esperan hoy de la aviación los viajeros de alto valor. Una doble perspectiva, lo bastante cerca del mercado para entender la realidad operativa y lo bastante cerca del huésped para entender cómo debería sentirse, en última instancia, la aviación.",يستند عملنا الاستشاري إلى ما نراه كل يوم: كيف تُؤمَّن الطائرات، وكيف يؤدي المشغّلون، وأين تتعثر الخدمة، وما الذي يتوقعه المسافرون ذوو القيمة العالية اليوم من الطيران — منظور مزدوج، قريب من السوق بما يكفي لفهم الواقع التشغيلي، وقريب من الضيف بما يكفي لفهم كيف ينبغي أن يبدو الطيران في النهاية.
pages,Discuss A Project,Discuter d’un projet,Hablar de un proyecto,ناقش مشروعًا
pages,"Whether you're evaluating an aircraft, preparing an asset for charter, developing a VIP terminal, entering a new aviation market or building an airline proposition — share the project, the stage you're at and the outcome you're working towards.","Que vous évaluiez un appareil, prépariez un actif pour l’affrètement, développiez un terminal VIP, entriez sur un nouveau marché aéronautique ou construisiez une proposition de compagnie aérienne — présentez-nous le projet, son stade d’avancement et le résultat que vous visez.","Ya esté evaluando una aeronave, preparando un activo para chárter, desarrollando una terminal VIP, entrando en un nuevo mercado aeronáutico o construyendo una propuesta de aerolínea, cuéntenos el proyecto, la fase en que se encuentra y el resultado al que aspira.",سواء كنت تقيّم طائرة أو تجهّز أصلًا للتأجير أو تطوّر مبنى لكبار الشخصيات أو تدخل سوق طيران جديدًا أو تبني عرض شركة طيران — شاركنا المشروع والمرحلة التي بلغتها والنتيجة التي تسعى إليها.
pages,Advisory | Jettset Global,Conseil | Jettset Global,Asesoría | Jettset Global,الاستشارات | Jettset Global
pages,"Aviation consultancy, acquisition support, and institutional counsel from Jettset Global.","Conseil en aviation, accompagnement à l’acquisition et conseil institutionnel de Jettset Global.","Consultoría aeronáutica, apoyo a la adquisición y asesoramiento institucional de Jettset Global.",استشارات الطيران ودعم الشراء والمشورة المؤسسية من Jettset Global.
pages,Jettset Aviation Wellness experience,Expérience Jettset Aviation Wellness,Experiencia Jettset Aviation Wellness,تجربة Jettset Aviation Wellness
pages,"The Journey, Reimagined.","Le voyage, réinventé.","El viaje, reimaginado.",الرحلة، بتصور جديد.
pages,Explore Aviation Wellness,Découvrir Aviation Wellness,Descubrir Aviation Wellness,اكتشف Aviation Wellness
pages,"Jettset Aviation Wellness is a new approach to supporting how travellers prepare, perform and recover before, during and after every journey.","Jettset Aviation Wellness est une nouvelle approche pour accompagner la façon dont les voyageurs se préparent, performent et récupèrent avant, pendant et après chaque voyage.","Jettset Aviation Wellness es un nuevo enfoque para apoyar la forma en que los viajeros se preparan, rinden y se recuperan antes, durante y después de cada viaje.",Jettset Aviation Wellness نهج جديد لدعم طريقة استعداد المسافرين وأدائهم وتعافيهم قبل كل رحلة وأثناءها وبعدها.
pages,"Aviation Wellness brings together Jettset’s own complimentary in-flight recovery technology with a personalised wellness protocol from our specialist partners — one experience, built around the individual.","Aviation Wellness réunit la technologie de récupération en vol, offerte par Jettset, et un protocole de bien-être personnalisé de nos partenaires spécialisés — une seule expérience, construite autour de l’individu.","Aviation Wellness reúne la tecnología de recuperación a bordo propia de Jettset, ofrecida sin coste, con un protocolo de bienestar personalizado de nuestros socios especializados: una sola experiencia, creada en torno a la persona.",تجمع Aviation Wellness تقنية التعافي على متن الطائرة الخاصة بـ Jettset، المقدَّمة مجانًا، مع بروتوكول عافية مخصص من شركائنا المتخصصين — تجربة واحدة مبنية حول الفرد.
pages,Time in the air doesn’t have to be lost time.,Le temps passé en l’air n’a pas à être du temps perdu.,El tiempo en el aire no tiene por qué ser tiempo perdido.,ليس على الوقت الذي تقضيه في الجو أن يكون وقتًا ضائعًا.
pages,"Long journeys, demanding schedules, changing time zones and the pace of modern life can place very different demands on the body.","Les longs voyages, les agendas exigeants, les décalages horaires et le rythme de la vie moderne peuvent solliciter le corps de manières très différentes.","Los viajes largos, las agendas exigentes, los cambios de huso horario y el ritmo de la vida moderna pueden plantear al cuerpo exigencias muy distintas.",قد تفرض الرحلات الطويلة والجداول المرهقة وتغيّر المناطق الزمنية وإيقاع الحياة الحديثة مطالب مختلفة جدًا على الجسم.
pages,"Aviation Wellness has been created around a simple idea: the journey itself can become part of how you prepare, reset and arrive.","Aviation Wellness est née d’une idée simple : le voyage lui-même peut devenir une partie de la façon dont vous vous préparez, vous ressourcez et arrivez.","Aviation Wellness nace de una idea sencilla: el propio viaje puede convertirse en parte de cómo se prepara, se recupera y llega.",وُلدت Aviation Wellness من فكرة بسيطة: يمكن للرحلة نفسها أن تصبح جزءًا من كيفية استعدادك وإعادة ضبط نفسك ووصولك.
pages,"From personalised supplementation and recovery support to selected wellness treatments and technologies, each experience can be considered around the traveller, the journey and what comes next.","De la supplémentation personnalisée et du soutien à la récupération à une sélection de soins et de technologies de bien-être, chaque expérience peut être pensée autour du voyageur, du voyage et de ce qui suit.","Desde la suplementación personalizada y el apoyo a la recuperación hasta una selección de tratamientos y tecnologías de bienestar, cada experiencia puede plantearse en torno al viajero, al viaje y a lo que viene después.",من المكمّلات المخصصة ودعم التعافي إلى مجموعة مختارة من علاجات وتقنيات العافية، يمكن التفكير في كل تجربة حول المسافر والرحلة وما يليها.
pages,Arrive Ready.,Arrivez prêt.,Llegue preparado.,صِل جاهزًا.
pages,Guest preparing before a journey,Un invité se prépare avant un voyage,Un huésped preparándose antes de un viaje,ضيف يستعد قبل رحلة
pages,Before,Avant,Antes,قبل
pages,Prepare,Se préparer,Prepararse,الاستعداد
pages,Prime your body and mind for what’s ahead.,Préparez votre corps et votre esprit à ce qui vous attend.,Prepare su cuerpo y su mente para lo que viene.,هيّئ جسدك وذهنك لما ينتظرك.
pages,Bio Atelier NAD+ oral spray onboard a Jettset flight,Spray oral NAD+ Bio Atelier à bord d’un vol Jettset,Espray oral NAD+ de Bio Atelier a bordo de un vuelo Jettset,بخاخ NAD+ الفموي من Bio Atelier على متن رحلة Jettset
pages,During,Pendant,Durante,أثناء
pages,Perform,Performer,Rendir,الأداء
pages,"Stay energised, balanced and comfortable in the air.","Restez énergique, équilibré et à l’aise en vol.","Manténgase con energía, equilibrio y comodidad en el aire.",ابقَ نشيطًا ومتوازنًا ومرتاحًا في الجو.
pages,Guest arriving and looking out over the city,Un invité arrive et contemple la ville,Un huésped llegando y contemplando la ciudad,ضيف يصل ويتأمل المدينة
pages,After,Après,Después,بعد
pages,Recover,Récupérer,Recuperarse,التعافي
pages,Arrive ready for what’s next.,Arrivez prêt pour la suite.,Llegue preparado para lo que viene.,صِل جاهزًا لما هو آتٍ.
pages,Onboard Wellness,Bien-être à bord,Bienestar a bordo,العافية على متن الطائرة
pages,"Recovery, built into the journey.","La récupération, intégrée au voyage.","La recuperación, integrada en el viaje.",التعافي، مدمج في الرحلة.
pages,"On Jettset flights departing London, selected recovery technology is available on a complimentary basis as part of the Aviation Wellness experience.","Sur les vols Jettset au départ de Londres, une technologie de récupération sélectionnée est proposée à titre gracieux dans le cadre de l’expérience Aviation Wellness.","En los vuelos de Jettset con salida desde Londres, se ofrece sin coste tecnología de recuperación seleccionada como parte de la experiencia Aviation Wellness.",على رحلات Jettset المغادرة من لندن، تتوفر تقنية تعافٍ مختارة مجانًا ضمن تجربة Aviation Wellness.
pages,"Guests can access carefully selected recovery tools designed to support comfort, recovery and wellbeing while travelling.","Les invités peuvent accéder à des outils de récupération soigneusement sélectionnés, conçus pour favoriser le confort, la récupération et le bien-être pendant le voyage.","Los huéspedes pueden acceder a herramientas de recuperación cuidadosamente seleccionadas, diseñadas para favorecer el confort, la recuperación y el bienestar durante el viaje.",يمكن للضيوف استخدام أدوات تعافٍ مختارة بعناية، مصمَّمة لدعم الراحة والتعافي والعافية أثناء السفر.
pages,Compression Recovery Therapy,Thérapie par compression,Terapia de recuperación por compresión,علاج التعافي بالضغط
pages,Advanced pneumatic compression designed to support comfort and recovery during travel.,Une compression pneumatique avancée conçue pour favoriser le confort et la récupération pendant le voyage.,Compresión neumática avanzada diseñada para favorecer el confort y la recuperación durante el viaje.,ضغط هوائي متقدم مصمَّم لدعم الراحة والتعافي أثناء السفر.
pages,LED Light Therapy,Luminothérapie LED,Terapia de luz LED,العلاج بالضوء LED
pages,Non-invasive light therapy incorporated into the onboard wellness experience where appropriate.,Une luminothérapie non invasive intégrée à l’expérience de bien-être à bord lorsque cela est approprié.,Terapia de luz no invasiva incorporada a la experiencia de bienestar a bordo cuando procede.,علاج ضوئي غير جراحي مدمج في تجربة العافية على متن الطائرة حيثما يكون مناسبًا.
pages,Neck & Décolletage LED Therapy,Luminothérapie LED cou et décolleté,Terapia LED para cuello y escote,علاج LED للرقبة ومنطقة الصدر
pages,Targeted LED light therapy for the neck and décolletage.,Une luminothérapie LED ciblée pour le cou et le décolleté.,Terapia de luz LED dirigida al cuello y al escote.,علاج بضوء LED موجَّه للرقبة ومنطقة الصدر.
pages,Guests in a Jettset cabin using LED light therapy masks and compression recovery therapy during flight,Des invités dans une cabine Jettset utilisant des masques de luminothérapie LED et la thérapie de récupération par compression pendant le vol,Huéspedes en una cabina Jettset usando mascarillas de terapia de luz LED y terapia de recuperación por compresión durante el vuelo,ضيوف في مقصورة Jettset يستخدمون أقنعة العلاج بضوء LED وعلاج التعافي بالضغط أثناء الرحلة
pages,"Complimentary onboard wellness is subject to suitability, aircraft configuration, availability and the requirements of each journey.","Le bien-être à bord, offert à titre gracieux, dépend de l’adéquation, de la configuration de l’appareil, de la disponibilité et des exigences de chaque voyage.","El bienestar a bordo, ofrecido sin coste, está sujeto a idoneidad, configuración de la aeronave, disponibilidad y requisitos de cada viaje.",تخضع العافية المجانية على متن الطائرة للملاءمة وتهيئة الطائرة والتوفر ومتطلبات كل رحلة.
pages,In Partnership With Bio Atelier,En partenariat avec Bio Atelier,En colaboración con Bio Atelier,بالشراكة مع Bio Atelier
pages,The Journey Recovery Collection,La Journey Recovery Collection,La Journey Recovery Collection,مجموعة Journey Recovery
pages,Built for the journey.,Pensée pour le voyage.,Creada para el viaje.,مصمَّمة للرحلة.
pages,"The Journey Recovery Collection brings together NAD+, TMG, electrolytes and hydrogen alongside sleep, comfort and cellular recovery essentials for use throughout the travel experience.","La Journey Recovery Collection réunit NAD+, TMG, électrolytes et hydrogène, ainsi que des essentiels pour le sommeil, le confort et la récupération cellulaire, à utiliser tout au long de l’expérience de voyage.","La Journey Recovery Collection reúne NAD+, TMG, electrolitos e hidrógeno junto con productos esenciales para el sueño, el confort y la recuperación celular, para usar durante toda la experiencia de viaje.",تجمع مجموعة Journey Recovery بين NAD+ وTMG والإلكتروليتات والهيدروجين إلى جانب أساسيات النوم والراحة والتعافي الخلوي للاستخدام طوال تجربة السفر.
pages,"Rather than treating wellness as an afterthought, the collection is designed to sit naturally within the journey — from preparation before departure through to time onboard and arrival.","Plutôt que de traiter le bien-être comme une réflexion après coup, la collection est conçue pour s’intégrer naturellement au voyage — de la préparation avant le départ jusqu’au temps passé à bord et à l’arrivée.","En lugar de tratar el bienestar como algo secundario, la colección está diseñada para integrarse de forma natural en el viaje, desde la preparación antes de la salida hasta el tiempo a bordo y la llegada.",بدلًا من التعامل مع العافية كأمر ثانوي، صُمِّمت المجموعة لتندمج بطبيعية في الرحلة — من التحضير قبل المغادرة إلى الوقت على متن الطائرة ثم الوصول.
pages,"<span class=""ba-label"">NAD+</span> <span class=""ba-label"">TMG</span> <span class=""ba-label"">Electrolytes</span> <span class=""ba-label"">Hydrogen</span> <span class=""ba-label"">Sleep</span> <span class=""ba-label"">Recovery</span>","<span class=""ba-label"">NAD+</span> <span class=""ba-label"">TMG</span> <span class=""ba-label"">Électrolytes</span> <span class=""ba-label"">Hydrogène</span> <span class=""ba-label"">Sommeil</span> <span class=""ba-label"">Récupération</span>","<span class=""ba-label"">NAD+</span> <span class=""ba-label"">TMG</span> <span class=""ba-label"">Electrolitos</span> <span class=""ba-label"">Hidrógeno</span> <span class=""ba-label"">Sueño</span> <span class=""ba-label"">Recuperación</span>","<span class=""ba-label"">NAD+</span> <span class=""ba-label"">TMG</span> <span class=""ba-label"">الإلكتروليتات</span> <span class=""ba-label"">الهيدروجين</span> <span class=""ba-label"">النوم</span> <span class=""ba-label"">التعافي</span>"
pages,Electrolytes,Électrolytes,Electrolitos,الإلكتروليتات
pages,Hydrogen,Hydrogène,Hidrógeno,الهيدروجين
pages,Sleep,Sommeil,Sueño,النوم
pages,Recovery,Récupération,Recuperación,التعافي
pages,"Bio Atelier NAD+ and TMG, presented with the delivery pen and vials, in premium editorial still-life","Bio Atelier NAD+ et TMG, présentés avec le stylo d’administration et les flacons, en nature morte éditoriale haut de gamme","Bio Atelier NAD+ y TMG, presentados con el bolígrafo dosificador y los viales, en un bodegón editorial premium",Bio Atelier NAD+ وTMG، معروضان مع قلم التوصيل والقوارير، في تصوير تحريري فاخر
pages,Not a package. A personalised experience.,Pas un forfait. Une expérience personnalisée.,No es un paquete. Es una experiencia personalizada.,ليست باقة. بل تجربة مخصصة.
pages,Every traveller arrives with different priorities.<br> Some are preparing for a meeting.<br> Some are recovering from performance.<br> Some are crossing time zones before an event.<br> Some simply want to arrive feeling better than they normally do.,Chaque voyageur arrive avec des priorités différentes.<br> Certains se préparent pour une réunion.<br> D’autres récupèrent d’une performance.<br> D’autres traversent des fuseaux horaires avant un événement.<br> D’autres encore veulent simplement arriver en se sentant mieux qu’à l’habitude.,Cada viajero llega con prioridades distintas.<br> Algunos se preparan para una reunión.<br> Otros se recuperan de una actuación.<br> Otros cruzan husos horarios antes de un evento.<br> Otros simplemente quieren llegar sintiéndose mejor de lo habitual.,يصل كل مسافر بأولويات مختلفة.<br> بعضهم يستعد لاجتماع.<br> وبعضهم يتعافى من أداء.<br> وبعضهم يعبر مناطق زمنية قبل حدث.<br> وبعضهم يريد ببساطة أن يصل وهو يشعر بحال أفضل من المعتاد.
pages,Every traveller arrives with different priorities.,Chaque voyageur arrive avec des priorités différentes.,Cada viajero llega con prioridades distintas.,يصل كل مسافر بأولويات مختلفة.
pages,Some are preparing for a meeting.,Certains se préparent pour une réunion.,Algunos se preparan para una reunión.,بعضهم يستعد لاجتماع.
pages,Some are recovering from performance.,D’autres récupèrent d’une performance.,Otros se recuperan de una actuación.,وبعضهم يتعافى من أداء.
pages,Some are crossing time zones before an event.,D’autres traversent des fuseaux horaires avant un événement.,Otros cruzan husos horarios antes de un evento.,وبعضهم يعبر مناطق زمنية قبل حدث.
pages,Some simply want to arrive feeling better than they normally do.,D’autres encore veulent simplement arriver en se sentant mieux qu’à l’habitude.,Otros simplemente quieren llegar sintiéndose mejor de lo habitual.,وبعضهم يريد ببساطة أن يصل وهو يشعر بحال أفضل من المعتاد.
pages,"Aviation Wellness can be curated around those priorities, with access to a wider wellness menu including:","Aviation Wellness peut être pensée autour de ces priorités, avec accès à un menu de bien-être plus large comprenant :","Aviation Wellness puede adaptarse a estas prioridades, con acceso a un menú de bienestar más amplio que incluye:",يمكن تصميم Aviation Wellness حول هذه الأولويات، مع الوصول إلى قائمة عافية أوسع تشمل:
pages,Hands opening a Bio Atelier NAD+ supplement bottle,Des mains ouvrant un flacon de complément NAD+ Bio Atelier,Manos abriendo un frasco de suplemento NAD+ de Bio Atelier,أيدٍ تفتح قارورة مكمّل NAD+ من Bio Atelier
pages,Cellular & Energy,Cellulaire et énergie,Celular y energía,الخلايا والطاقة
pages,"NAD+, Glutathione, Cellular Support","NAD+, glutathion, soutien cellulaire","NAD+, glutatión, apoyo celular",NAD+، الغلوتاثيون، دعم الخلايا
pages,Close-up of hydration infusion equipment,Gros plan sur un équipement de perfusion d’hydratation,Primer plano de equipo de infusión de hidratación,لقطة مقرّبة لمعدات الترطيب بالتسريب
pages,Hydration & Recovery,Hydratation et récupération,Hidratación y recuperación,الترطيب والتعافي
pages,"Hydration Infusions, Recovery Support","Perfusions d’hydratation, soutien à la récupération","Infusiones de hidratación, apoyo a la recuperación",تسريبات الترطيب، دعم التعافي
pages,Guest using LED light therapy mask onboard a Jettset cabin,Un invité utilisant un masque de luminothérapie LED dans une cabine Jettset,Un huésped usando una mascarilla de terapia de luz LED en una cabina Jettset,ضيف يستخدم قناع علاج بضوء LED في مقصورة Jettset
pages,Restore & Reset,Restaurer et réinitialiser,Restaurar y reiniciar,الاستعادة وإعادة الضبط
pages,"Red Light Therapy, Compression Therapy","Luminothérapie rouge, thérapie par compression","Terapia de luz roja, terapia de compresión",العلاج بالضوء الأحمر، العلاج بالضغط
pages,Guest receiving under-eye LED patch treatment onboard a Jettset cabin,Un invité recevant un soin avec patchs LED pour le contour des yeux dans une cabine Jettset,Un huésped recibiendo un tratamiento con parches LED para el contorno de ojos en una cabina Jettset,ضيف يتلقى علاجًا بلصقات LED لمحيط العينين في مقصورة Jettset
pages,Skin & Vitality,Peau et vitalité,Piel y vitalidad,البشرة والحيوية
pages,Skin Glow Support,Soutien de l’éclat de la peau,Apoyo al brillo de la piel,دعم نضارة البشرة
pages,"The right combination is considered around the individual, the journey, timing and suitability.","La bonne combinaison est pensée autour de la personne, du voyage, du calendrier et de l’adéquation.","La combinación adecuada se plantea en función de la persona, el viaje, el momento y la idoneidad.",تُدرس التوليفة المناسبة بحسب الفرد والرحلة والتوقيت والملاءمة.
pages,On The Ground,Au sol,En tierra,على الأرض
pages,Selected clinical wellness treatments can be coordinated around departure or arrival.,Certains soins cliniques de bien-être peuvent être coordonnés autour du départ ou de l’arrivée.,Algunos tratamientos clínicos de bienestar pueden coordinarse en torno a la salida o la llegada.,يمكن تنسيق علاجات عافية سريرية مختارة حول الإقلاع أو الوصول.
pages,In The Air,En l’air,En el aire,في الجو
pages,"Supplementation, comfort, recovery technology and non-invasive wellness rituals can be incorporated into the cabin experience where appropriate.","Supplémentation, confort, technologie de récupération et rituels de bien-être non invasifs peuvent être intégrés à l’expérience en cabine lorsque cela est approprié.","La suplementación, el confort, la tecnología de recuperación y los rituales de bienestar no invasivos pueden incorporarse a la experiencia en cabina cuando proceda.",يمكن دمج المكمّلات والراحة وتقنيات التعافي وطقوس العافية غير الجراحية في تجربة المقصورة حيثما يكون ذلك مناسبًا.
pages,"Treatments and wellness services are subject to suitability, availability and the requirements of each journey.","Les soins et services de bien-être dépendent de l’adéquation, de la disponibilité et des exigences de chaque voyage.","Los tratamientos y servicios de bienestar están sujetos a idoneidad, disponibilidad y requisitos de cada viaje.",تخضع العلاجات وخدمات العافية للملاءمة والتوفر ومتطلبات كل رحلة.
pages,Built around how you move.,Pensé autour de votre façon de voyager.,Creado en torno a su forma de moverse.,مبني حول طريقة تنقلك.
pages,Business Travel,Voyages d’affaires,Viajes de negocios,سفر الأعمال
pages,Structured recovery built around back-to-back meetings and shifting time zones.,Une récupération structurée autour de réunions enchaînées et de fuseaux horaires changeants.,Recuperación estructurada en torno a reuniones consecutivas y husos horarios cambiantes.,تعافٍ منظّم حول اجتماعات متتالية ومناطق زمنية متغيرة.
pages,Performance & Sport,Performance et sport,Rendimiento y deporte,الأداء والرياضة
pages,Supporting athletes and teams preparing for competition or event travel.,Un soutien aux sportifs et aux équipes qui se préparent à une compétition ou à un déplacement d’événement.,Apoyo a deportistas y equipos que se preparan para una competición o un desplazamiento a un evento.,دعم للرياضيين والفرق التي تستعد لمنافسة أو سفر لحضور فعالية.
pages,Touring & Creative,Tournées et création,Giras y creatividad,الجولات والإبداع
pages,Recovery that keeps pace with performance schedules and appearances.,Une récupération qui suit le rythme des calendriers de performance et des apparitions.,Recuperación que sigue el ritmo de los calendarios de actuaciones y apariciones.,تعافٍ يواكب إيقاع جداول العروض والظهور.
pages,Long-Haul Recovery,Récupération long-courrier,Recuperación en vuelos de larga distancia,التعافي بعد الرحلات الطويلة
pages,Extended-range journeys considered from departure through to arrival.,Des voyages à grande autonomie pensés du départ à l’arrivée.,Viajes de largo alcance planteados desde la salida hasta la llegada.,رحلات بعيدة المدى تُدرس من الإقلاع حتى الوصول.
pages,"Aerial view of Tower Bridge and the River Thames, London, at dusk","Vue aérienne de Tower Bridge et de la Tamise, à Londres, au crépuscule","Vista aérea de Tower Bridge y del río Támesis, en Londres, al atardecer",منظر جوي لجسر البرج ونهر التايمز في لندن عند الغسق
pages,Launching In London,Lancement à Londres,Lanzamiento en Londres,الإطلاق في لندن
pages,"Aviation Wellness launches initially through London, before expanding across further destinations.","Aviation Wellness est d’abord lancée à Londres, avant de s’étendre à d’autres destinations.","Aviation Wellness se lanza inicialmente a través de Londres, antes de ampliarse a otros destinos.",تنطلق Aviation Wellness أولًا عبر لندن، قبل التوسع إلى وجهات أخرى.
pages,Official Wellness Partner,Partenaire officiel bien-être,Socio oficial de bienestar,شريك العافية الرسمي
pages,"Bio Atelier is a premium longevity company focused on purity, precision and intelligent delivery.","Bio Atelier est une entreprise de longévité haut de gamme axée sur la pureté, la précision et l’administration intelligente.","Bio Atelier es una empresa de longevidad premium centrada en la pureza, la precisión y la administración inteligente.",Bio Atelier شركة فاخرة في مجال طول العمر تركّز على النقاء والدقة والتوصيل الذكي.
pages,"Its formulations are independently tested, with guidance from an experienced Medical Advisory Board.","Ses formulations sont testées de manière indépendante, avec les conseils d’un comité consultatif médical expérimenté.","Sus formulaciones se someten a pruebas independientes, con la orientación de un consejo asesor médico con experiencia.",تُختبر تركيباتها بشكل مستقل، بإرشاد من مجلس استشاري طبي ذي خبرة.
pages,"As an Official Wellness Partner within Jettset Aviation Wellness, Bio Atelier brings its expertise across supplementation, cellular recovery and longevity into selected elements of the Jettset wellness experience.","En tant que partenaire officiel bien-être de Jettset Aviation Wellness, Bio Atelier apporte son expertise en supplémentation, récupération cellulaire et longévité à certains éléments de l’expérience bien-être Jettset.","Como socio oficial de bienestar dentro de Jettset Aviation Wellness, Bio Atelier aporta su experiencia en suplementación, recuperación celular y longevidad a elementos seleccionados de la experiencia de bienestar de Jettset.",بصفتها شريك العافية الرسمي ضمن Jettset Aviation Wellness، تقدّم Bio Atelier خبرتها في المكمّلات والتعافي الخلوي وطول العمر إلى عناصر مختارة من تجربة العافية لدى Jettset.
pages,Pure. Precise. Powerful.,Pur. Précis. Puissant.,Puro. Preciso. Potente.,نقي. دقيق. فعّال.
pages,Jettset and Bio Atelier believe wellness should travel as well as you do.,Jettset et Bio Atelier croient que le bien-être doit voyager aussi bien que vous.,Jettset y Bio Atelier creen que el bienestar debe viajar tan bien como usted.,تؤمن Jettset وBio Atelier بأن العافية ينبغي أن تسافر بقدر ما تسافر أنت.
pages,"<span class=""ba-proof-item"">Independently Tested</span> <span class=""ba-proof-item"">Physician-Guided</span> <span class=""ba-proof-item"">EU GMP-Certified</span>","<span class=""ba-proof-item"">Testé de manière indépendante</span> <span class=""ba-proof-item"">Encadré par des médecins</span> <span class=""ba-proof-item"">Certifié EU GMP</span>","<span class=""ba-proof-item"">Probado de forma independiente</span> <span class=""ba-proof-item"">Guiado por médicos</span> <span class=""ba-proof-item"">Certificado EU GMP</span>","<span class=""ba-proof-item"">مُختبَر بشكل مستقل</span> <span class=""ba-proof-item"">بإشراف أطباء</span> <span class=""ba-proof-item"">حاصل على شهادة EU GMP</span>"
pages,Independently Tested,Testé de manière indépendante,Probado de forma independiente,مُختبَر بشكل مستقل
pages,Physician-Guided,Encadré par des médecins,Guiado por médicos,بإشراف أطباء
pages,EU GMP-Certified,Certifié EU GMP,Certificado EU GMP,حاصل على شهادة EU GMP
pages,Discover Bio Atelier,Découvrir Bio Atelier,Descubrir Bio Atelier,اكتشف Bio Atelier
pages,Jettset Card Members,Membres Jettset Card,Miembros de Jettset Card,أعضاء Jettset Card
pages,"Your protocol, every month.","Votre protocole, chaque mois.","Su protocolo, cada mes.",بروتوكولك، كل شهر.
pages,"For eligible Jettset Card Members, Aviation Wellness extends beyond the individual journey.","Pour les membres Jettset Card éligibles, Aviation Wellness va au-delà du voyage individuel.","Para los miembros elegibles de Jettset Card, Aviation Wellness va más allá del viaje individual.",بالنسبة إلى أعضاء Jettset Card المؤهلين، تمتد Aviation Wellness إلى ما هو أبعد من الرحلة الواحدة.
pages,"Eligible Jettset Card Members receive a personalised monthly wellness refill, prepared around upcoming travel and lifestyle priorities, with selected Bio Atelier products delivered as part of the member experience.","Les membres Jettset Card éligibles reçoivent chaque mois une recharge bien-être personnalisée, préparée autour de leurs prochains voyages et de leurs priorités de style de vie, avec une sélection de produits Bio Atelier livrés dans le cadre de l’expérience membre.","Los miembros elegibles de Jettset Card reciben una recarga mensual de bienestar personalizada, preparada en torno a sus próximos viajes y prioridades de estilo de vida, con productos seleccionados de Bio Atelier entregados como parte de la experiencia de miembro.",يتلقى أعضاء Jettset Card المؤهلون تعبئة عافية شهرية مخصصة، تُعدّ حول رحلاتهم القادمة وأولويات نمط حياتهم، مع منتجات مختارة من Bio Atelier تُسلَّم ضمن تجربة العضوية.
pages,"<span class=""ba-label"">POWER</span> <span class=""ba-label"">PROTECT</span> <span class=""ba-label"">PAUSE</span> <span class=""ba-label"">PURE</span>","<span class=""ba-label"">POWER</span> <span class=""ba-label"">PROTECT</span> <span class=""ba-label"">PAUSE</span> <span class=""ba-label"">PURE</span>","<span class=""ba-label"">POWER</span> <span class=""ba-label"">PROTECT</span> <span class=""ba-label"">PAUSE</span> <span class=""ba-label"">PURE</span>","<span class=""ba-label"">POWER</span> <span class=""ba-label"">PROTECT</span> <span class=""ba-label"">PAUSE</span> <span class=""ba-label"">PURE</span>"
pages,"<span class=""ba-label"">NAD+ Oral Spray</span> <span class=""ba-label"">Hydrogen</span> <span class=""ba-label"">Electrolytes</span> <span class=""ba-label"">Eye Patches</span>","<span class=""ba-label"">Spray oral NAD+</span> <span class=""ba-label"">Hydrogène</span> <span class=""ba-label"">Électrolytes</span> <span class=""ba-label"">Patchs pour les yeux</span>","<span class=""ba-label"">Espray oral NAD+</span> <span class=""ba-label"">Hidrógeno</span> <span class=""ba-label"">Electrolitos</span> <span class=""ba-label"">Parches para ojos</span>","<span class=""ba-label"">بخاخ NAD+ الفموي</span> <span class=""ba-label"">الهيدروجين</span> <span class=""ba-label"">الإلكتروليتات</span> <span class=""ba-label"">لصقات العينين</span>"
pages,NAD+ Oral Spray,Spray oral NAD+,Espray oral NAD+,بخاخ NAD+ الفموي
pages,Eye Patches,Patchs pour les yeux,Parches para ojos,لصقات العينين
pages,Available to eligible Jettset Card Members as part of the approved membership wellness benefit.,Disponible pour les membres Jettset Card éligibles dans le cadre de l’avantage bien-être approuvé de l’adhésion.,Disponible para los miembros elegibles de Jettset Card como parte del beneficio de bienestar aprobado de la membresía.,متاح لأعضاء Jettset Card المؤهلين ضمن ميزة العافية المعتمدة في العضوية.
pages,"Jettset Aviation Wellness kit, in partnership with Bio Atelier, open flat-lay showing the full monthly protocol","Kit Jettset Aviation Wellness, en partenariat avec Bio Atelier, présenté à plat pour montrer le protocole mensuel complet","Kit Jettset Aviation Wellness, en colaboración con Bio Atelier, abierto en disposición plana para mostrar el protocolo mensual completo",طقم Jettset Aviation Wellness، بالشراكة مع Bio Atelier، مفتوح ومصفوف لإظهار البروتوكول الشهري الكامل
pages,How do you want to arrive?,Comment voulez-vous arriver ?,¿Cómo quiere llegar?,كيف تريد أن تصل؟
pages,"Tell us what matters before, during and after your journey. We’ll show you what can be incorporated.","Dites-nous ce qui compte avant, pendant et après votre voyage. Nous vous montrerons ce qui peut être intégré.","Cuéntenos qué le importa antes, durante y después de su viaje. Le mostraremos qué puede incorporarse.",أخبرنا بما يهمك قبل رحلتك وأثناءها وبعدها. وسنُريك ما يمكن دمجه.
pages,"<a class=""ba-cta"" href=""#ba-personal"">Explore Aviation Wellness</a> <a class=""ba-cta ba-cta-quiet"" href=""https://wa.me/447378111111"" target=""_blank"" rel=""noopener"">Message The Jettset Team</a>","<a class=""ba-cta"" href=""#ba-personal"">Découvrir Aviation Wellness</a> <a class=""ba-cta ba-cta-quiet"" href=""https://wa.me/447378111111"" target=""_blank"" rel=""noopener"">Écrire à l’équipe Jettset</a>","<a class=""ba-cta"" href=""#ba-personal"">Descubrir Aviation Wellness</a> <a class=""ba-cta ba-cta-quiet"" href=""https://wa.me/447378111111"" target=""_blank"" rel=""noopener"">Escribir al equipo de Jettset</a>","<a class=""ba-cta"" href=""#ba-personal"">اكتشف Aviation Wellness</a> <a class=""ba-cta ba-cta-quiet"" href=""https://wa.me/447378111111"" target=""_blank"" rel=""noopener"">راسل فريق Jettset</a>"
pages,Message The Jettset Team,Écrire à l’équipe Jettset,Escribir al equipo de Jettset,راسل فريق Jettset
pages,Request the full Aviation Wellness menu and speak with the team about your journey.,Demandez le menu complet Aviation Wellness et échangez avec l’équipe à propos de votre voyage.,Solicite el menú completo de Aviation Wellness y hable con el equipo sobre su viaje.,اطلب قائمة Aviation Wellness الكاملة وتحدث مع الفريق عن رحلتك.
pages,"Jettset Aviation Wellness is a new approach to supporting how travellers prepare, perform and recover before, during and after every journey — with Bio Atelier as Official Wellness Partner.","Jettset Aviation Wellness est une nouvelle approche pour accompagner la façon dont les voyageurs se préparent, performent et récupèrent avant, pendant et après chaque voyage — avec Bio Atelier comme partenaire officiel bien-être.","Jettset Aviation Wellness es un nuevo enfoque para apoyar la forma en que los viajeros se preparan, rinden y se recuperan antes, durante y después de cada viaje, con Bio Atelier como socio oficial de bienestar.",Jettset Aviation Wellness نهج جديد لدعم طريقة استعداد المسافرين وأدائهم وتعافيهم قبل كل رحلة وأثناءها وبعدها — مع Bio Atelier كشريك العافية الرسمي.
pages,"Close-up of a Bombardier Challenger 350 engine nacelle, Jettset Global guest segments","Gros plan sur la nacelle moteur d’un Bombardier Challenger 350, segments d’invités Jettset Global","Primer plano de la góndola del motor de un Bombardier Challenger 350, segmentos de huéspedes de Jettset Global",لقطة مقرّبة لغلاف محرك طائرة Bombardier Challenger 350، شرائح ضيوف Jettset Global
pages,About — Cultural Fluency,À propos — Fluidité culturelle,Acerca de — Fluidez cultural,من نحن — الطلاقة الثقافية
pages,"Six worlds, one standard of movement. Every guest arrives with a different definition of what trust looks like — we've built around all six.","Six mondes, un seul standard de mouvement. Chaque invité arrive avec sa propre définition de la confiance — nous avons construit notre offre autour des six.","Seis mundos, un solo estándar de movimiento. Cada huésped llega con una definición distinta de lo que es la confianza, y hemos construido en torno a las seis.",ستة عوالم، ومعيار واحد للحركة. يصل كل ضيف بتعريف مختلف لما تعنيه الثقة — وقد بنينا خدمتنا حول الستة جميعًا.
pages,Private aviation has always served old wealth. Jettset was built for the new guard too — without asking either to compromise.,L’aviation privée a toujours servi les fortunes anciennes. Jettset a été conçue aussi pour la nouvelle garde — sans demander à l’une ou à l’autre de faire des compromis.,"La aviación privada siempre ha servido a la riqueza tradicional. Jettset se creó también para la nueva generación, sin pedir a ninguna de las dos que ceda.",لطالما خدم الطيران الخاص الثروات العريقة. وقد بُنيت Jettset أيضًا للجيل الجديد — دون أن تطلب من أيٍّ من الطرفين التنازل.
pages,Traditional HNW & UHNW Principals,Dirigeants traditionnels HNW et UHNW,Principales tradicionales HNW y UHNW,الشخصيات التقليدية ذات الثروات العالية والفائقة
pages,"<strong>Cares about:</strong> Privacy, continuity, safety, family readiness, peak access","<strong>Ce qui compte :</strong> intimité, continuité, sécurité, préparation de la famille, accès en période de pointe","<strong>Le importa:</strong> privacidad, continuidad, seguridad, preparación familiar, acceso en temporada alta",<strong>ما يهمه:</strong> الخصوصية والاستمرارية والسلامة وجاهزية الأسرة والوصول في أوقات الذروة
pages,Cares about:,Ce qui compte :,Le importa:,ما يهمه:
pages,"Privacy, continuity, safety, family readiness, peak access","intimité, continuité, sécurité, préparation de la famille, accès en période de pointe","privacidad, continuidad, seguridad, preparación familiar, acceso en temporada alta",الخصوصية والاستمرارية والسلامة وجاهزية الأسرة والوصول في أوقات الذروة
pages,"<strong>Breaks trust:</strong> Inconsistent aircraft, opaque sourcing, security concerns","<strong>Ce qui rompt la confiance :</strong> appareils inconstants, sourcing opaque, préoccupations de sécurité","<strong>Lo que rompe la confianza:</strong> aeronaves inconsistentes, búsqueda opaca, problemas de seguridad",<strong>ما يكسر الثقة:</strong> طائرات غير متسقة وتوريد غامض ومخاوف أمنية
pages,Breaks trust:,Ce qui rompt la confiance :,Lo que rompe la confianza:,ما يكسر الثقة:
pages,"Inconsistent aircraft, opaque sourcing, security concerns","appareils inconstants, sourcing opaque, préoccupations de sécurité","aeronaves inconsistentes, búsqueda opaca, problemas de seguridad",طائرات غير متسقة وتوريد غامض ومخاوف أمنية
pages,"A private aviation chief-of-staff — direct operator sourcing, a named lead, full preference memory, and security-grade discretion.","Un chef de cabinet de l’aviation privée — recherche directe auprès des opérateurs, un responsable désigné, mémoire complète des préférences et discrétion de niveau sécurité.","Un jefe de gabinete de aviación privada: búsqueda directa con operadores, un responsable designado, memoria completa de preferencias y discreción de nivel de seguridad.",رئيس مكتب للطيران الخاص — توريد مباشر من المشغّلين ومسؤول معيَّن وذاكرة كاملة للتفضيلات وتكتّم بمستوى أمني.
pages,Family Office & Executive Assistants,Family offices et assistants de direction,Family offices y asistentes ejecutivos,المكاتب العائلية والمساعدون التنفيذيون
pages,"<strong>Cares about:</strong> Speed, SLAs, policy compliance, invoice clarity, repeatability","<strong>Ce qui compte :</strong> rapidité, SLA, conformité aux politiques, clarté des factures, répétabilité","<strong>Le importa:</strong> rapidez, SLA, cumplimiento de políticas, claridad de facturas, repetibilidad",<strong>ما يهمه:</strong> السرعة واتفاقيات مستوى الخدمة والامتثال للسياسات ووضوح الفواتير وقابلية التكرار
pages,"Speed, SLAs, policy compliance, invoice clarity, repeatability","rapidité, SLA, conformité aux politiques, clarté des factures, répétabilité","rapidez, SLA, cumplimiento de políticas, claridad de facturas, repetibilidad",السرعة واتفاقيات مستوى الخدمة والامتثال للسياسات ووضوح الفواتير وقابلية التكرار
pages,"<strong>Breaks trust:</strong> Slow quoting, messy paperwork, no escalation path","<strong>Ce qui rompt la confiance :</strong> devis lents, paperasse désordonnée, aucun circuit d’escalade","<strong>Lo que rompe la confianza:</strong> presupuestos lentos, papeleo desordenado, sin vía de escalado",<strong>ما يكسر الثقة:</strong> عروض أسعار بطيئة وأوراق مبعثرة وغياب مسار للتصعيد
pages,"Slow quoting, messy paperwork, no escalation path","devis lents, paperasse désordonnée, aucun circuit d’escalade","presupuestos lentos, papeleo desordenado, sin vía de escalado",عروض أسعار بطيئة وأوراق مبعثرة وغياب مسار للتصعيد
pages,"A single desk for board travel, family office movement, and special missions — SLA-backed, with clean reporting throughout.","Un guichet unique pour les voyages de conseil d’administration, les déplacements de family office et les missions spéciales — appuyé par des SLA, avec un reporting clair de bout en bout.","Una ventanilla única para viajes de consejo de administración, desplazamientos de family office y misiones especiales, respaldada por SLA y con informes claros en todo momento.",مكتب واحد لسفر مجالس الإدارة وتنقلات المكاتب العائلية والمهام الخاصة — مدعوم باتفاقيات مستوى الخدمة وبتقارير واضحة في كل مرحلة.
pages,Founders & Entrepreneurs,Fondateurs et entrepreneurs,Fundadores y emprendedores,المؤسسون ورواد الأعمال
pages,"<strong>Cares about:</strong> Flexible short-notice, multi-city movement, productive cabins","<strong>Ce qui compte :</strong> flexibilité à court préavis, déplacements multi-villes, cabines productives","<strong>Le importa:</strong> flexibilidad con poco preaviso, desplazamientos entre varias ciudades, cabinas productivas",<strong>ما يهمه:</strong> مرونة بإشعار قصير وتنقل بين عدة مدن ومقصورات منتجة
pages,"Flexible short-notice, multi-city movement, productive cabins","flexibilité à court préavis, déplacements multi-villes, cabines productives","flexibilidad con poco preaviso, desplazamientos entre varias ciudades, cabinas productivas",مرونة بإشعار قصير وتنقل بين عدة مدن ومقصورات منتجة
pages,"<strong>Breaks trust:</strong> Bureaucratic booking, poor connectivity, limited availability","<strong>Ce qui rompt la confiance :</strong> réservation bureaucratique, mauvaise connectivité, disponibilité limitée","<strong>Lo que rompe la confianza:</strong> reservas burocráticas, mala conectividad, disponibilidad limitada",<strong>ما يكسر الثقة:</strong> حجز بيروقراطي واتصال ضعيف وتوفر محدود
pages,"Bureaucratic booking, poor connectivity, limited availability","réservation bureaucratique, mauvaise connectivité, disponibilité limitée","reservas burocráticas, mala conectividad, disponibilidad limitada",حجز بيروقراطي واتصال ضعيف وتوفر محدود
pages,"Founder-speed global access — frictionless booking, onboard productivity, and routing that follows your calendar, not the other way round.","Un accès mondial à la vitesse d’un fondateur — réservation sans friction, productivité à bord et itinéraires qui suivent votre agenda, et non l’inverse.","Acceso global a la velocidad de un fundador: reservas sin fricciones, productividad a bordo y rutas que siguen su agenda, y no al revés.",وصول عالمي بسرعة المؤسسين — حجز بلا احتكاك وإنتاجية على متن الطائرة ومسارات تتبع جدولك لا العكس.
pages,Recording Artists & Touring Teams,Artistes et équipes de tournée,Artistas y equipos de gira,الفنانون وفرق الجولات
pages,"<strong>Cares about:</strong> Reliability, entourage handling, late-night flexibility, security","<strong>Ce qui compte :</strong> fiabilité, gestion de l’entourage, flexibilité tardive, sécurité","<strong>Le importa:</strong> fiabilidad, gestión del séquito, flexibilidad a altas horas, seguridad",<strong>ما يهمه:</strong> الموثوقية وإدارة المرافقين والمرونة في ساعات الليل المتأخرة والأمن
pages,"Reliability, entourage handling, late-night flexibility, security","fiabilité, gestion de l’entourage, flexibilité tardive, sécurité","fiabilidad, gestión del séquito, flexibilidad a altas horas, seguridad",الموثوقية وإدارة المرافقين والمرونة في ساعات الليل المتأخرة والأمن
pages,"<strong>Breaks trust:</strong> Missed slots, weak recovery, poor instrument or baggage handling","<strong>Ce qui rompt la confiance :</strong> créneaux manqués, récupération insuffisante, mauvaise manutention des instruments ou des bagages","<strong>Lo que rompe la confianza:</strong> franjas perdidas, mala recuperación, mala manipulación de instrumentos o equipaje",<strong>ما يكسر الثقة:</strong> فوات المواعيد المخصصة وضعف التعافي وسوء التعامل مع الآلات الموسيقية أو الأمتعة
pages,"Missed slots, weak recovery, poor instrument or baggage handling","créneaux manqués, récupération insuffisante, mauvaise manutention des instruments ou des bagages","franjas perdidas, mala recuperación, mala manipulación de instrumentos o equipaje",فوات المواعيد المخصصة وضعف التعافي وسوء التعامل مع الآلات الموسيقية أو الأمتعة
pages,"Tour-grade mission control for talent, management, and VIP guest movements — built for the road, not against it.","Un centre de contrôle de niveau tournée pour les artistes, leur management et les déplacements d’invités VIP — conçu pour la route, pas contre elle.","Un centro de control de nivel de gira para artistas, representantes y desplazamientos de invitados VIP: creado para la carretera, no en su contra.",مركز تحكم بمستوى الجولات للفنانين وإدارتهم وتنقلات ضيوف كبار الشخصيات — مبني من أجل الطريق لا ضده.
pages,"Sourced through relationships with artist managers and touring agencies, not cold outreach.","Trouvé grâce à des relations avec des managers d’artistes et des agences de tournée, et non par démarchage à froid.","Obtenido mediante relaciones con representantes de artistas y agencias de gira, no mediante contactos en frío.",يأتي عبر علاقات مع مديري الفنانين ووكالات الجولات، لا عبر التواصل البارد.
pages,Athletes & Sports Executives,Sportifs et dirigeants du sport,Deportistas y directivos deportivos,الرياضيون وقيادات الرياضة
pages,"<strong>Cares about:</strong> Event logistics, privacy, recovery windows, family handling","<strong>Ce qui compte :</strong> logistique des événements, intimité, fenêtres de récupération, accueil de la famille","<strong>Le importa:</strong> logística de eventos, privacidad, ventanas de recuperación, atención a la familia",<strong>ما يهمه:</strong> لوجستيات الفعاليات والخصوصية ونوافذ التعافي ورعاية الأسرة
pages,"Event logistics, privacy, recovery windows, family handling","logistique des événements, intimité, fenêtres de récupération, accueil de la famille","logística de eventos, privacidad, ventanas de recuperación, atención a la familia",لوجستيات الفعاليات والخصوصية ونوافذ التعافي ورعاية الأسرة
pages,"<strong>Breaks trust:</strong> Game-day chaos, media exposure, poor ground coordination","<strong>Ce qui rompt la confiance :</strong> chaos le jour du match, exposition médiatique, mauvaise coordination au sol","<strong>Lo que rompe la confianza:</strong> caos el día del partido, exposición mediática, mala coordinación en tierra",<strong>ما يكسر الثقة:</strong> فوضى يوم المباراة والتعرض الإعلامي وسوء التنسيق على الأرض
pages,"Game-day chaos, media exposure, poor ground coordination","chaos le jour du match, exposition médiatique, mauvaise coordination au sol","caos el día del partido, exposición mediática, mala coordinación en tierra",فوضى يوم المباراة والتعرض الإعلامي وسوء التنسيق على الأرض
pages,"Performance-first travel, built around fixtures, recovery, and secure arrival-to-departure handling.","Des voyages axés sur la performance, bâtis autour des rencontres, de la récupération et d’une prise en charge sécurisée de l’arrivée au départ.","Viajes centrados en el rendimiento, construidos en torno a los partidos, la recuperación y una atención segura de la llegada a la salida.",سفر يضع الأداء أولًا، مبني حول المباريات والتعافي ومرافقة آمنة من الوصول حتى المغادرة.
pages,Built alongside sports agencies and tournament hospitality groups who know the calendar before it's public.,Conçu aux côtés d’agences sportives et de groupes d’hospitalité de tournois qui connaissent le calendrier avant qu’il ne soit public.,Creado junto a agencias deportivas y grupos de hospitalidad de torneos que conocen el calendario antes de que sea público.,بُني بجانب وكالات رياضية ومجموعات ضيافة بطولات تعرف التقويم قبل أن يُعلَن.
pages,Influencers & Cultural Tastemakers,Influenceurs et prescripteurs culturels,Influencers y referentes culturales,المؤثرون وصنّاع الذوق الثقافي
pages,"<strong>Cares about:</strong> Visual polish, status signalling, fan-safe confidentiality","<strong>Ce qui compte :</strong> soin de l’image, signalement du statut, confidentialité compatible avec les fans","<strong>Le importa:</strong> pulido visual, señales de estatus, confidencialidad a prueba de fans",<strong>ما يهمه:</strong> الصقل البصري ودلالات المكانة وسرية تحمي من المعجبين
pages,"Visual polish, status signalling, fan-safe confidentiality","soin de l’image, signalement du statut, confidentialité compatible avec les fans","pulido visual, señales de estatus, confidencialidad a prueba de fans",الصقل البصري ودلالات المكانة وسرية تحمي من المعجبين
pages,"<strong>Breaks trust:</strong> Generic luxury tone, privacy leaks, inflexible content rights","<strong>Ce qui rompt la confiance :</strong> ton luxueux générique, fuites de vie privée, droits de contenu inflexibles","<strong>Lo que rompe la confianza:</strong> tono de lujo genérico, filtraciones de privacidad, derechos de contenido inflexibles",<strong>ما يكسر الثقة:</strong> نبرة فخامة عامة وتسرّب الخصوصية وحقوق محتوى غير مرنة
pages,"Generic luxury tone, privacy leaks, inflexible content rights","ton luxueux générique, fuites de vie privée, droits de contenu inflexibles","tono de lujo genérico, filtraciones de privacidad, derechos de contenido inflexibles",نبرة فخامة عامة وتسرّب الخصوصية وحقوق محتوى غير مرنة
pages,"A culturally fluent aviation brand — one that understands launch windows, entourage needs, content boundaries, and partner activations.","Une marque d’aviation à l’aise avec la culture — qui comprend les fenêtres de lancement, les besoins d’entourage, les limites de contenu et les activations avec des partenaires.","Una marca de aviación con fluidez cultural, que entiende las ventanas de lanzamiento, las necesidades del séquito, los límites de contenido y las activaciones con socios.",علامة طيران متمكنة ثقافيًا — تفهم نوافذ الإطلاق واحتياجات المرافقين وحدود المحتوى وتفعيلات الشركاء.
pages,Find Your Fit,Trouvez votre profil,Encuentre su perfil,اعثر على ما يناسبك
pages,"Wherever you sit across these six, the experience is built around how you actually move — not a generic luxury template.","Quel que soit votre profil parmi ces six, l’expérience est bâtie autour de votre façon de voyager réelle — pas autour d’un modèle de luxe générique.","Se sitúe donde se sitúe entre estos seis, la experiencia se construye en torno a cómo se mueve realmente, no en torno a una plantilla de lujo genérica.",أيًّا كان موضعك بين هذه الستة، فالتجربة مبنية حول طريقة تنقلك الفعلية — لا حول قالب فخامة عام.
pages,Tell Us Where You Fit,Dites-nous où vous vous situez,Díganos dónde se sitúa,أخبرنا أين تقع
pages,Guest Segments | Jettset Global,Segments d’invités | Jettset Global,Segmentos de huéspedes | Jettset Global,شرائح الضيوف | Jettset Global
pages,"Who Jettset serves — founders, artists, athletes, and the new guard of private aviation.","Ceux que Jettset sert — fondateurs, artistes, sportifs et la nouvelle garde de l’aviation privée.","A quién sirve Jettset: fundadores, artistas, deportistas y la nueva generación de la aviación privada.",من تخدمهم Jettset — مؤسسون وفنانون ورياضيون والجيل الجديد في الطيران الخاص.
pages,"Jettset's own branded carpet in the hangar, with the office dog","La moquette de marque Jettset dans le hangar, avec le chien du bureau","La alfombra con la marca de Jettset en el hangar, con el perro de la oficina",سجادة Jettset ذات العلامة التجارية في الحظيرة، مع كلب المكتب
legal,Legal,Mentions légales,Aviso legal,الإشعارات القانونية
legal,Privacy Policy,Politique de confidentialité,Política de privacidad,سياسة الخصوصية
legal,Jettset Europe Ltd · Company No. 16650329 · United Kingdom,Jettset Europe Ltd · Société n° 16650329 · Royaume-Uni,Jettset Europe Ltd · N.º de sociedad 16650329 · Reino Unido,Jettset Europe Ltd · رقم الشركة 16650329 · المملكة المتحدة
legal,"Discretion is part of the service. This notice explains how Jettset collects, uses, shares, protects and retains personal information across our website, private aviation, concierge, membership, partnership and advisory services. It applies when you visit our website, make an enquiry, travel with us, use one of our services, join a membership, work with us as a partner, or communicate with our team.","La discrétion fait partie du service. Cet avis explique comment Jettset collecte, utilise, partage, protège et conserve les informations personnelles dans le cadre de son site web, de l’aviation privée, de la conciergerie, des adhésions, des partenariats et des services de conseil. Il s’applique lorsque vous visitez notre site, formulez une demande, voyagez avec nous, utilisez l’un de nos services, adhérez à un programme, travaillez avec nous en tant que partenaire ou communiquez avec notre équipe.","La discreción forma parte del servicio. Este aviso explica cómo Jettset recopila, utiliza, comparte, protege y conserva la información personal en relación con nuestro sitio web y nuestros servicios de aviación privada, conserjería, membresía, colaboración y asesoría. Se aplica cuando visita nuestro sitio web, realiza una consulta, viaja con nosotros, utiliza uno de nuestros servicios, se une a una membresía, colabora con nosotros como socio o se comunica con nuestro equipo.",التكتّم جزء من الخدمة. يوضح هذا الإشعار كيف تجمع Jettset المعلومات الشخصية وتستخدمها وتشاركها وتحميها وتحتفظ بها عبر موقعنا الإلكتروني وخدمات الطيران الخاص والكونسيرج والعضوية والشراكة والاستشارات. وهو ينطبق عند زيارتك موقعنا أو تقديم استفسار أو السفر معنا أو استخدام إحدى خدماتنا أو الانضمام إلى عضوية أو العمل معنا كشريك أو التواصل مع فريقنا.
legal,"<span class=""legal-num"">01</span> Who We Are","<span class=""legal-num"">01</span> Qui nous sommes","<span class=""legal-num"">01</span> Quiénes somos","<span class=""legal-num"">01</span> من نحن"
legal,"Jettset Europe Ltd is the data controller for the personal information covered by this notice. That means we decide how and why that information is used. Privacy enquiries and requests may be sent to <a href=""mailto:info@jettsetglobal.com"">info@jettsetglobal.com</a>.","Jettset Europe Ltd est le responsable du traitement des informations personnelles visées par cet avis. Cela signifie que nous décidons comment et pourquoi ces informations sont utilisées. Les questions et demandes relatives à la confidentialité peuvent être envoyées à <a href=""mailto:info@jettsetglobal.com"">info@jettsetglobal.com</a>.","Jettset Europe Ltd es el responsable del tratamiento de la información personal a la que se refiere este aviso. Esto significa que decidimos cómo y por qué se utiliza esa información. Las consultas y solicitudes sobre privacidad pueden enviarse a <a href=""mailto:info@jettsetglobal.com"">info@jettsetglobal.com</a>.","Jettset Europe Ltd هي المتحكّم في البيانات الشخصية التي يشملها هذا الإشعار. ويعني ذلك أننا نقرر كيف ولماذا تُستخدم تلك المعلومات. يمكن إرسال استفسارات وطلبات الخصوصية إلى <a href=""mailto:info@jettsetglobal.com"">info@jettsetglobal.com</a>."
legal,Jettset Europe Ltd is the data controller for the personal information covered by this notice. That means we decide how and why that information is used. Privacy enquiries and requests may be sent to,Jettset Europe Ltd est le responsable du traitement des informations personnelles visées par cet avis. Cela signifie que nous décidons comment et pourquoi ces informations sont utilisées. Les questions et demandes relatives à la confidentialité peuvent être envoyées à,Jettset Europe Ltd es el responsable del tratamiento de la información personal a la que se refiere este aviso. Esto significa que decidimos cómo y por qué se utiliza esa información. Las consultas y solicitudes sobre privacidad pueden enviarse a,Jettset Europe Ltd هي المتحكّم في البيانات الشخصية التي يشملها هذا الإشعار. ويعني ذلك أننا نقرر كيف ولماذا تُستخدم تلك المعلومات. يمكن إرسال استفسارات وطلبات الخصوصية إلى
legal,"<span class=""legal-num"">02</span> What We Collect","<span class=""legal-num"">02</span> Ce que nous collectons","<span class=""legal-num"">02</span> Qué recopilamos","<span class=""legal-num"">02</span> ما نجمعه"
legal,What We Collect,Ce que nous collectons,Qué recopilamos,ما نجمعه
legal,"To respond to an enquiry and deliver a journey safely, discreetly and personally, we may collect the following categories of information:","Afin de répondre à une demande et d’assurer un voyage en toute sécurité, avec discrétion et de façon personnalisée, nous pouvons collecter les catégories d’informations suivantes :","Para responder a una consulta y realizar un viaje de forma segura, discreta y personal, podemos recopilar las siguientes categorías de información:",للرد على استفسار وتنفيذ رحلة بأمان وتكتّم وبصورة شخصية، قد نجمع الفئات التالية من المعلومات:
legal,"<strong>Identity details</strong> — full name, date of birth, nationality, passport details, place of birth, gender and other information required by an operator, airport, border authority or destination.","<strong>Données d’identité</strong> — nom complet, date de naissance, nationalité, données du passeport, lieu de naissance, sexe et autres informations exigées par un opérateur, un aéroport, une autorité frontalière ou une destination.","<strong>Datos de identidad</strong>: nombre completo, fecha de nacimiento, nacionalidad, datos del pasaporte, lugar de nacimiento, sexo y otra información exigida por un operador, un aeropuerto, una autoridad fronteriza o un destino.",<strong>بيانات الهوية</strong> — الاسم الكامل وتاريخ الميلاد والجنسية وبيانات جواز السفر ومكان الولادة والجنس وأي معلومات أخرى يطلبها مشغّل أو مطار أو سلطة حدودية أو وجهة.
legal,Identity details,Données d’identité,Datos de identidad,بيانات الهوية
legal,"— full name, date of birth, nationality, passport details, place of birth, gender and other information required by an operator, airport, border authority or destination.","— nom complet, date de naissance, nationalité, données du passeport, lieu de naissance, sexe et autres informations exigées par un opérateur, un aéroport, une autorité frontalière ou une destination.","— nombre completo, fecha de nacimiento, nacionalidad, datos del pasaporte, lugar de nacimiento, sexo y otra información exigida por un operador, un aeropuerto, una autoridad fronteriza o un destino.",— الاسم الكامل وتاريخ الميلاد والجنسية وبيانات جواز السفر ومكان الولادة والجنس وأي معلومات أخرى يطلبها مشغّل أو مطار أو سلطة حدودية أو وجهة.
legal,"<strong>Contact details</strong> — email address, telephone number, billing address and preferred method of contact.","<strong>Coordonnées</strong> — adresse e-mail, numéro de téléphone, adresse de facturation et mode de contact préféré.","<strong>Datos de contacto</strong>: correo electrónico, número de teléfono, dirección de facturación y método de contacto preferido.",<strong>بيانات الاتصال</strong> — عنوان البريد الإلكتروني ورقم الهاتف وعنوان الفوترة وطريقة التواصل المفضلة.
legal,Contact details,Coordonnées,Datos de contacto,بيانات الاتصال
legal,"— email address, telephone number, billing address and preferred method of contact.","— adresse e-mail, numéro de téléphone, adresse de facturation et mode de contact préféré.","— correo electrónico, número de teléfono, dirección de facturación y método de contacto preferido.",— عنوان البريد الإلكتروني ورقم الهاتف وعنوان الفوترة وطريقة التواصل المفضلة.
legal,"<strong>Journey details</strong> — routes, dates, passenger information, pet information, baggage, catering, ground transport, accommodation, security and other service requirements.","<strong>Détails du voyage</strong> — itinéraires, dates, informations sur les passagers, informations sur les animaux, bagages, restauration, transport terrestre, hébergement, sécurité et autres besoins de service.","<strong>Detalles del viaje</strong>: rutas, fechas, información de los pasajeros, información sobre mascotas, equipaje, catering, transporte terrestre, alojamiento, seguridad y otros requisitos de servicio.",<strong>تفاصيل الرحلة</strong> — المسارات والتواريخ ومعلومات الركاب ومعلومات الحيوانات الأليفة والأمتعة والتموين والنقل البري والإقامة والأمن ومتطلبات الخدمة الأخرى.
legal,"— routes, dates, passenger information, pet information, baggage, catering, ground transport, accommodation, security and other service requirements.","— itinéraires, dates, informations sur les passagers, informations sur les animaux, bagages, restauration, transport terrestre, hébergement, sécurité et autres besoins de service.","— rutas, fechas, información de los pasajeros, información sobre mascotas, equipaje, catering, transporte terrestre, alojamiento, seguridad y otros requisitos de servicio.",— المسارات والتواريخ ومعلومات الركاب ومعلومات الحيوانات الأليفة والأمتعة والتموين والنقل البري والإقامة والأمن ومتطلبات الخدمة الأخرى.
legal,"<strong>Guest preferences</strong> — preferred destinations, aircraft likes and dislikes, cabin preferences, dietary requirements, hotel preferences, favourite products and other details you ask us to remember for future journeys.","<strong>Préférences de l’invité</strong> — destinations préférées, appareils appréciés ou non, préférences de cabine, régimes alimentaires, préférences hôtelières, produits favoris et autres éléments que vous nous demandez de retenir pour de futurs voyages.","<strong>Preferencias del huésped</strong>: destinos preferidos, aeronaves que le gustan o no, preferencias de cabina, requisitos dietéticos, preferencias de hotel, productos favoritos y otros detalles que nos pide recordar para futuros viajes.",<strong>تفضيلات الضيف</strong> — الوجهات المفضلة والطائرات التي تحبها أو لا تحبها وتفضيلات المقصورة والمتطلبات الغذائية وتفضيلات الفنادق والمنتجات المفضلة وأي تفاصيل أخرى تطلب منا تذكرها لرحلاتك المقبلة.
legal,Guest preferences,Préférences de l’invité,Preferencias del huésped,تفضيلات الضيف
legal,"— preferred destinations, aircraft likes and dislikes, cabin preferences, dietary requirements, hotel preferences, favourite products and other details you ask us to remember for future journeys.","— destinations préférées, appareils appréciés ou non, préférences de cabine, régimes alimentaires, préférences hôtelières, produits favoris et autres éléments que vous nous demandez de retenir pour de futurs voyages.","— destinos preferidos, aeronaves que le gustan o no, preferencias de cabina, requisitos dietéticos, preferencias de hotel, productos favoritos y otros detalles que nos pide recordar para futuros viajes.",— الوجهات المفضلة والطائرات التي تحبها أو لا تحبها وتفضيلات المقصورة والمتطلبات الغذائية وتفضيلات الفنادق والمنتجات المفضلة وأي تفاصيل أخرى تطلب منا تذكرها لرحلاتك المقبلة.
legal,"<strong>Payment and transaction information</strong> — payment status, invoices, billing records and limited transaction information. Full card details and cryptocurrency wallet credentials are handled by the relevant payment provider.","<strong>Informations de paiement et de transaction</strong> — statut du paiement, factures, justificatifs de facturation et informations de transaction limitées. Les données complètes de carte bancaire et les identifiants de portefeuille de cryptomonnaie sont traités par le prestataire de paiement concerné.","<strong>Información de pago y de transacciones</strong>: estado del pago, facturas, registros de facturación e información limitada sobre transacciones. Los datos completos de la tarjeta y las credenciales de monederos de criptomonedas los gestiona el proveedor de pago correspondiente.",<strong>معلومات الدفع والمعاملات</strong> — حالة الدفع والفواتير وسجلات الفوترة ومعلومات محدودة عن المعاملات. وتتولى جهة الدفع المعنية معالجة بيانات البطاقة الكاملة وبيانات اعتماد محافظ العملات المشفّرة.
legal,Payment and transaction information,Informations de paiement et de transaction,Información de pago y de transacciones,معلومات الدفع والمعاملات
legal,"— payment status, invoices, billing records and limited transaction information. Full card details and cryptocurrency wallet credentials are handled by the relevant payment provider.","— statut du paiement, factures, justificatifs de facturation et informations de transaction limitées. Les données complètes de carte bancaire et les identifiants de portefeuille de cryptomonnaie sont traités par le prestataire de paiement concerné.","— estado del pago, facturas, registros de facturación e información limitada sobre transacciones. Los datos completos de la tarjeta y las credenciales de monederos de criptomonedas los gestiona el proveedor de pago correspondiente.",— حالة الدفع والفواتير وسجلات الفوترة ومعلومات محدودة عن المعاملات. وتتولى جهة الدفع المعنية معالجة بيانات البطاقة الكاملة وبيانات اعتماد محافظ العملات المشفّرة.
legal,"<strong>Communications</strong> — enquiries, booking correspondence, calls, messages, feedback and support requests.","<strong>Communications</strong> — demandes, correspondance de réservation, appels, messages, retours d’expérience et demandes d’assistance.","<strong>Comunicaciones</strong>: consultas, correspondencia de reservas, llamadas, mensajes, comentarios y solicitudes de asistencia.",<strong>المراسلات</strong> — الاستفسارات ومراسلات الحجز والمكالمات والرسائل والملاحظات وطلبات الدعم.
legal,Communications,Communications,Comunicaciones,المراسلات
legal,"— enquiries, booking correspondence, calls, messages, feedback and support requests.","— demandes, correspondance de réservation, appels, messages, retours d’expérience et demandes d’assistance.","— consultas, correspondencia de reservas, llamadas, mensajes, comentarios y solicitudes de asistencia.",— الاستفسارات ومراسلات الحجز والمكالمات والرسائل والملاحظات وطلبات الدعم.
legal,"<strong>Website and device information</strong> — IP address, browser, device, pages viewed, referral source and cookie information, subject to your cookie choices.","<strong>Informations sur le site et l’appareil</strong> — adresse IP, navigateur, appareil, pages consultées, source de provenance et informations sur les cookies, sous réserve de vos choix en matière de cookies.","<strong>Información del sitio web y del dispositivo</strong>: dirección IP, navegador, dispositivo, páginas vistas, fuente de referencia e información de cookies, sujeta a sus elecciones sobre cookies.",<strong>معلومات الموقع والجهاز</strong> — عنوان IP والمتصفح والجهاز والصفحات المعروضة ومصدر الإحالة ومعلومات ملفات تعريف الارتباط، وفق خياراتك بشأنها.
legal,Website and device information,Informations sur le site et l’appareil,Información del sitio web y del dispositivo,معلومات الموقع والجهاز
legal,"— IP address, browser, device, pages viewed, referral source and cookie information, subject to your cookie choices.","— adresse IP, navigateur, appareil, pages consultées, source de provenance et informations sur les cookies, sous réserve de vos choix en matière de cookies.","— dirección IP, navegador, dispositivo, páginas vistas, fuente de referencia e información de cookies, sujeta a sus elecciones sobre cookies.",— عنوان IP والمتصفح والجهاز والصفحات المعروضة ومصدر الإحالة ومعلومات ملفات تعريف الارتباط، وفق خياراتك بشأنها.
legal,"<strong>Sensitive travel information</strong> — health, accessibility, dietary, security or press-sensitivity information where it is genuinely relevant to the journey and you choose to provide it.","<strong>Informations de voyage sensibles</strong> — informations de santé, d’accessibilité, d’alimentation, de sécurité ou de sensibilité médiatique, lorsqu’elles sont réellement pertinentes pour le voyage et que vous choisissez de les fournir.","<strong>Información sensible de viaje</strong>: información sobre salud, accesibilidad, dieta, seguridad o sensibilidad mediática cuando sea realmente relevante para el viaje y usted decida facilitarla.",<strong>معلومات السفر الحساسة</strong> — معلومات الصحة أو إمكانية الوصول أو الغذاء أو الأمن أو الحساسية الإعلامية، حيثما تكون ذات صلة فعلية بالرحلة وتختار تقديمها.
legal,Sensitive travel information,Informations de voyage sensibles,Información sensible de viaje,معلومات السفر الحساسة
legal,"— health, accessibility, dietary, security or press-sensitivity information where it is genuinely relevant to the journey and you choose to provide it.","— informations de santé, d’accessibilité, d’alimentation, de sécurité ou de sensibilité médiatique, lorsqu’elles sont réellement pertinentes pour le voyage et que vous choisissez de les fournir.","— información sobre salud, accesibilidad, dieta, seguridad o sensibilidad mediática cuando sea realmente relevante para el viaje y usted decida facilitarla.",— معلومات الصحة أو إمكانية الوصول أو الغذاء أو الأمن أو الحساسية الإعلامية، حيثما تكون ذات صلة فعلية بالرحلة وتختار تقديمها.
legal,"We may receive information directly from you or from a person acting for you, including an executive assistant, family office, travel adviser, agent, employer, relative or other authorised representative. We may also receive operational information from aircraft operators and suppliers involved in your journey. If you provide information about another passenger, you confirm that you are authorised to provide it and that the passenger has been given access to this notice.","Nous pouvons recevoir des informations directement de vous ou d’une personne agissant pour votre compte, notamment un assistant de direction, un family office, un conseiller en voyages, un agent, un employeur, un proche ou un autre représentant autorisé. Nous pouvons aussi recevoir des informations opérationnelles de la part d’opérateurs d’appareils et de fournisseurs impliqués dans votre voyage. Si vous fournissez des informations sur un autre passager, vous confirmez que vous êtes autorisé à le faire et que ce passager a eu accès au présent avis.","Podemos recibir información directamente de usted o de una persona que actúe en su nombre, incluidos un asistente ejecutivo, un family office, un asesor de viajes, un agente, un empleador, un familiar u otro representante autorizado. También podemos recibir información operativa de operadores de aeronaves y proveedores que participen en su viaje. Si facilita información sobre otro pasajero, confirma que está autorizado para ello y que dicho pasajero ha tenido acceso a este aviso.",قد نتلقى المعلومات منك مباشرةً أو من شخص يتصرف نيابةً عنك، بما في ذلك المساعد التنفيذي أو المكتب العائلي أو مستشار السفر أو الوكيل أو جهة العمل أو أحد الأقارب أو أي ممثل مفوَّض آخر. وقد نتلقى أيضًا معلومات تشغيلية من مشغّلي الطائرات والموردين المشاركين في رحلتك. وإذا قدمت معلومات عن راكب آخر، فإنك تؤكد أنك مخوَّل بتقديمها وأن هذا الراكب أُتيح له الاطلاع على هذا الإشعار.
legal,"<span class=""legal-num"">03</span> How We Use Your Information","<span class=""legal-num"">03</span> Comment nous utilisons vos informations","<span class=""legal-num"">03</span> Cómo utilizamos su información","<span class=""legal-num"">03</span> كيف نستخدم معلوماتك"
legal,How We Use Your Information,Comment nous utilisons vos informations,Cómo utilizamos su información,كيف نستخدم معلوماتك
legal,Respond to enquiries and prepare quotations.,Répondre aux demandes et préparer des devis.,Responder a consultas y preparar presupuestos.,الرد على الاستفسارات وإعداد عروض الأسعار.
legal,"Arrange, confirm and manage private aviation, ground transport, accommodation, concierge and related services.","Organiser, confirmer et gérer l’aviation privée, le transport terrestre, l’hébergement, la conciergerie et les services connexes.","Organizar, confirmar y gestionar la aviación privada, el transporte terrestre, el alojamiento, la conserjería y los servicios relacionados.",ترتيب الطيران الخاص والنقل البري والإقامة والكونسيرج والخدمات ذات الصلة وتأكيدها وإدارتها.
legal,"Complete passenger manifests, operator checks, permits, airport formalities and other operational requirements.","Établir les manifestes de passagers, effectuer les contrôles d’opérateurs, obtenir les autorisations, accomplir les formalités aéroportuaires et satisfaire aux autres exigences opérationnelles.","Completar manifiestos de pasajeros, comprobaciones de operadores, permisos, trámites aeroportuarios y otros requisitos operativos.",إعداد قوائم الركاب وإجراء فحوص المشغّلين واستخراج التصاريح وإتمام إجراءات المطارات والمتطلبات التشغيلية الأخرى.
legal,"Manage payments, invoices, refunds, fraud prevention and financial records.","Gérer les paiements, les factures, les remboursements, la prévention de la fraude et les dossiers financiers.","Gestionar pagos, facturas, reembolsos, prevención del fraude y registros financieros.",إدارة المدفوعات والفواتير واسترداد الأموال ومنع الاحتيال والسجلات المالية.
legal,"Provide membership, Jet Card, Legs, partnership and account services.","Fournir les services d’adhésion, de Jet Card, de Legs, de partenariat et de compte.","Prestar los servicios de membresía, Jet Card, Legs, colaboración y cuenta.",تقديم خدمات العضوية وJet Card وLegs والشراكة والحساب.
legal,Maintain a guest profile so future journeys reflect what we already know about you.,Tenir un profil d’invité afin que les voyages futurs reflètent ce que nous savons déjà de vous.,Mantener un perfil de huésped para que los futuros viajes reflejen lo que ya sabemos de usted.,الاحتفاظ بملف ضيف لتعكس رحلاتك المقبلة ما نعرفه عنك بالفعل.
legal,"Communicate itinerary changes, service updates and support information.","Communiquer les modifications d’itinéraire, les mises à jour de service et les informations d’assistance.","Comunicar cambios de itinerario, novedades del servicio e información de asistencia.",إبلاغك بتغييرات خط السير وتحديثات الخدمة ومعلومات الدعم.
legal,"Meet legal, regulatory, tax, accounting, safety, sanctions and security obligations.","Respecter nos obligations légales, réglementaires, fiscales, comptables, de sécurité, de sanctions et de sûreté.","Cumplir nuestras obligaciones legales, regulatorias, fiscales, contables, de seguridad, de sanciones y de protección.",الوفاء بالتزاماتنا القانونية والتنظيمية والضريبية والمحاسبية والمتعلقة بالسلامة والعقوبات والأمن.
legal,"Protect our guests, team, suppliers, systems and business.","Protéger nos invités, notre équipe, nos fournisseurs, nos systèmes et notre activité.","Proteger a nuestros huéspedes, equipo, proveedores, sistemas y negocio.",حماية ضيوفنا وفريقنا وموردينا وأنظمتنا وأعمالنا.
legal,"Improve our website, service standards and guest experience.","Améliorer notre site web, nos standards de service et l’expérience de nos invités.","Mejorar nuestro sitio web, nuestros estándares de servicio y la experiencia de los huéspedes.",تحسين موقعنا ومعايير خدمتنا وتجربة ضيوفنا.
legal,"Send relevant news, invitations or offers where permitted and in line with your preferences.","Envoyer des actualités, invitations ou offres pertinentes lorsque cela est autorisé et conformément à vos préférences.","Enviar noticias, invitaciones u ofertas relevantes cuando esté permitido y de acuerdo con sus preferencias.",إرسال أخبار أو دعوات أو عروض ذات صلة حيثما يُسمح بذلك ووفق تفضيلاتك.
legal,"<span class=""legal-num"">04</span> Our Lawful Bases","<span class=""legal-num"">04</span> Nos bases légales","<span class=""legal-num"">04</span> Nuestras bases jurídicas","<span class=""legal-num"">04</span> أسسنا القانونية"
legal,Our Lawful Bases,Nos bases légales,Nuestras bases jurídicas,أسسنا القانونية
legal,"Depending on the service and the circumstances, Jettset relies on one or more of the following: <strong>Contract</strong> — to take steps at your request before a booking and perform the services requested. <strong>Legal obligation</strong> — to meet aviation, border, tax, accounting, sanctions, safety and other legal requirements. <strong>Legitimate interests</strong> — to operate and protect our business, manage guest relationships, prevent fraud, improve services and communicate with business contacts, where not overridden by your rights. <strong>Consent</strong> — where required, including certain marketing, optional cookies and some uses of sensitive information.","Selon le service et les circonstances, Jettset s’appuie sur une ou plusieurs des bases suivantes : <strong>Contrat</strong> — pour prendre des mesures à votre demande avant une réservation et exécuter les services demandés. <strong>Obligation légale</strong> — pour satisfaire aux exigences légales en matière d’aviation, de frontières, de fiscalité, de comptabilité, de sanctions, de sécurité et autres. <strong>Intérêts légitimes</strong> — pour exploiter et protéger notre activité, gérer les relations avec les invités, prévenir la fraude, améliorer les services et communiquer avec des contacts professionnels, lorsque vos droits ne prévalent pas. <strong>Consentement</strong> — lorsqu’il est requis, notamment pour certaines opérations de marketing, les cookies facultatifs et certains usages d’informations sensibles.","Según el servicio y las circunstancias, Jettset se basa en una o varias de las siguientes: <strong>Contrato</strong>: para adoptar medidas a petición suya antes de una reserva y prestar los servicios solicitados. <strong>Obligación legal</strong>: para cumplir requisitos legales de aviación, fronteras, fiscalidad, contabilidad, sanciones, seguridad y de otra índole. <strong>Intereses legítimos</strong>: para operar y proteger nuestro negocio, gestionar las relaciones con los huéspedes, prevenir el fraude, mejorar los servicios y comunicarnos con contactos profesionales, siempre que no prevalezcan sus derechos. <strong>Consentimiento</strong>: cuando sea necesario, incluido cierto marketing, las cookies opcionales y algunos usos de información sensible.",تعتمد Jettset، بحسب الخدمة والظروف، على واحد أو أكثر مما يلي: <strong>العقد</strong> — لاتخاذ خطوات بناءً على طلبك قبل الحجز وتنفيذ الخدمات المطلوبة. <strong>الالتزام القانوني</strong> — للوفاء بمتطلبات الطيران والحدود والضرائب والمحاسبة والعقوبات والسلامة وغيرها من المتطلبات القانونية. <strong>المصالح المشروعة</strong> — لتشغيل أعمالنا وحمايتها وإدارة علاقات الضيوف ومنع الاحتيال وتحسين الخدمات والتواصل مع جهات الاتصال المهنية، ما لم تتغلب حقوقك على ذلك. <strong>الموافقة</strong> — حيثما تكون مطلوبة، بما في ذلك بعض أنشطة التسويق وملفات تعريف الارتباط الاختيارية وبعض استخدامات المعلومات الحساسة.
legal,"Depending on the service and the circumstances, Jettset relies on one or more of the following:","Selon le service et les circonstances, Jettset s’appuie sur une ou plusieurs des bases suivantes :","Según el servicio y las circunstancias, Jettset se basa en una o varias de las siguientes:",تعتمد Jettset، بحسب الخدمة والظروف، على واحد أو أكثر مما يلي:
legal,Contract,Contrat,Contrato,العقد
legal,— to take steps at your request before a booking and perform the services requested.,— pour prendre des mesures à votre demande avant une réservation et exécuter les services demandés.,— para adoptar medidas a petición suya antes de una reserva y prestar los servicios solicitados.,— لاتخاذ خطوات بناءً على طلبك قبل الحجز وتنفيذ الخدمات المطلوبة.
legal,Legal obligation,Obligation légale,Obligación legal,الالتزام القانوني
legal,"— to meet aviation, border, tax, accounting, sanctions, safety and other legal requirements.","— pour satisfaire aux exigences légales en matière d’aviation, de frontières, de fiscalité, de comptabilité, de sanctions, de sécurité et autres.","— para cumplir requisitos legales de aviación, fronteras, fiscalidad, contabilidad, sanciones, seguridad y de otra índole.",— للوفاء بمتطلبات الطيران والحدود والضرائب والمحاسبة والعقوبات والسلامة وغيرها من المتطلبات القانونية.
legal,Legitimate interests,Intérêts légitimes,Intereses legítimos,المصالح المشروعة
legal,"— to operate and protect our business, manage guest relationships, prevent fraud, improve services and communicate with business contacts, where not overridden by your rights.","— pour exploiter et protéger notre activité, gérer les relations avec les invités, prévenir la fraude, améliorer les services et communiquer avec des contacts professionnels, lorsque vos droits ne prévalent pas.","— para operar y proteger nuestro negocio, gestionar las relaciones con los huéspedes, prevenir el fraude, mejorar los servicios y comunicarnos con contactos profesionales, siempre que no prevalezcan sus derechos.",— لتشغيل أعمالنا وحمايتها وإدارة علاقات الضيوف ومنع الاحتيال وتحسين الخدمات والتواصل مع جهات الاتصال المهنية، ما لم تتغلب حقوقك على ذلك.
legal,Consent,Consentement,Consentimiento,الموافقة
legal,"— where required, including certain marketing, optional cookies and some uses of sensitive information.","— lorsqu’il est requis, notamment pour certaines opérations de marketing, les cookies facultatifs et certains usages d’informations sensibles.","— cuando sea necesario, incluido cierto marketing, las cookies opcionales y algunos usos de información sensible.",— حيثما تكون مطلوبة، بما في ذلك بعض أنشطة التسويق وملفات تعريف الارتباط الاختيارية وبعض استخدامات المعلومات الحساسة.
legal,"Health information and certain other sensitive information are treated as special category data. Where we process this information, we identify both an appropriate lawful basis and an additional condition required by data protection law. Jettset does not use solely automated decision-making that produces legal or similarly significant effects.","Les informations de santé et certaines autres informations sensibles sont traitées comme des données de catégorie particulière. Lorsque nous traitons ces informations, nous identifions à la fois une base légale appropriée et une condition supplémentaire exigée par la législation sur la protection des données. Jettset n’a pas recours à une prise de décision exclusivement automatisée produisant des effets juridiques ou d’autres effets significatifs similaires.","La información sobre salud y otra información sensible se trata como datos de categoría especial. Cuando tratamos esta información, identificamos tanto una base jurídica adecuada como una condición adicional exigida por la legislación de protección de datos. Jettset no recurre a decisiones exclusivamente automatizadas que produzcan efectos jurídicos o similarmente significativos.",تُعامل معلومات الصحة وبعض المعلومات الحساسة الأخرى باعتبارها بيانات من فئة خاصة. وعند معالجة هذه المعلومات، نحدد أساسًا قانونيًا مناسبًا وشرطًا إضافيًا يتطلبه قانون حماية البيانات. ولا تعتمد Jettset على اتخاذ قرارات آلية بالكامل تُنتج آثارًا قانونية أو آثارًا مهمة مماثلة.
legal,"<span class=""legal-num"">05</span> Sharing With Operators &amp; Partners","<span class=""legal-num"">05</span> Partage avec les opérateurs et partenaires","<span class=""legal-num"">05</span> Intercambio con operadores y socios","<span class=""legal-num"">05</span> المشاركة مع المشغّلين والشركاء"
legal,Sharing With Operators & Partners,Partage avec les opérateurs et partenaires,Intercambio con operadores y socios,المشاركة مع المشغّلين والشركاء
legal,"Private aviation and concierge are delivered through a carefully coordinated network. We share only the information reasonably necessary for each supplier to perform its part of the journey, including: licensed aircraft operators and flight support providers; airports, FBOs, handling agents and border or aviation authorities; chauffeur, ground transport and logistics providers; hotels, villas, restaurants, caterers, event and concierge suppliers; security, medical or accessibility providers where requested or necessary; payment providers, banks and fraud-prevention services; technology, CRM, cloud, communications and professional service providers; insurers, auditors, legal advisers and regulators; law enforcement or public authorities where required or permitted by law; and a buyer, investor or successor if part of our business is reorganised, financed or transferred.","L’aviation privée et la conciergerie reposent sur un réseau soigneusement coordonné. Nous ne partageons que les informations raisonnablement nécessaires à chaque fournisseur pour exécuter sa part du voyage, notamment : les opérateurs d’appareils agréés et les prestataires de soutien au vol ; les aéroports, FBO, agents d’assistance et autorités frontalières ou aéronautiques ; les prestataires de chauffeurs, de transport terrestre et de logistique ; les hôtels, villas, restaurants, traiteurs, fournisseurs d’événements et de conciergerie ; les prestataires de sécurité, de services médicaux ou d’accessibilité lorsque cela est demandé ou nécessaire ; les prestataires de paiement, banques et services de prévention de la fraude ; les prestataires technologiques, de CRM, de cloud, de communications et de services professionnels ; les assureurs, auditeurs, conseillers juridiques et régulateurs ; les forces de l’ordre ou autorités publiques lorsque la loi l’exige ou le permet ; ainsi qu’un acquéreur, un investisseur ou un successeur si une partie de notre activité est réorganisée, financée ou cédée.","La aviación privada y la conserjería se prestan a través de una red cuidadosamente coordinada. Compartimos solo la información razonablemente necesaria para que cada proveedor realice su parte del viaje, incluidos: operadores de aeronaves autorizados y proveedores de apoyo al vuelo; aeropuertos, FBO, agentes de handling y autoridades fronterizas o aeronáuticas; proveedores de chófer, transporte terrestre y logística; hoteles, villas, restaurantes, empresas de catering, y proveedores de eventos y conserjería; proveedores de seguridad, médicos o de accesibilidad cuando se soliciten o sean necesarios; proveedores de pago, bancos y servicios de prevención del fraude; proveedores de tecnología, CRM, nube, comunicaciones y servicios profesionales; aseguradoras, auditores, asesores jurídicos y reguladores; fuerzas de seguridad o autoridades públicas cuando la ley lo exija o permita; y un comprador, inversor o sucesor si parte de nuestro negocio se reorganiza, financia o transfiere.",يُقدَّم الطيران الخاص والكونسيرج عبر شبكة منسَّقة بعناية. ولا نشارك إلا المعلومات اللازمة بصورة معقولة لكي يؤدي كل مورّد دوره في الرحلة، ومنها: مشغّلو الطائرات المرخّصون ومزوّدو دعم الرحلات؛ والمطارات ومحطات الخدمة (FBO) ووكلاء الخدمات الأرضية والسلطات الحدودية أو الجوية؛ ومزوّدو السائقين والنقل البري واللوجستيات؛ والفنادق والفلل والمطاعم ومزوّدو التموين والفعاليات والكونسيرج؛ ومزوّدو الأمن أو الخدمات الطبية أو إمكانية الوصول عند الطلب أو الضرورة؛ ومزوّدو الدفع والمصارف وخدمات منع الاحتيال؛ ومزوّدو التقنية وإدارة علاقات العملاء والحوسبة السحابية والاتصالات والخدمات المهنية؛ وشركات التأمين والمدققون والمستشارون القانونيون والجهات التنظيمية؛ والجهات المكلفة بإنفاذ القانون أو السلطات العامة حيثما يقتضي القانون أو يجيز؛ والمشتري أو المستثمر أو الخلف إذا أُعيد تنظيم جزء من أعمالنا أو تمويله أو نقله.
legal,Operators and other suppliers may act as independent data controllers for the services they provide. Operational responsibility for each flight remains with the licensed aircraft operator. <strong>We do not sell personal information.</strong>,Les opérateurs et autres fournisseurs peuvent agir en tant que responsables de traitement indépendants pour les services qu’ils fournissent. La responsabilité opérationnelle de chaque vol incombe à l’exploitant agréé de l’appareil. <strong>Nous ne vendons pas d’informations personnelles.</strong>,Los operadores y otros proveedores pueden actuar como responsables del tratamiento independientes respecto de los servicios que prestan. La responsabilidad operativa de cada vuelo recae en el operador autorizado de la aeronave. <strong>No vendemos información personal.</strong>,قد يعمل المشغّلون وسائر الموردين كمتحكّمين مستقلين في البيانات فيما يخص الخدمات التي يقدمونها. وتبقى المسؤولية التشغيلية عن كل رحلة على عاتق مشغّل الطائرة المرخّص. <strong>نحن لا نبيع المعلومات الشخصية.</strong>
legal,Operators and other suppliers may act as independent data controllers for the services they provide. Operational responsibility for each flight remains with the licensed aircraft operator.,Les opérateurs et autres fournisseurs peuvent agir en tant que responsables de traitement indépendants pour les services qu’ils fournissent. La responsabilité opérationnelle de chaque vol incombe à l’exploitant agréé de l’appareil.,Los operadores y otros proveedores pueden actuar como responsables del tratamiento independientes respecto de los servicios que prestan. La responsabilidad operativa de cada vuelo recae en el operador autorizado de la aeronave.,قد يعمل المشغّلون وسائر الموردين كمتحكّمين مستقلين في البيانات فيما يخص الخدمات التي يقدمونها. وتبقى المسؤولية التشغيلية عن كل رحلة على عاتق مشغّل الطائرة المرخّص.
legal,We do not sell personal information.,Nous ne vendons pas d’informations personnelles.,No vendemos información personal.,نحن لا نبيع المعلومات الشخصية.
legal,"<span class=""legal-num"">06</span> International Journeys &amp; Data Transfers","<span class=""legal-num"">06</span> Voyages internationaux et transferts de données","<span class=""legal-num"">06</span> Viajes internacionales y transferencias de datos","<span class=""legal-num"">06</span> الرحلات الدولية ونقل البيانات"
legal,International Journeys & Data Transfers,Voyages internationaux et transferts de données,Viajes internacionales y transferencias de datos,الرحلات الدولية ونقل البيانات
legal,"Jettset operates globally. A journey may require personal information to be shared with an operator, airport, hotel, chauffeur or other supplier outside the United Kingdom. Where UK data protection law applies to an international transfer, we use an approved transfer mechanism or another lawful safeguard where required, which may include a UK adequacy regulation, contractual protections, or a transfer necessary to perform the international travel service you requested.","Jettset opère à l’échelle mondiale. Un voyage peut nécessiter de communiquer des informations personnelles à un opérateur, un aéroport, un hôtel, un chauffeur ou un autre fournisseur situé en dehors du Royaume-Uni. Lorsque la législation britannique sur la protection des données s’applique à un transfert international, nous recourons à un mécanisme de transfert approuvé ou à une autre garantie licite lorsque cela est requis, ce qui peut inclure une décision d’adéquation britannique, des protections contractuelles, ou un transfert nécessaire à l’exécution du service de voyage international que vous avez demandé.","Jettset opera a escala global. Un viaje puede requerir compartir información personal con un operador, aeropuerto, hotel, chófer u otro proveedor fuera del Reino Unido. Cuando la legislación de protección de datos del Reino Unido se aplica a una transferencia internacional, utilizamos un mecanismo de transferencia aprobado u otra garantía lícita cuando sea necesario, lo que puede incluir una norma de adecuación del Reino Unido, protecciones contractuales o una transferencia necesaria para prestar el servicio de viaje internacional que usted solicitó.",تعمل Jettset عالميًا. وقد تتطلب الرحلة مشاركة معلومات شخصية مع مشغّل أو مطار أو فندق أو سائق أو مورّد آخر خارج المملكة المتحدة. وحيثما ينطبق قانون حماية البيانات في المملكة المتحدة على نقل دولي، نستخدم آلية نقل معتمدة أو ضمانة قانونية أخرى عند الاقتضاء، وقد يشمل ذلك لائحة كفاية بريطانية أو حمايات تعاقدية أو نقلًا ضروريًا لتنفيذ خدمة السفر الدولي التي طلبتها.
legal,Payments,Paiements,Pagos,المدفوعات
legal,"Payments may be processed by banks, card processors or specialist payment partners. Where cryptocurrency payment is selected, processing may be handled by MoonPay under its own privacy and security terms. Jettset does not store cryptocurrency wallet credentials. Full payment card details are handled by the relevant payment provider rather than retained in Jettset's guest profile.","Les paiements peuvent être traités par des banques, des processeurs de cartes ou des partenaires de paiement spécialisés. Lorsque le paiement en cryptomonnaie est choisi, le traitement peut être assuré par MoonPay selon ses propres conditions de confidentialité et de sécurité. Jettset ne conserve pas les identifiants de portefeuille de cryptomonnaie. Les données complètes de carte de paiement sont traitées par le prestataire de paiement concerné et ne sont pas conservées dans le profil d’invité de Jettset.","Los pagos pueden ser procesados por bancos, procesadores de tarjetas o socios de pago especializados. Cuando se elige el pago en criptomoneda, el procesamiento puede correr a cargo de MoonPay conforme a sus propios términos de privacidad y seguridad. Jettset no almacena credenciales de monederos de criptomonedas. Los datos completos de la tarjeta de pago los gestiona el proveedor de pago correspondiente y no se conservan en el perfil de huésped de Jettset.",قد تتولى معالجة المدفوعات مصارف أو معالجو بطاقات أو شركاء دفع متخصصون. وعند اختيار الدفع بالعملات المشفّرة، قد تتولى MoonPay المعالجة بموجب شروط الخصوصية والأمان الخاصة بها. ولا تخزّن Jettset بيانات اعتماد محافظ العملات المشفّرة. وتتولى جهة الدفع المعنية معالجة بيانات بطاقة الدفع الكاملة ولا تُحفظ في ملف الضيف لدى Jettset.
legal,"<span class=""legal-num"">08</span> Guest Profiles &amp; Personalisation","<span class=""legal-num"">08</span> Profils d’invités et personnalisation","<span class=""legal-num"">08</span> Perfiles de huéspedes y personalización","<span class=""legal-num"">08</span> ملفات الضيوف والتخصيص"
legal,Guest Profiles & Personalisation,Profils d’invités et personnalisation,Perfiles de huéspedes y personalización,ملفات الضيوف والتخصيص
legal,"A guest profile allows the relationship to improve over time. It may record the details you ask us to remember, such as preferred aircraft, catering, vehicles, hotels, privacy requirements and the way you like a journey to be managed. You are not required to provide optional preference information. You may ask us to correct, remove or stop using a preference at any time.","Un profil d’invité permet à la relation de s’améliorer avec le temps. Il peut consigner les éléments que vous nous demandez de retenir, tels que les appareils, la restauration, les véhicules, les hôtels préférés, vos exigences de confidentialité et la manière dont vous souhaitez qu’un voyage soit géré. Vous n’êtes pas tenu de fournir des préférences facultatives. Vous pouvez à tout moment nous demander de corriger, supprimer ou cesser d’utiliser une préférence.","Un perfil de huésped permite que la relación mejore con el tiempo. Puede registrar los datos que nos pide recordar, como aeronaves, catering, vehículos, hoteles preferidos, requisitos de privacidad y la forma en que desea que se gestione un viaje. No está obligado a facilitar información de preferencias opcional. Puede pedirnos en cualquier momento que corrijamos, eliminemos o dejemos de usar una preferencia.",يتيح ملف الضيف أن تتحسن العلاقة مع مرور الوقت. وقد يسجّل التفاصيل التي تطلب منا تذكرها، مثل الطائرات المفضلة والتموين والمركبات والفنادق ومتطلبات الخصوصية وطريقة إدارة الرحلة التي تفضلها. ولست ملزمًا بتقديم معلومات التفضيلات الاختيارية. ويمكنك أن تطلب منا في أي وقت تصحيح تفضيل ما أو إزالته أو التوقف عن استخدامه.
legal,"<span class=""legal-num"">09</span> How We Protect Information","<span class=""legal-num"">09</span> Comment nous protégeons les informations","<span class=""legal-num"">09</span> Cómo protegemos la información","<span class=""legal-num"">09</span> كيف نحمي المعلومات"
legal,How We Protect Information,Comment nous protégeons les informations,Cómo protegemos la información,كيف نحمي المعلومات
legal,"We use organisational and technical safeguards designed to protect personal information from loss, misuse, unauthorised access, disclosure or alteration. Access is limited to team members and service providers who need the information for a legitimate business or operational purpose and who are subject to confidentiality and security obligations. When an incident creates a risk to individuals, we assess it promptly and make any notifications required by law.","Nous appliquons des mesures de protection organisationnelles et techniques destinées à protéger les informations personnelles contre la perte, l’utilisation abusive, l’accès non autorisé, la divulgation ou l’altération. L’accès est limité aux membres de l’équipe et aux prestataires qui ont besoin de ces informations à des fins commerciales ou opérationnelles légitimes et qui sont soumis à des obligations de confidentialité et de sécurité. Lorsqu’un incident présente un risque pour les personnes, nous l’évaluons rapidement et effectuons les notifications exigées par la loi.","Utilizamos medidas organizativas y técnicas diseñadas para proteger la información personal frente a pérdida, uso indebido, acceso no autorizado, divulgación o alteración. El acceso se limita a los miembros del equipo y a los proveedores que necesitan la información para un fin empresarial u operativo legítimo y que están sujetos a obligaciones de confidencialidad y seguridad. Cuando un incidente supone un riesgo para las personas, lo evaluamos con prontitud y realizamos las notificaciones que exige la ley.",نستخدم ضمانات تنظيمية وتقنية مصمَّمة لحماية المعلومات الشخصية من الفقدان وسوء الاستخدام والوصول غير المصرَّح به والإفصاح أو التعديل. ويقتصر الوصول على أعضاء الفريق ومزوّدي الخدمات الذين يحتاجون إلى المعلومات لغرض تجاري أو تشغيلي مشروع وتسري عليهم التزامات السرية والأمن. وعندما يشكّل حادث خطرًا على الأفراد، نقيّمه فورًا ونجري أي إخطارات يقتضيها القانون.
legal,"<span class=""legal-num"">10</span> How Long We Keep It","<span class=""legal-num"">10</span> Durée de conservation","<span class=""legal-num"">10</span> Cuánto tiempo la conservamos","<span class=""legal-num"">10</span> مدة الاحتفاظ بها"
legal,How Long We Keep It,Durée de conservation,Cuánto tiempo la conservamos,مدة الاحتفاظ بها
legal,"We keep personal information only for as long as it is reasonably needed for the purpose for which it was collected, including delivery of services, maintenance of an active guest relationship, legal claims and legal, accounting, aviation or regulatory requirements. Identity and travel documents are retained only for the operational or legal period required. Journey and transaction records are retained for accounting, tax, contractual, insurance, compliance and legal purposes. Guest preferences are retained while the relationship remains active or until you ask us to amend or remove them. Marketing preferences are retained so we can respect your choices, including an opt-out request. When information is no longer required, it is securely deleted or anonymised.","Nous ne conservons les informations personnelles que le temps raisonnablement nécessaire à la finalité pour laquelle elles ont été collectées, y compris la prestation des services, le maintien d’une relation active avec l’invité, les actions en justice et les exigences légales, comptables, aéronautiques ou réglementaires. Les documents d’identité et de voyage ne sont conservés que pendant la durée opérationnelle ou légale requise. Les dossiers de voyage et de transaction sont conservés à des fins comptables, fiscales, contractuelles, d’assurance, de conformité et juridiques. Les préférences des invités sont conservées tant que la relation reste active ou jusqu’à ce que vous nous demandiez de les modifier ou de les supprimer. Les préférences de marketing sont conservées afin que nous puissions respecter vos choix, y compris une demande de désinscription. Lorsque les informations ne sont plus nécessaires, elles sont supprimées de manière sécurisée ou anonymisées.","Conservamos la información personal solo durante el tiempo razonablemente necesario para el fin con el que se recopiló, incluidos la prestación de servicios, el mantenimiento de una relación activa con el huésped, las reclamaciones legales y los requisitos legales, contables, aeronáuticos o regulatorios. Los documentos de identidad y de viaje se conservan únicamente durante el periodo operativo o legal exigido. Los registros de viajes y transacciones se conservan por motivos contables, fiscales, contractuales, de seguros, de cumplimiento y legales. Las preferencias del huésped se conservan mientras la relación siga activa o hasta que nos pida modificarlas o eliminarlas. Las preferencias de marketing se conservan para poder respetar sus elecciones, incluida una solicitud de baja. Cuando la información deja de ser necesaria, se elimina de forma segura o se anonimiza.",نحتفظ بالمعلومات الشخصية فقط للمدة اللازمة بصورة معقولة للغرض الذي جُمعت من أجله، بما في ذلك تقديم الخدمات والحفاظ على علاقة ضيف نشطة والمطالبات القانونية والمتطلبات القانونية أو المحاسبية أو الجوية أو التنظيمية. ولا نحتفظ بوثائق الهوية والسفر إلا للمدة التشغيلية أو القانونية المطلوبة. وتُحفظ سجلات الرحلات والمعاملات لأغراض المحاسبة والضرائب والتعاقد والتأمين والامتثال والأغراض القانونية. وتُحفظ تفضيلات الضيف ما دامت العلاقة نشطة أو إلى أن تطلب تعديلها أو إزالتها. وتُحفظ تفضيلات التسويق لنتمكن من احترام خياراتك، بما في ذلك طلب إلغاء الاشتراك. وعندما لا تعود المعلومات مطلوبة، تُحذف بأمان أو تُجرَّد من هويتها.
legal,"<span class=""legal-num"">11</span> Your Data Protection Rights","<span class=""legal-num"">11</span> Vos droits en matière de protection des données","<span class=""legal-num"">11</span> Sus derechos de protección de datos","<span class=""legal-num"">11</span> حقوقك في حماية البيانات"
legal,Your Data Protection Rights,Vos droits en matière de protection des données,Sus derechos de protección de datos,حقوقك في حماية البيانات
legal,"Depending on the circumstances and applicable law, you may have the right to: ask for access to the personal information we hold about you; ask us to correct inaccurate or incomplete information; ask us to erase information in certain circumstances; ask us to restrict how information is used; object to processing based on legitimate interests or to direct marketing; ask for certain information in a portable format; withdraw consent at any time where consent is the basis for processing; and complain to the Information Commissioner's Office. These rights are not absolute and may be subject to legal exemptions. We may need to verify your identity before completing a request.","Selon les circonstances et la loi applicable, vous pouvez avoir le droit : de demander l’accès aux informations personnelles que nous détenons à votre sujet ; de demander la rectification d’informations inexactes ou incomplètes ; de demander l’effacement d’informations dans certaines circonstances ; de demander la limitation de l’utilisation des informations ; de vous opposer à un traitement fondé sur des intérêts légitimes ou à la prospection directe ; de demander certaines informations dans un format portable ; de retirer votre consentement à tout moment lorsque le consentement est la base du traitement ; et de déposer une plainte auprès de l’Information Commissioner’s Office. Ces droits ne sont pas absolus et peuvent faire l’objet d’exemptions légales. Nous pouvons avoir besoin de vérifier votre identité avant de traiter une demande.","Según las circunstancias y la ley aplicable, puede tener derecho a: solicitar acceso a la información personal que conservamos sobre usted; solicitar la corrección de información inexacta o incompleta; solicitar la supresión de información en determinadas circunstancias; solicitar la limitación del uso de la información; oponerse al tratamiento basado en intereses legítimos o al marketing directo; solicitar cierta información en un formato portable; retirar su consentimiento en cualquier momento cuando el consentimiento sea la base del tratamiento; y presentar una reclamación ante la Information Commissioner’s Office. Estos derechos no son absolutos y pueden estar sujetos a exenciones legales. Es posible que debamos verificar su identidad antes de completar una solicitud.",بحسب الظروف والقانون المعمول به، قد يكون لك الحق في: طلب الاطلاع على المعلومات الشخصية التي نحتفظ بها عنك؛ وطلب تصحيح المعلومات غير الدقيقة أو الناقصة؛ وطلب محو المعلومات في ظروف معينة؛ وطلب تقييد استخدام المعلومات؛ والاعتراض على المعالجة القائمة على المصالح المشروعة أو على التسويق المباشر؛ وطلب معلومات معينة بصيغة قابلة للنقل؛ وسحب الموافقة في أي وقت حيثما كانت الموافقة أساس المعالجة؛ وتقديم شكوى إلى Information Commissioner’s Office. هذه الحقوق ليست مطلقة وقد تخضع لاستثناءات قانونية. وقد نحتاج إلى التحقق من هويتك قبل إتمام الطلب.
legal,"<span class=""legal-num"">12</span> Marketing &amp; Cookies","<span class=""legal-num"">12</span> Marketing et cookies","<span class=""legal-num"">12</span> Marketing y cookies","<span class=""legal-num"">12</span> التسويق وملفات تعريف الارتباط"
legal,Marketing & Cookies,Marketing et cookies,Marketing y cookies,التسويق وملفات تعريف الارتباط
legal,"Where permitted, Jettset may send relevant service news, invitations, editorial updates or offers. You can unsubscribe at any time using the link in a message or by contacting us. Our website uses cookies and similar technologies. Non-essential cookies are used only in line with the choices available through our cookie controls.","Lorsque cela est autorisé, Jettset peut envoyer des actualités de service, des invitations, des nouvelles éditoriales ou des offres pertinentes. Vous pouvez vous désabonner à tout moment via le lien présent dans un message ou en nous contactant. Notre site utilise des cookies et des technologies similaires. Les cookies non essentiels ne sont utilisés que conformément aux choix proposés par nos paramètres de cookies.","Cuando esté permitido, Jettset puede enviar noticias del servicio, invitaciones, novedades editoriales u ofertas relevantes. Puede darse de baja en cualquier momento mediante el enlace de un mensaje o poniéndose en contacto con nosotros. Nuestro sitio web utiliza cookies y tecnologías similares. Las cookies no esenciales solo se utilizan de acuerdo con las opciones disponibles en nuestros controles de cookies.",حيثما يُسمح بذلك، قد ترسل Jettset أخبار خدمة أو دعوات أو تحديثات تحريرية أو عروضًا ذات صلة. ويمكنك إلغاء الاشتراك في أي وقت عبر الرابط الوارد في الرسالة أو بالتواصل معنا. ويستخدم موقعنا ملفات تعريف الارتباط وتقنيات مماثلة. ولا تُستخدم ملفات تعريف الارتباط غير الضرورية إلا وفق الخيارات المتاحة عبر عناصر التحكم في ملفات تعريف الارتباط لدينا.
legal,"<span class=""legal-num"">13</span> Children &amp; Young Passengers","<span class=""legal-num"">13</span> Enfants et jeunes passagers","<span class=""legal-num"">13</span> Niños y pasajeros jóvenes","<span class=""legal-num"">13</span> الأطفال والركاب الصغار"
legal,Children & Young Passengers,Enfants et jeunes passagers,Niños y pasajeros jóvenes,الأطفال والركاب الصغار
legal,"Jettset may process information about a child or young passenger when it is necessary to arrange a journey. This information should be provided by, or with the authority of, a parent, guardian or authorised representative. We limit its use to the journey, the requested service and any applicable legal or safety requirement.","Jettset peut traiter des informations relatives à un enfant ou à un jeune passager lorsque cela est nécessaire pour organiser un voyage. Ces informations doivent être fournies par un parent, un tuteur ou un représentant autorisé, ou avec leur autorisation. Nous limitons leur utilisation au voyage, au service demandé et à toute exigence légale ou de sécurité applicable.","Jettset puede tratar información sobre un niño o un pasajero joven cuando sea necesario para organizar un viaje. Esta información debe ser facilitada por un progenitor, tutor o representante autorizado, o con su autorización. Limitamos su uso al viaje, al servicio solicitado y a cualquier requisito legal o de seguridad aplicable.",قد تعالج Jettset معلومات عن طفل أو راكب صغير عندما يكون ذلك ضروريًا لترتيب رحلة. ويجب أن يقدّم هذه المعلومات أحد الوالدين أو وصي أو ممثل مفوَّض، أو أن تُقدَّم بتفويض منه. ونقصر استخدامها على الرحلة والخدمة المطلوبة وأي متطلب قانوني أو أمني منطبق.
legal,"<span class=""legal-num"">14</span> Contact &amp; Complaints","<span class=""legal-num"">14</span> Contact et réclamations","<span class=""legal-num"">14</span> Contacto y reclamaciones","<span class=""legal-num"">14</span> التواصل والشكاوى"
legal,Contact & Complaints,Contact et réclamations,Contacto y reclamaciones,التواصل والشكاوى
legal,"To ask a privacy question, exercise a data protection right or raise a concern, contact Jettset Europe Ltd at <a href=""mailto:info@jettsetglobal.com"">info@jettsetglobal.com</a>. We would welcome the opportunity to address a concern directly. You also have the right to complain to the UK Information Commissioner's Office at ico.org.uk or by telephone on 0303 123 1113.","Pour poser une question sur la confidentialité, exercer un droit en matière de protection des données ou exprimer une préoccupation, contactez Jettset Europe Ltd à l’adresse <a href=""mailto:info@jettsetglobal.com"">info@jettsetglobal.com</a>. Nous serions heureux de traiter directement toute préoccupation. Vous avez également le droit de déposer une plainte auprès de l’Information Commissioner’s Office du Royaume-Uni sur ico.org.uk ou par téléphone au 0303 123 1113.","Para plantear una pregunta sobre privacidad, ejercer un derecho de protección de datos o expresar una inquietud, póngase en contacto con Jettset Europe Ltd en <a href=""mailto:info@jettsetglobal.com"">info@jettsetglobal.com</a>. Agradeceremos la oportunidad de atender directamente cualquier inquietud. También tiene derecho a presentar una reclamación ante la Information Commissioner’s Office del Reino Unido en ico.org.uk o por teléfono en el 0303 123 1113.","لطرح سؤال عن الخصوصية أو ممارسة حق من حقوق حماية البيانات أو إبداء مخاوف، تواصل مع Jettset Europe Ltd عبر <a href=""mailto:info@jettsetglobal.com"">info@jettsetglobal.com</a>. ويسعدنا أن نعالج أي مخاوف مباشرةً. ولك أيضًا الحق في تقديم شكوى إلى Information Commissioner’s Office في المملكة المتحدة عبر ico.org.uk أو هاتفيًا على الرقم 0303 123 1113."
legal,"To ask a privacy question, exercise a data protection right or raise a concern, contact Jettset Europe Ltd at","Pour poser une question sur la confidentialité, exercer un droit en matière de protection des données ou exprimer une préoccupation, contactez Jettset Europe Ltd à l’adresse","Para plantear una pregunta sobre privacidad, ejercer un derecho de protección de datos o expresar una inquietud, póngase en contacto con Jettset Europe Ltd en",لطرح سؤال عن الخصوصية أو ممارسة حق من حقوق حماية البيانات أو إبداء مخاوف، تواصل مع Jettset Europe Ltd عبر
legal,. We would welcome the opportunity to address a concern directly. You also have the right to complain to the UK Information Commissioner's Office at ico.org.uk or by telephone on 0303 123 1113.,. Nous serions heureux de traiter directement toute préoccupation. Vous avez également le droit de déposer une plainte auprès de l’Information Commissioner’s Office du Royaume-Uni sur ico.org.uk ou par téléphone au 0303 123 1113.,. Agradeceremos la oportunidad de atender directamente cualquier inquietud. También tiene derecho a presentar una reclamación ante la Information Commissioner’s Office del Reino Unido en ico.org.uk o por teléfono en el 0303 123 1113.,. ويسعدنا أن نعالج أي مخاوف مباشرةً. ولك أيضًا الحق في تقديم شكوى إلى Information Commissioner’s Office في المملكة المتحدة عبر ico.org.uk أو هاتفيًا على الرقم 0303 123 1113.
legal,"<span class=""legal-num"">15</span> Changes To This Notice","<span class=""legal-num"">15</span> Modifications du présent avis","<span class=""legal-num"">15</span> Cambios en este aviso","<span class=""legal-num"">15</span> التغييرات على هذا الإشعار"
legal,Changes To This Notice,Modifications du présent avis,Cambios en este aviso,التغييرات على هذا الإشعار
legal,"We may update this notice as our services, suppliers or legal obligations change. The current version will always appear on the Jettset website with its latest revision date.","Nous pouvons mettre à jour cet avis à mesure que nos services, nos fournisseurs ou nos obligations légales évoluent. La version en vigueur figurera toujours sur le site de Jettset avec sa date de révision la plus récente.","Podemos actualizar este aviso a medida que cambien nuestros servicios, proveedores u obligaciones legales. La versión vigente aparecerá siempre en el sitio web de Jettset con su fecha de revisión más reciente.",قد نحدّث هذا الإشعار مع تغيّر خدماتنا أو موردينا أو التزاماتنا القانونية. وستظهر النسخة الحالية دائمًا على موقع Jettset مع تاريخ آخر مراجعة.
legal,"Jettset Europe Ltd · Company No. 16650329 · <a href=""mailto:info@jettsetglobal.com"">info@jettsetglobal.com</a><br> Last updated: 19 July 2026","Jettset Europe Ltd · Société n° 16650329 · <a href=""mailto:info@jettsetglobal.com"">info@jettsetglobal.com</a><br> Dernière mise à jour : 19 juillet 2026","Jettset Europe Ltd · N.º de sociedad 16650329 · <a href=""mailto:info@jettsetglobal.com"">info@jettsetglobal.com</a><br> Última actualización: 19 de julio de 2026","Jettset Europe Ltd · رقم الشركة 16650329 · <a href=""mailto:info@jettsetglobal.com"">info@jettsetglobal.com</a><br> آخر تحديث: 19 يوليو 2026"
legal,Jettset Europe Ltd · Company No. 16650329 ·,Jettset Europe Ltd · Société n° 16650329 ·,Jettset Europe Ltd · N.º de sociedad 16650329 ·,Jettset Europe Ltd · رقم الشركة 16650329 ·
legal,Last updated: 19 July 2026,Dernière mise à jour : 19 juillet 2026,Última actualización: 19 de julio de 2026,آخر تحديث: 19 يوليو 2026
legal,Privacy | Jettset Global,Confidentialité | Jettset Global,Privacidad | Jettset Global,الخصوصية | Jettset Global
legal,Privacy policy for Jettset Global.,Politique de confidentialité de Jettset Global.,Política de privacidad de Jettset Global.,سياسة الخصوصية لدى Jettset Global.
legal,"Private jet exterior, Jettset Global trust and safety standards","Extérieur d’un jet privé, normes de confiance et de sécurité de Jettset Global","Exterior de un jet privado, estándares de confianza y seguridad de Jettset Global",الجزء الخارجي لطائرة خاصة، معايير الثقة والسلامة لدى Jettset Global
legal,Jettset Europe Ltd · Operating Posture & Safety Standards,Jettset Europe Ltd · Posture opérationnelle et normes de sécurité,Jettset Europe Ltd · Postura operativa y estándares de seguridad,Jettset Europe Ltd · الموقف التشغيلي ومعايير السلامة
legal,"Private aviation depends on clarity: who arranges the journey, who operates the aircraft, how each option is assessed, and what happens when plans change. This page explains the standards behind the journeys we arrange. It should be read alongside our Terms & Conditions, Privacy Notice and the documents issued for each individual booking.","L’aviation privée repose sur la clarté : qui organise le voyage, qui exploite l’appareil, comment chaque option est évaluée et ce qui se passe lorsque les plans changent. Cette page explique les normes qui sous-tendent les voyages que nous organisons. Elle doit être lue avec nos Conditions générales, notre Avis de confidentialité et les documents émis pour chaque réservation.","La aviación privada depende de la claridad: quién organiza el viaje, quién opera la aeronave, cómo se evalúa cada opción y qué ocurre cuando cambian los planes. Esta página explica los estándares que respaldan los viajes que organizamos. Debe leerse junto con nuestros Términos y Condiciones, nuestro Aviso de privacidad y los documentos emitidos para cada reserva individual.",يقوم الطيران الخاص على الوضوح: من يرتّب الرحلة، ومن يشغّل الطائرة، وكيف يُقيَّم كل خيار، وماذا يحدث عند تغيّر الخطط. توضح هذه الصفحة المعايير التي تقف وراء الرحلات التي نرتبها. وينبغي قراءتها مع الشروط والأحكام وإشعار الخصوصية والوثائق الصادرة لكل حجز على حدة.
legal,Our Role,Notre rôle,Nuestro papel,دورنا
legal,"Jettset is a private aviation broker and journey-management company. We source, coordinate and manage private flights through our preferred partner fleet, direct operator relationships and the wider international charter market.","Jettset est un courtier en aviation privée et une société de gestion de voyages. Nous recherchons, coordonnons et gérons des vols privés via notre flotte partenaire privilégiée, nos relations directes avec les opérateurs et le marché international plus large de l’affrètement.","Jettset es un bróker de aviación privada y una empresa de gestión de viajes. Buscamos, coordinamos y gestionamos vuelos privados a través de nuestra flota asociada preferente, nuestras relaciones directas con operadores y el mercado internacional de chárter en general.",Jettset وسيط طيران خاص وشركة لإدارة الرحلات. نؤمّن الرحلات الخاصة وننسّقها وندير بها عبر أسطولنا الشريك المفضّل وعلاقاتنا المباشرة بالمشغّلين وسوق التأجير الدولي الأوسع.
legal,"Jettset Europe Ltd does not hold an Air Operator's Certificate and does not exercise operational control over an aircraft. Every flight is performed by the licensed third-party aircraft operator named in the booking documents. That operator is responsible for the aircraft, crew, maintenance, operational safety, regulatory compliance and performance of the flight. Jettset remains responsible for carrying out its own sourcing, arranging and journey-management services with care, clarity and discretion.","Jettset Europe Ltd ne détient pas de certificat de transporteur aérien (AOC) et n’exerce pas le contrôle opérationnel d’un appareil. Chaque vol est effectué par l’exploitant tiers agréé désigné dans les documents de réservation. Cet exploitant est responsable de l’appareil, de l’équipage, de la maintenance, de la sécurité opérationnelle, de la conformité réglementaire et de l’exécution du vol. Jettset demeure responsable de la bonne exécution de ses propres services de recherche, d’organisation et de gestion de voyage, avec soin, clarté et discrétion.","Jettset Europe Ltd no posee un Certificado de Operador Aéreo (AOC) ni ejerce el control operativo de ninguna aeronave. Cada vuelo lo realiza el operador de aeronaves autorizado de terceros que se indica en los documentos de reserva. Dicho operador es responsable de la aeronave, la tripulación, el mantenimiento, la seguridad operativa, el cumplimiento normativo y la ejecución del vuelo. Jettset sigue siendo responsable de prestar con cuidado, claridad y discreción sus propios servicios de búsqueda, organización y gestión de viajes.",لا تحمل Jettset Europe Ltd شهادة مشغّل جوي (AOC) ولا تمارس السيطرة التشغيلية على أي طائرة. وتُنفَّذ كل رحلة من قبل مشغّل الطائرات المرخّص من الغير المذكور في وثائق الحجز. ويتحمل ذلك المشغّل المسؤولية عن الطائرة والطاقم والصيانة والسلامة التشغيلية والامتثال التنظيمي وتنفيذ الرحلة. وتبقى Jettset مسؤولة عن أداء خدمات التوريد والترتيب وإدارة الرحلات الخاصة بها بعناية ووضوح وتكتّم.
legal,<em>Our fleet language refers to the aircraft available through Jettset's partner relationships and global access. It does not change the identity or responsibilities of the licensed operating carrier.</em>,<em>Notre vocabulaire relatif à la flotte désigne les appareils accessibles grâce aux relations de partenariat et à l’accès mondial de Jettset. Il ne modifie ni l’identité ni les responsabilités du transporteur exploitant agréé.</em>,<em>Nuestro lenguaje sobre la flota se refiere a las aeronaves disponibles a través de las relaciones de colaboración y el acceso global de Jettset. No modifica la identidad ni las responsabilidades del operador aéreo autorizado.</em>,<em>تشير عبارات الأسطول لدينا إلى الطائرات المتاحة عبر علاقات الشراكة والوصول العالمي لدى Jettset. ولا تغيّر هوية الناقل المشغّل المرخّص ولا مسؤولياته.</em>
legal,Our fleet language refers to the aircraft available through Jettset's partner relationships and global access. It does not change the identity or responsibilities of the licensed operating carrier.,Notre vocabulaire relatif à la flotte désigne les appareils accessibles grâce aux relations de partenariat et à l’accès mondial de Jettset. Il ne modifie ni l’identité ni les responsabilités du transporteur exploitant agréé.,Nuestro lenguaje sobre la flota se refiere a las aeronaves disponibles a través de las relaciones de colaboración y el acceso global de Jettset. No modifica la identidad ni las responsabilidades del operador aéreo autorizado.,تشير عبارات الأسطول لدينا إلى الطائرات المتاحة عبر علاقات الشراكة والوصول العالمي لدى Jettset. ولا تغيّر هوية الناقل المشغّل المرخّص ولا مسؤولياته.
legal,"<span class=""legal-num"">02</span> The Operating Carrier","<span class=""legal-num"">02</span> Le transporteur exploitant","<span class=""legal-num"">02</span> El operador aéreo","<span class=""legal-num"">02</span> الناقل المشغّل"
legal,The Operating Carrier,Le transporteur exploitant,El operador aéreo,الناقل المشغّل
legal,"The name of the licensed operator will be disclosed before travel. Depending on the jurisdiction, commercial charter authority may be demonstrated through a UK or European Air Operator's Certificate, FAA Part 135 authority in the United States, or the equivalent certification issued by the relevant national aviation authority. Aircraft availability alone is not enough — the operator and the specific aircraft must be authorised for the journey being proposed, subject to route, permit, airport and operational requirements.","Le nom de l’exploitant agréé sera communiqué avant le voyage. Selon la juridiction, l’autorisation d’affrètement commercial peut être démontrée par un certificat de transporteur aérien (AOC) britannique ou européen, par l’autorisation FAA Part 135 aux États-Unis, ou par la certification équivalente délivrée par l’autorité nationale de l’aviation compétente. La seule disponibilité d’un appareil ne suffit pas — l’exploitant et l’appareil précis doivent être autorisés pour le voyage proposé, sous réserve des exigences d’itinéraire, d’autorisation, d’aéroport et d’exploitation.","El nombre del operador autorizado se comunicará antes del viaje. Según la jurisdicción, la autorización para el chárter comercial puede acreditarse mediante un AOC del Reino Unido o europeo, la autorización FAA Part 135 en Estados Unidos o la certificación equivalente expedida por la autoridad nacional de aviación pertinente. La mera disponibilidad de una aeronave no basta: el operador y la aeronave concreta deben estar autorizados para el viaje propuesto, sujeto a los requisitos de ruta, permisos, aeropuertos y operaciones.",سيُفصَح عن اسم المشغّل المرخّص قبل السفر. وبحسب الولاية القضائية، قد تُثبَت سلطة التأجير التجاري بشهادة مشغّل جوي (AOC) بريطانية أو أوروبية، أو بترخيص FAA Part 135 في الولايات المتحدة، أو بالشهادة المماثلة الصادرة عن هيئة الطيران الوطنية المعنية. ولا يكفي توفر الطائرة وحده — بل يجب أن يكون المشغّل والطائرة المحددة مصرَّحًا لهما بالرحلة المقترحة، مع مراعاة متطلبات المسار والتصاريح والمطارات والتشغيل.
legal,"<span class=""legal-num"">03</span> Operator &amp; Aircraft Review","<span class=""legal-num"">03</span> Examen des exploitants et des appareils","<span class=""legal-num"">03</span> Revisión de operadores y aeronaves","<span class=""legal-num"">03</span> مراجعة المشغّلين والطائرات"
legal,Operator & Aircraft Review,Examen des exploitants et des appareils,Revisión de operadores y aeronaves,مراجعة المشغّلين والطائرات
legal,"Before presenting an aircraft, Jettset seeks to establish that the proposed operator is appropriately licensed for the relevant commercial flight and that the aircraft can be offered for the intended journey. Our review may include current operating authority, aircraft authorisation under the operator's certificate, insurance documentation, aircraft registration and maintenance status, crew qualifications, incident and enforcement history available to us, service consistency, independent safety information including ARGUS, WYVERN or IS-BAO status where relevant, and permit, slot, airport and route suitability.","Avant de présenter un appareil, Jettset s’efforce de s’assurer que l’exploitant proposé est dûment agréé pour le vol commercial concerné et que l’appareil peut être proposé pour le voyage envisagé. Notre examen peut porter sur l’autorisation d’exploitation en vigueur, l’autorisation de l’appareil au titre du certificat de l’exploitant, les documents d’assurance, l’immatriculation et l’état de maintenance de l’appareil, les qualifications de l’équipage, l’historique d’incidents et de mesures coercitives dont nous avons connaissance, la constance du service, des informations indépendantes sur la sécurité, notamment le statut ARGUS, WYVERN ou IS-BAO lorsque cela est pertinent, ainsi que l’adéquation des autorisations, créneaux, aéroports et itinéraires.","Antes de presentar una aeronave, Jettset procura establecer que el operador propuesto cuenta con la licencia adecuada para el vuelo comercial correspondiente y que la aeronave puede ofrecerse para el viaje previsto. Nuestra revisión puede incluir la autorización operativa vigente, la autorización de la aeronave en el certificado del operador, la documentación de seguro, la matrícula y el estado de mantenimiento de la aeronave, las cualificaciones de la tripulación, el historial de incidentes y sanciones del que dispongamos, la consistencia del servicio, información independiente sobre seguridad, incluido el estado ARGUS, WYVERN o IS-BAO cuando proceda, y la idoneidad de permisos, franjas horarias, aeropuertos y ruta.",قبل عرض أي طائرة، تسعى Jettset إلى التأكد من أن المشغّل المقترح مرخَّص على النحو المناسب للرحلة التجارية المعنية، وأن الطائرة يمكن عرضها للرحلة المقصودة. وقد تشمل مراجعتنا سلطة التشغيل السارية وتصريح الطائرة بموجب شهادة المشغّل ووثائق التأمين وتسجيل الطائرة وحالة صيانتها ومؤهلات الطاقم وسجل الحوادث والإجراءات التنفيذية المتاح لنا واتساق الخدمة ومعلومات السلامة المستقلة بما في ذلك وضع ARGUS أو WYVERN أو IS-BAO حيثما كان ذا صلة، وملاءمة التصاريح والأوقات المخصصة والمطارات والمسار.
legal,"Independent safety ratings and voluntary standards can add useful context, but they do not replace the legal certification required to operate a commercial flight.","Les notations de sécurité indépendantes et les normes volontaires peuvent apporter un éclairage utile, mais elles ne remplacent pas la certification légale requise pour exploiter un vol commercial.","Las calificaciones de seguridad independientes y las normas voluntarias pueden aportar un contexto útil, pero no sustituyen la certificación legal necesaria para operar un vuelo comercial.",قد تضيف تصنيفات السلامة المستقلة والمعايير الطوعية سياقًا مفيدًا، لكنها لا تحل محل الشهادة القانونية المطلوبة لتشغيل رحلة تجارية.
legal,"<span class=""legal-num"">04</span> A Preferred Network, Continuously Reviewed","<span class=""legal-num"">04</span> Un réseau privilégié, continuellement réexaminé","<span class=""legal-num"">04</span> Una red preferente, revisada de forma continua","<span class=""legal-num"">04</span> شبكة مفضّلة تخضع لمراجعة مستمرة"
legal,"A Preferred Network, Continuously Reviewed","Un réseau privilégié, continuellement réexaminé","Una red preferente, revisada de forma continua",شبكة مفضّلة تخضع لمراجعة مستمرة
legal,"Jettset is developing a preferred network of operators and fleet partners whose legal standing, responsiveness, aircraft presentation and service delivery are reviewed over time. A previous journey does not create automatic approval for every future flight — operator authority, aircraft suitability, insurance, availability and operational conditions are considered against the specific itinerary being arranged. Where a preferred partner cannot meet the journey, Jettset may source from the wider charter market and apply the same booking and review principles to the proposed option.","Jettset développe un réseau privilégié d’exploitants et de partenaires de flotte dont la situation juridique, la réactivité, la présentation des appareils et la qualité de service sont examinées dans la durée. Un voyage précédent ne vaut pas approbation automatique pour chaque vol futur — l’autorisation de l’exploitant, l’adéquation de l’appareil, l’assurance, la disponibilité et les conditions d’exploitation sont évaluées au regard de l’itinéraire précis organisé. Lorsqu’un partenaire privilégié ne peut pas assurer le voyage, Jettset peut s’approvisionner sur le marché plus large de l’affrètement et appliquer les mêmes principes de réservation et d’examen à l’option proposée.","Jettset está desarrollando una red preferente de operadores y socios de flota cuya situación jurídica, capacidad de respuesta, presentación de las aeronaves y prestación del servicio se revisan con el tiempo. Un viaje anterior no crea una aprobación automática para cada vuelo futuro: la autorización del operador, la idoneidad de la aeronave, el seguro, la disponibilidad y las condiciones operativas se valoran en relación con el itinerario concreto que se organiza. Cuando un socio preferente no puede atender el viaje, Jettset puede buscar en el mercado de chárter en general y aplicar los mismos principios de reserva y revisión a la opción propuesta.",تعمل Jettset على بناء شبكة مفضّلة من المشغّلين وشركاء الأسطول تخضع مكانتهم القانونية وسرعة استجابتهم وعرض طائراتهم وجودة خدمتهم للمراجعة بمرور الوقت. ولا تمنح رحلة سابقة موافقة تلقائية لكل رحلة مستقبلية — إذ تُقيَّم سلطة المشغّل وملاءمة الطائرة والتأمين والتوفر والظروف التشغيلية بحسب خط السير المحدد الجاري ترتيبه. وحين يتعذر على شريك مفضّل تلبية الرحلة، يجوز لـ Jettset التوريد من سوق التأجير الأوسع وتطبيق مبادئ الحجز والمراجعة نفسها على الخيار المقترح.
legal,Operational Authority,Autorité opérationnelle,Autoridad operativa,السلطة التشغيلية
legal,"The licensed operator and pilot in command retain final authority over every operational decision, including aircraft acceptance, passenger and baggage limits, crew duty, routing, technical stops, weather, safety, departure, diversion and landing. <em>No commercial commitment, guest preference or schedule takes priority over a lawful safety decision.</em>","L’exploitant agréé et le commandant de bord conservent l’autorité finale sur toute décision opérationnelle, y compris l’acceptation de l’appareil, les limites de passagers et de bagages, le temps de service de l’équipage, l’itinéraire, les escales techniques, la météo, la sécurité, le départ, le déroutement et l’atterrissage. <em>Aucun engagement commercial, aucune préférence de l’invité et aucun calendrier ne prime sur une décision de sécurité licite.</em>","El operador autorizado y el comandante de la aeronave conservan la autoridad final sobre toda decisión operativa, incluida la aceptación de la aeronave, los límites de pasajeros y equipaje, el tiempo de servicio de la tripulación, la ruta, las escalas técnicas, la meteorología, la seguridad, la salida, el desvío y el aterrizaje. <em>Ningún compromiso comercial, preferencia del huésped o calendario prevalece sobre una decisión de seguridad lícita.</em>",يحتفظ المشغّل المرخّص وقائد الطائرة بالسلطة النهائية في كل قرار تشغيلي، بما في ذلك قبول الطائرة وحدود الركاب والأمتعة وساعات عمل الطاقم والمسار والتوقفات الفنية والطقس والسلامة والإقلاع والتحويل والهبوط. <em>لا يتقدم أي التزام تجاري أو تفضيل للضيف أو جدول زمني على قرار سلامة مشروع.</em>
legal,"The licensed operator and pilot in command retain final authority over every operational decision, including aircraft acceptance, passenger and baggage limits, crew duty, routing, technical stops, weather, safety, departure, diversion and landing.","L’exploitant agréé et le commandant de bord conservent l’autorité finale sur toute décision opérationnelle, y compris l’acceptation de l’appareil, les limites de passagers et de bagages, le temps de service de l’équipage, l’itinéraire, les escales techniques, la météo, la sécurité, le départ, le déroutement et l’atterrissage.","El operador autorizado y el comandante de la aeronave conservan la autoridad final sobre toda decisión operativa, incluida la aceptación de la aeronave, los límites de pasajeros y equipaje, el tiempo de servicio de la tripulación, la ruta, las escalas técnicas, la meteorología, la seguridad, la salida, el desvío y el aterrizaje.",يحتفظ المشغّل المرخّص وقائد الطائرة بالسلطة النهائية في كل قرار تشغيلي، بما في ذلك قبول الطائرة وحدود الركاب والأمتعة وساعات عمل الطاقم والمسار والتوقفات الفنية والطقس والسلامة والإقلاع والتحويل والهبوط.
legal,"No commercial commitment, guest preference or schedule takes priority over a lawful safety decision.","Aucun engagement commercial, aucune préférence de l’invité et aucun calendrier ne prime sur une décision de sécurité licite.","Ningún compromiso comercial, preferencia del huésped o calendario prevalece sobre una decisión de seguridad lícita.",لا يتقدم أي التزام تجاري أو تفضيل للضيف أو جدول زمني على قرار سلامة مشروع.
legal,Pricing Transparency,Transparence tarifaire,Transparencia de precios,شفافية الأسعار
legal,"Every quotation is built around the aircraft, route, timing, passenger requirements and conditions known at the time it is prepared. Where Jettset states that an empty-leg or other journey is offered at operator rate, this means that no additional charter markup is applied by Jettset to that operator quotation for the specified journey. Any separate membership, payment-processing, concierge or service fee will be disclosed independently. Operational charges that cannot always be predicted in advance may include de-icing, additional flight time, airport changes, permits, parking, handling, catering, Wi-Fi, ground waiting time and passenger-requested changes.","Chaque devis est établi à partir de l’appareil, de l’itinéraire, du calendrier, des besoins en passagers et des conditions connus au moment de sa préparation. Lorsque Jettset indique qu’un trajet à vide ou un autre voyage est proposé au tarif opérateur, cela signifie que Jettset n’applique aucune majoration d’affrètement supplémentaire à ce devis d’opérateur pour le voyage précisé. Tout frais d’adhésion, de traitement de paiement, de conciergerie ou de service distinct sera indiqué séparément. Les frais opérationnels qui ne peuvent pas toujours être prévus à l’avance peuvent inclure le dégivrage, le temps de vol supplémentaire, les changements d’aéroport, les autorisations, le stationnement, l’assistance au sol, la restauration, le Wi-Fi, le temps d’attente au sol et les modifications demandées par les passagers.","Cada presupuesto se elabora en función de la aeronave, la ruta, el calendario, los requisitos de los pasajeros y las condiciones conocidas en el momento de prepararlo. Cuando Jettset indica que un tramo vacío u otro viaje se ofrece a precio de operador, significa que Jettset no aplica ningún recargo de chárter adicional a ese presupuesto del operador para el viaje especificado. Cualquier cuota de membresía, de procesamiento de pagos, de conserjería o de servicio por separado se comunicará de forma independiente. Los cargos operativos que no siempre pueden preverse pueden incluir deshielo, tiempo de vuelo adicional, cambios de aeropuerto, permisos, estacionamiento, handling, catering, wifi, tiempo de espera en tierra y cambios solicitados por los pasajeros.",يُبنى كل عرض سعر على الطائرة والمسار والتوقيت ومتطلبات الركاب والظروف المعروفة وقت إعداده. وعندما تذكر Jettset أن مقطعًا فارغًا أو رحلة أخرى تُعرض بسعر المشغّل، فهذا يعني أن Jettset لا تضيف أي هامش تأجير إضافي على عرض سعر المشغّل لتلك الرحلة المحددة. وتُفصَح عن أي رسوم عضوية أو معالجة دفع أو كونسيرج أو خدمة منفصلة بشكل مستقل. وقد تشمل الرسوم التشغيلية التي لا يمكن توقعها دائمًا مسبقًا إزالة الجليد وزمن طيران إضافيًا وتغيير المطارات والتصاريح ومواقف الطائرات والخدمات الأرضية والتموين والواي فاي ووقت الانتظار على الأرض والتغييرات التي يطلبها الركاب.
legal,"<span class=""legal-num"">07</span> Empty Legs &amp; Legs Membership","<span class=""legal-num"">07</span> Trajets à vide et adhésion Legs","<span class=""legal-num"">07</span> Tramos vacíos y membresía Legs","<span class=""legal-num"">07</span> المقاطع الفارغة وعضوية Legs"
legal,Empty Legs & Legs Membership,Trajets à vide et adhésion Legs,Tramos vacíos y membresía Legs,المقاطع الفارغة وعضوية Legs
legal,"Legs gives members privileged visibility of live aircraft repositioning opportunities. An empty leg exists because an aircraft is already scheduled to move without passengers; it is not created around a member's requested route. Empty legs commonly appear at short notice, are usually one-way and may move or be withdrawn if the underlying primary journey changes. A route is not secured until the licensed operator accepts the booking and written confirmation is issued. We make the known timing, conditions, cancellation risk and whole-aircraft member price clear before commitment. Where certainty matters more than flexibility, Charter or Jet Card will usually be the more appropriate structure.","Legs offre aux membres une visibilité privilégiée sur les opportunités de repositionnement d’appareils en direct. Un trajet à vide existe parce qu’un appareil est déjà programmé pour se déplacer sans passagers ; il n’est pas créé autour de l’itinéraire demandé par un membre. Les trajets à vide apparaissent souvent à court terme, sont généralement en aller simple et peuvent être déplacés ou retirés si le voyage principal sous-jacent change. Un itinéraire n’est pas garanti tant que l’exploitant agréé n’a pas accepté la réservation et qu’une confirmation écrite n’a pas été émise. Nous indiquons clairement, avant tout engagement, les horaires connus, les conditions, le risque d’annulation et le prix membre pour l’appareil entier. Lorsque la certitude compte plus que la flexibilité, l’affrètement ou la Jet Card constitue généralement la structure la plus appropriée.","Legs ofrece a los miembros visibilidad privilegiada de las oportunidades de reposicionamiento de aeronaves en directo. Un tramo vacío existe porque una aeronave ya tiene programado desplazarse sin pasajeros; no se crea en torno a la ruta que solicita un miembro. Los tramos vacíos suelen aparecer con poco preaviso, suelen ser de solo ida y pueden moverse o retirarse si cambia el viaje principal subyacente. Una ruta no queda asegurada hasta que el operador autorizado acepta la reserva y se emite una confirmación por escrito. Dejamos claros, antes de cualquier compromiso, los horarios conocidos, las condiciones, el riesgo de cancelación y el precio para el miembro de la aeronave completa. Cuando la certeza importa más que la flexibilidad, el chárter o la Jet Card suelen ser la estructura más adecuada.",تمنح Legs الأعضاء رؤية مميزة لفرص إعادة تموضع الطائرات المباشرة. ينشأ المقطع الفارغ لأن طائرة مجدولة أصلًا للتنقل دون ركاب؛ ولا يُنشأ حول المسار الذي يطلبه عضو. وكثيرًا ما تظهر المقاطع الفارغة بإشعار قصير، وهي في الغالب في اتجاه واحد، وقد تتغير أو تُسحب إذا تغيّرت الرحلة الأساسية. ولا يُعدّ المسار مؤمَّنًا إلى أن يقبل المشغّل المرخّص الحجز ويصدر تأكيد كتابي. ونوضّح قبل الالتزام التوقيتات والشروط المعروفة ومخاطر الإلغاء وسعر العضو للطائرة كاملة. وحين تكون اليقينية أهم من المرونة، يكون التأجير أو Jet Card عادةً الصيغة الأنسب.
legal,"<span class=""legal-num"">08</span> Guest Information &amp; Discretion","<span class=""legal-num"">08</span> Informations sur les invités et discrétion","<span class=""legal-num"">08</span> Información de los huéspedes y discreción","<span class=""legal-num"">08</span> معلومات الضيوف والتكتّم"
legal,Guest Information & Discretion,Informations sur les invités et discrétion,Información de los huéspedes y discreción,معلومات الضيوف والتكتّم
legal,"Only the information reasonably required to quote, confirm and deliver a journey is shared with the operator, airport, authority or supplier involved. Privacy, press sensitivity, security considerations, health information and personal preferences may be recorded within a guest profile where relevant and where the guest or authorised representative asks us to do so.","Seules les informations raisonnablement nécessaires pour établir un devis, confirmer et réaliser un voyage sont communiquées à l’exploitant, à l’aéroport, à l’autorité ou au fournisseur concerné. La confidentialité, la sensibilité médiatique, les considérations de sécurité, les informations de santé et les préférences personnelles peuvent être consignées dans un profil d’invité lorsque cela est pertinent et lorsque l’invité ou son représentant autorisé nous le demande.","Solo se comparte con el operador, aeropuerto, autoridad o proveedor implicado la información razonablemente necesaria para presupuestar, confirmar y llevar a cabo un viaje. La privacidad, la sensibilidad mediática, las consideraciones de seguridad, la información sobre salud y las preferencias personales pueden registrarse en un perfil de huésped cuando sea pertinente y cuando el huésped o su representante autorizado así nos lo pida.",لا تُشارَك مع المشغّل أو المطار أو السلطة أو المورّد المعني إلا المعلومات اللازمة بصورة معقولة لتسعير الرحلة وتأكيدها وتنفيذها. وقد تُسجَّل الخصوصية والحساسية الإعلامية والاعتبارات الأمنية ومعلومات الصحة والتفضيلات الشخصية في ملف الضيف حيثما كان ذلك ذا صلة وحين يطلب الضيف أو ممثله المفوَّض ذلك.
legal,<em>Our internal standard is simple: sensitive guest information should never be disclosed more widely than the journey requires.</em>,<em>Notre standard interne est simple : les informations sensibles d’un invité ne doivent jamais être divulguées plus largement que ne l’exige le voyage.</em>,<em>Nuestro estándar interno es sencillo: la información sensible de los huéspedes nunca debe divulgarse más ampliamente de lo que exija el viaje.</em>,<em>معيارنا الداخلي بسيط: لا ينبغي الإفصاح عن معلومات الضيف الحساسة بأوسع مما تتطلبه الرحلة.</em>
legal,Our internal standard is simple: sensitive guest information should never be disclosed more widely than the journey requires.,Notre standard interne est simple : les informations sensibles d’un invité ne doivent jamais être divulguées plus largement que ne l’exige le voyage.,Nuestro estándar interno es sencillo: la información sensible de los huéspedes nunca debe divulgarse más ampliamente de lo que exija el viaje.,معيارنا الداخلي بسيط: لا ينبغي الإفصاح عن معلومات الضيف الحساسة بأوسع مما تتطلبه الرحلة.
legal,Further information appears in the Jettset Privacy & Data Protection Notice.,Des informations complémentaires figurent dans l’avis de confidentialité et de protection des données de Jettset.,Hay más información en el Aviso de privacidad y protección de datos de Jettset.,تتوفر معلومات إضافية في إشعار الخصوصية وحماية البيانات لدى Jettset.
legal,"<span class=""legal-num"">09</span> Compliance Before Convenience","<span class=""legal-num"">09</span> La conformité avant la commodité","<span class=""legal-num"">09</span> El cumplimiento antes que la comodidad","<span class=""legal-num"">09</span> الامتثال قبل الراحة"
legal,Compliance Before Convenience,La conformité avant la commodité,El cumplimiento antes que la comodidad,الامتثال قبل الراحة
legal,"A journey may require identity, passenger, beneficial-ownership, source-of-funds, sanctions, customs, immigration or other compliance information before an aircraft can be confirmed. Jettset, the operator or a payment partner may decline, pause or cancel a booking where information is incomplete, the proposed journey creates a legal or regulatory concern, or proceeding would conflict with safety or compliance requirements. Passengers remain responsible for valid passports, visas, entry requirements, declared baggage, pet documentation and any restricted or hazardous items.","Un voyage peut nécessiter des informations d’identité, de passagers, de bénéficiaires effectifs, d’origine des fonds, de sanctions, de douane, d’immigration ou d’autres informations de conformité avant qu’un appareil puisse être confirmé. Jettset, l’exploitant ou un partenaire de paiement peut refuser, suspendre ou annuler une réservation lorsque les informations sont incomplètes, que le voyage proposé soulève une préoccupation juridique ou réglementaire, ou que la poursuite serait contraire aux exigences de sécurité ou de conformité. Les passagers restent responsables de la validité des passeports, des visas, des conditions d’entrée, des bagages déclarés, des documents relatifs aux animaux et de tout objet restreint ou dangereux.","Un viaje puede requerir información de identidad, de pasajeros, de titularidad real, de origen de fondos, de sanciones, de aduanas, de inmigración u otra información de cumplimiento antes de que pueda confirmarse una aeronave. Jettset, el operador o un socio de pago pueden rechazar, suspender o cancelar una reserva cuando la información esté incompleta, el viaje propuesto plantee un problema legal o regulatorio, o proceder entre en conflicto con los requisitos de seguridad o cumplimiento. Los pasajeros siguen siendo responsables de contar con pasaportes válidos, visados, requisitos de entrada, equipaje declarado, documentación de mascotas y cualquier artículo restringido o peligroso.",قد تتطلب الرحلة معلومات عن الهوية أو الركاب أو المستفيد الحقيقي أو مصدر الأموال أو العقوبات أو الجمارك أو الهجرة أو غيرها من معلومات الامتثال قبل أن تُؤكَّد الطائرة. ويجوز لـ Jettset أو المشغّل أو شريك الدفع رفض الحجز أو تعليقه أو إلغاؤه إذا كانت المعلومات ناقصة أو أثارت الرحلة المقترحة مسألة قانونية أو تنظيمية أو تعارض المضي فيها مع متطلبات السلامة أو الامتثال. ويبقى الركاب مسؤولين عن صلاحية جوازات السفر والتأشيرات ومتطلبات الدخول والأمتعة المصرَّح بها ووثائق الحيوانات الأليفة وأي مواد مقيَّدة أو خطرة.
legal,"<span class=""legal-num"">10</span> If Plans Change","<span class=""legal-num"">10</span> Si les plans changent","<span class=""legal-num"">10</span> Si los planes cambian","<span class=""legal-num"">10</span> إذا تغيّرت الخطط"
legal,If Plans Change,Si les plans changent,Si los planes cambian,إذا تغيّرت الخطط
legal,"Private aviation can be affected by weather, technical issues, crew duty limitations, airport restrictions, permits, air traffic control and other conditions outside Jettset's direct control. If a delay, aircraft change, cancellation or other disruption occurs, our role is to communicate clearly, work with the operator and source practical alternatives as quickly as reasonably possible. Depending on availability, this may include a replacement aircraft, revised timing, another airport, ground transport or a new itinerary. Any additional cost, refund or recovery entitlement will depend on the cause of the disruption, the operator's terms and the agreement for the specific journey.","L’aviation privée peut être affectée par la météo, des problèmes techniques, les limites de temps de service de l’équipage, les restrictions aéroportuaires, les autorisations, le contrôle du trafic aérien et d’autres conditions échappant au contrôle direct de Jettset. En cas de retard, de changement d’appareil, d’annulation ou de toute autre perturbation, notre rôle est de communiquer clairement, de travailler avec l’exploitant et de trouver des solutions pratiques aussi vite que raisonnablement possible. Selon la disponibilité, cela peut inclure un appareil de remplacement, un horaire révisé, un autre aéroport, un transport terrestre ou un nouvel itinéraire. Tout coût supplémentaire, remboursement ou droit à indemnisation dépendra de la cause de la perturbation, des conditions de l’exploitant et de l’accord applicable au voyage concerné.","La aviación privada puede verse afectada por el clima, problemas técnicos, límites de tiempo de servicio de la tripulación, restricciones aeroportuarias, permisos, control del tráfico aéreo y otras condiciones ajenas al control directo de Jettset. Si se produce un retraso, un cambio de aeronave, una cancelación u otra alteración, nuestro papel es comunicarnos con claridad, trabajar con el operador y buscar alternativas prácticas lo antes razonablemente posible. Según la disponibilidad, esto puede incluir una aeronave sustituta, un horario revisado, otro aeropuerto, transporte terrestre o un nuevo itinerario. Cualquier coste adicional, reembolso o derecho de recuperación dependerá de la causa de la alteración, de las condiciones del operador y del acuerdo del viaje concreto.",قد يتأثر الطيران الخاص بالطقس والمشكلات الفنية وحدود ساعات عمل الطاقم وقيود المطارات والتصاريح ومراقبة الحركة الجوية وغيرها من الظروف الخارجة عن سيطرة Jettset المباشرة. وعند حدوث تأخير أو تغيير طائرة أو إلغاء أو أي اضطراب آخر، يتمثل دورنا في التواصل بوضوح والعمل مع المشغّل وتأمين بدائل عملية بأسرع ما يمكن بصورة معقولة. وبحسب التوفر، قد يشمل ذلك طائرة بديلة أو توقيتًا معدّلًا أو مطارًا آخر أو نقلًا بريًا أو خط سير جديدًا. وتعتمد أي تكلفة إضافية أو استرداد أو حق في التعويض على سبب الاضطراب وشروط المشغّل والاتفاق الخاص بالرحلة.
legal,<em>We do not promise that disruption will never happen. We promise not to disappear when it does.</em>,<em>Nous ne promettons pas qu’aucune perturbation ne se produira jamais. Nous promettons de ne pas disparaître lorsqu’elle survient.</em>,<em>No prometemos que nunca habrá alteraciones. Prometemos no desaparecer cuando las haya.</em>,<em>لا نعد بألا يحدث اضطراب أبدًا. ونعد بألا نختفي عندما يحدث.</em>
legal,We do not promise that disruption will never happen. We promise not to disappear when it does.,Nous ne promettons pas qu’aucune perturbation ne se produira jamais. Nous promettons de ne pas disparaître lorsqu’elle survient.,No prometemos que nunca habrá alteraciones. Prometemos no desaparecer cuando las haya.,لا نعد بألا يحدث اضطراب أبدًا. ونعد بألا نختفي عندما يحدث.
legal,"<span class=""legal-num"">11</span> Reporting A Concern","<span class=""legal-num"">11</span> Signaler une préoccupation","<span class=""legal-num"">11</span> Comunicar una inquietud","<span class=""legal-num"">11</span> الإبلاغ عن مخاوف"
legal,Reporting A Concern,Signaler une préoccupation,Comunicar una inquietud,الإبلاغ عن مخاوف
legal,"Guests, partners and suppliers are encouraged to raise any concern about an operator, aircraft, crew interaction, payment, privacy issue or service failure as soon as possible. Contact Jettset at <a href=""mailto:info@jettsetglobal.com"">info@jettsetglobal.com</a> with the journey reference and full details. Where a matter concerns the legal operation or safety of a flight, it may also be referred to the relevant aviation authority.","Les invités, partenaires et fournisseurs sont invités à signaler dès que possible toute préoccupation concernant un exploitant, un appareil, une interaction avec l’équipage, un paiement, un problème de confidentialité ou un défaut de service. Contactez Jettset à l’adresse <a href=""mailto:info@jettsetglobal.com"">info@jettsetglobal.com</a> en indiquant la référence du voyage et tous les détails. Lorsqu’une question concerne l’exploitation légale ou la sécurité d’un vol, elle peut également être transmise à l’autorité aéronautique compétente.","Se anima a los huéspedes, socios y proveedores a comunicar cuanto antes cualquier inquietud sobre un operador, una aeronave, la interacción con la tripulación, un pago, un problema de privacidad o un fallo del servicio. Póngase en contacto con Jettset en <a href=""mailto:info@jettsetglobal.com"">info@jettsetglobal.com</a> indicando la referencia del viaje y todos los detalles. Cuando un asunto afecte a la operación legal o a la seguridad de un vuelo, también podrá remitirse a la autoridad de aviación pertinente.","يُشجَّع الضيوف والشركاء والموردون على إثارة أي مخاوف بشأن مشغّل أو طائرة أو تعامل مع الطاقم أو دفع أو مسألة خصوصية أو إخفاق في الخدمة في أقرب وقت ممكن. تواصل مع Jettset عبر <a href=""mailto:info@jettsetglobal.com"">info@jettsetglobal.com</a> مع ذكر مرجع الرحلة وجميع التفاصيل. وإذا تعلّق الأمر بالتشغيل القانوني لرحلة أو بسلامتها، فيجوز إحالته أيضًا إلى سلطة الطيران المعنية."
legal,"Guests, partners and suppliers are encouraged to raise any concern about an operator, aircraft, crew interaction, payment, privacy issue or service failure as soon as possible. Contact Jettset at","Les invités, partenaires et fournisseurs sont invités à signaler dès que possible toute préoccupation concernant un exploitant, un appareil, une interaction avec l’équipage, un paiement, un problème de confidentialité ou un défaut de service. Contactez Jettset à l’adresse","Se anima a los huéspedes, socios y proveedores a comunicar cuanto antes cualquier inquietud sobre un operador, una aeronave, la interacción con la tripulación, un pago, un problema de privacidad o un fallo del servicio. Póngase en contacto con Jettset en",يُشجَّع الضيوف والشركاء والموردون على إثارة أي مخاوف بشأن مشغّل أو طائرة أو تعامل مع الطاقم أو دفع أو مسألة خصوصية أو إخفاق في الخدمة في أقرب وقت ممكن. تواصل مع Jettset عبر
legal,"with the journey reference and full details. Where a matter concerns the legal operation or safety of a flight, it may also be referred to the relevant aviation authority.","en indiquant la référence du voyage et tous les détails. Lorsqu’une question concerne l’exploitation légale ou la sécurité d’un vol, elle peut également être transmise à l’autorité aéronautique compétente.","indicando la referencia del viaje y todos los detalles. Cuando un asunto afecte a la operación legal o a la seguridad de un vuelo, también podrá remitirse a la autoridad de aviación pertinente.",مع ذكر مرجع الرحلة وجميع التفاصيل. وإذا تعلّق الأمر بالتشغيل القانوني لرحلة أو بسلامتها، فيجوز إحالته أيضًا إلى سلطة الطيران المعنية.
legal,"<span class=""legal-num"">12</span> The Standard We Hold","<span class=""legal-num"">12</span> Le standard que nous tenons","<span class=""legal-num"">12</span> El estándar que mantenemos","<span class=""legal-num"">12</span> المعيار الذي نلتزم به"
legal,The Standard We Hold,Le standard que nous tenons,El estándar que mantenemos,المعيار الذي نلتزم به
legal,"<strong>Clarity</strong> — the guest should know who is arranging the journey and who is operating the aircraft.<br> <strong>Legality</strong> — every commercial flight must be performed under the authority required for that jurisdiction and operation.<br> <strong>Suitability</strong> — the aircraft must be assessed against the actual route, passengers, baggage and operating conditions.<br> <strong>Discretion</strong> — sensitive information is shared only where the journey genuinely requires it.<br> <strong>Transparency</strong> — pricing, conditions and known limitations should be presented before commitment.<br> <strong>Presence</strong> — when a journey changes, the guest should have a real person managing the response.","<strong>Clarté</strong> — l’invité doit savoir qui organise le voyage et qui exploite l’appareil.<br> <strong>Légalité</strong> — chaque vol commercial doit être effectué sous l’autorité requise pour cette juridiction et cette exploitation.<br> <strong>Adéquation</strong> — l’appareil doit être évalué au regard de l’itinéraire réel, des passagers, des bagages et des conditions d’exploitation.<br> <strong>Discrétion</strong> — les informations sensibles ne sont partagées que lorsque le voyage l’exige réellement.<br> <strong>Transparence</strong> — les prix, conditions et limites connues doivent être présentés avant tout engagement.<br> <strong>Présence</strong> — lorsqu’un voyage change, l’invité doit avoir une vraie personne qui gère la réponse.","<strong>Claridad</strong>: el huésped debe saber quién organiza el viaje y quién opera la aeronave.<br> <strong>Legalidad</strong>: cada vuelo comercial debe realizarse bajo la autorización exigida para esa jurisdicción y operación.<br> <strong>Idoneidad</strong>: la aeronave debe evaluarse en función de la ruta real, los pasajeros, el equipaje y las condiciones operativas.<br> <strong>Discreción</strong>: la información sensible solo se comparte cuando el viaje realmente lo requiere.<br> <strong>Transparencia</strong>: los precios, las condiciones y las limitaciones conocidas deben presentarse antes de cualquier compromiso.<br> <strong>Presencia</strong>: cuando un viaje cambia, el huésped debe contar con una persona real que gestione la respuesta.",<strong>الوضوح</strong> — ينبغي أن يعرف الضيف من يرتّب الرحلة ومن يشغّل الطائرة.<br> <strong>المشروعية</strong> — يجب تنفيذ كل رحلة تجارية بموجب السلطة المطلوبة لتلك الولاية القضائية وذلك النوع من التشغيل.<br> <strong>الملاءمة</strong> — يجب تقييم الطائرة بحسب المسار الفعلي والركاب والأمتعة وظروف التشغيل.<br> <strong>التكتّم</strong> — لا تُشارَك المعلومات الحساسة إلا حيث تتطلبها الرحلة فعلًا.<br> <strong>الشفافية</strong> — ينبغي عرض الأسعار والشروط والقيود المعروفة قبل الالتزام.<br> <strong>الحضور</strong> — عندما تتغير الرحلة، ينبغي أن يكون للضيف شخص حقيقي يدير الاستجابة.
legal,— the guest should know who is arranging the journey and who is operating the aircraft.,— l’invité doit savoir qui organise le voyage et qui exploite l’appareil.,— el huésped debe saber quién organiza el viaje y quién opera la aeronave.,— ينبغي أن يعرف الضيف من يرتّب الرحلة ومن يشغّل الطائرة.
legal,Legality,Légalité,Legalidad,المشروعية
legal,— every commercial flight must be performed under the authority required for that jurisdiction and operation.,— chaque vol commercial doit être effectué sous l’autorité requise pour cette juridiction et cette exploitation.,— cada vuelo comercial debe realizarse bajo la autorización exigida para esa jurisdicción y operación.,— يجب تنفيذ كل رحلة تجارية بموجب السلطة المطلوبة لتلك الولاية القضائية وذلك النوع من التشغيل.
legal,Suitability,Adéquation,Idoneidad,الملاءمة
legal,"— the aircraft must be assessed against the actual route, passengers, baggage and operating conditions.","— l’appareil doit être évalué au regard de l’itinéraire réel, des passagers, des bagages et des conditions d’exploitation.","— la aeronave debe evaluarse en función de la ruta real, los pasajeros, el equipaje y las condiciones operativas.",— يجب تقييم الطائرة بحسب المسار الفعلي والركاب والأمتعة وظروف التشغيل.
legal,— sensitive information is shared only where the journey genuinely requires it.,— les informations sensibles ne sont partagées que lorsque le voyage l’exige réellement.,— la información sensible solo se comparte cuando el viaje realmente lo requiere.,— لا تُشارَك المعلومات الحساسة إلا حيث تتطلبها الرحلة فعلًا.
legal,Transparency,Transparence,Transparencia,الشفافية
legal,"— pricing, conditions and known limitations should be presented before commitment.","— les prix, conditions et limites connues doivent être présentés avant tout engagement.","— los precios, las condiciones y las limitaciones conocidas deben presentarse antes de cualquier compromiso.",— ينبغي عرض الأسعار والشروط والقيود المعروفة قبل الالتزام.
legal,Presence,Présence,Presencia,الحضور
legal,"— when a journey changes, the guest should have a real person managing the response.","— lorsqu’un voyage change, l’invité doit avoir une vraie personne qui gère la réponse.","— cuando un viaje cambia, el huésped debe contar con una persona real que gestione la respuesta.",— عندما تتغير الرحلة، ينبغي أن يكون للضيف شخص حقيقي يدير الاستجابة.
legal,Trust & Safety | Jettset Global,Confiance et sécurité | Jettset Global,Confianza y seguridad | Jettset Global,الثقة والسلامة | Jettset Global
legal,"Our approach to trust, safety, and operator vetting at Jettset Global.","Notre approche de la confiance, de la sécurité et de la sélection des exploitants chez Jettset Global.","Nuestro enfoque de la confianza, la seguridad y la evaluación de operadores en Jettset Global.",نهجنا في الثقة والسلامة والتحقق من المشغّلين لدى Jettset Global.
legal,Terms & Conditions,Conditions générales,Términos y condiciones,الشروط والأحكام
legal,"Jettset Europe Ltd · Company No. 16650329 · 71-75 Shelton Street, Covent Garden, London WC2H 9JQ, United Kingdom","Jettset Europe Ltd · Société n° 16650329 · 71-75 Shelton Street, Covent Garden, Londres WC2H 9JQ, Royaume-Uni","Jettset Europe Ltd · N.º de sociedad 16650329 · 71-75 Shelton Street, Covent Garden, Londres WC2H 9JQ, Reino Unido","Jettset Europe Ltd · رقم الشركة 16650329 · 71-75 Shelton Street, Covent Garden, لندن WC2H 9JQ، المملكة المتحدة"
legal,"These terms explain the basis on which Jettset arranges private aviation, concierge, ground transport, membership and related services. Please read these Terms together with the quotation, invoice, Charter Agreement, membership agreement, service confirmation and any terms issued by the licensed aircraft operator or other supplier involved in your booking.","Ces conditions expliquent le cadre dans lequel Jettset organise l’aviation privée, la conciergerie, le transport terrestre, les adhésions et les services connexes. Veuillez les lire avec le devis, la facture, le Contrat d’affrètement, le contrat d’adhésion, la confirmation de service et toutes les conditions émises par l’exploitant agréé ou tout autre fournisseur concerné par votre réservation.","Estos términos explican la base sobre la que Jettset organiza la aviación privada, la conserjería, el transporte terrestre, la membresía y los servicios relacionados. Léalos junto con el presupuesto, la factura, el Contrato de Chárter, el contrato de membresía, la confirmación del servicio y cualquier condición emitida por el operador de aeronaves autorizado u otro proveedor implicado en su reserva.",توضح هذه الشروط الأساس الذي ترتّب Jettset بموجبه الطيران الخاص والكونسيرج والنقل البري والعضوية والخدمات ذات الصلة. يُرجى قراءتها مع عرض السعر والفاتورة واتفاقية التأجير واتفاقية العضوية وتأكيد الخدمة وأي شروط يصدرها مشغّل الطائرة المرخّص أو أي مورّد آخر معني بحجزك.
legal,"<span class=""legal-num"">01</span> About These Terms","<span class=""legal-num"">01</span> À propos de ces conditions","<span class=""legal-num"">01</span> Acerca de estos términos","<span class=""legal-num"">01</span> حول هذه الشروط"
legal,About These Terms,À propos de ces conditions,Acerca de estos términos,حول هذه الشروط
legal,"These Terms apply whenever Jettset Europe Ltd, trading as Jettset (""Jettset"", ""we"", ""us"" or ""our""), arranges or provides private aviation, concierge, ground transport, accommodation, event access, membership or another related service (together, the ""Services"") for a customer, guest, passenger, member, company, representative or authorised booker (""you"" or ""your"").","Les présentes Conditions s’appliquent chaque fois que Jettset Europe Ltd, exerçant sous le nom de Jettset (« Jettset », « nous » ou « notre »), organise ou fournit des services d’aviation privée, de conciergerie, de transport terrestre, d’hébergement, d’accès à des événements, d’adhésion ou d’autres services connexes (ensemble, les « Services ») pour un client, un invité, un passager, un membre, une société, un représentant ou une personne autorisée à réserver (« vous » ou « votre »).","Estos Términos se aplican siempre que Jettset Europe Ltd, que opera como Jettset («Jettset», «nosotros» o «nuestro»), organiza o presta servicios de aviación privada, conserjería, transporte terrestre, alojamiento, acceso a eventos, membresía u otro servicio relacionado (conjuntamente, los «Servicios») para un cliente, huésped, pasajero, miembro, empresa, representante o reservante autorizado («usted» o «su»).",تسري هذه الشروط كلما رتّبت Jettset Europe Ltd، التي تعمل باسم Jettset («Jettset» أو «نحن» أو «لنا»)، أو قدّمت خدمات الطيران الخاص أو الكونسيرج أو النقل البري أو الإقامة أو دخول الفعاليات أو العضوية أو أي خدمة أخرى ذات صلة (مجتمعةً «الخدمات») لعميل أو ضيف أو راكب أو عضو أو شركة أو ممثل أو حاجز مفوَّض («أنت» أو «لك»).
legal,"A binding agreement is formed when you sign or accept a Charter Agreement or other service agreement, confirm a booking in writing, authorise us to proceed, or make any required payment — whichever happens first. Where documents conflict, the specific Charter Agreement or service confirmation takes priority for that booking. The licensed aircraft operator's terms govern the operation of the flight and any operational matter within its control.","Un accord contraignant est formé lorsque vous signez ou acceptez un Contrat d’affrètement ou un autre contrat de service, confirmez une réservation par écrit, nous autorisez à procéder ou effectuez un paiement requis — selon ce qui survient en premier. En cas de conflit entre des documents, le Contrat d’affrètement ou la confirmation de service propre à la réservation prévaut pour cette réservation. Les conditions de l’exploitant agréé régissent l’exécution du vol et toute question opérationnelle relevant de son contrôle.","Se formaliza un acuerdo vinculante cuando firma o acepta un Contrato de Chárter u otro contrato de servicio, confirma una reserva por escrito, nos autoriza a proceder o realiza cualquier pago exigido, lo que ocurra primero. Cuando los documentos entren en conflicto, el Contrato de Chárter o la confirmación de servicio específicos prevalecen para esa reserva. Los términos del operador de aeronaves autorizado rigen la operación del vuelo y cualquier cuestión operativa bajo su control.",ينعقد اتفاق ملزم عندما توقّع أو تقبل اتفاقية تأجير أو اتفاقية خدمة أخرى، أو تؤكد حجزًا كتابةً، أو تأذن لنا بالمضي، أو تسدد أي دفعة مطلوبة — أيّهما يحدث أولًا. وعند تعارض الوثائق، تكون الأولوية لاتفاقية التأجير أو تأكيد الخدمة الخاص بذلك الحجز. وتحكم شروط مشغّل الطائرة المرخّص تشغيل الرحلة وأي مسألة تشغيلية تخضع لسيطرته.
legal,"Unless a booking document expressly states otherwise, Jettset acts as a broker and arranging agent. We source and coordinate Services through licensed aircraft operators and independent suppliers within our partner network and the wider international market. Jettset is not the air carrier and does not exercise operational control over an aircraft. Each flight is performed by the licensed operator named in the booking documents, which is responsible for the aircraft, crew, operational safety, flight performance and regulatory compliance.","Sauf indication contraire expresse dans un document de réservation, Jettset agit en qualité de courtier et d’agent organisateur. Nous recherchons et coordonnons les Services par l’intermédiaire d’exploitants d’appareils agréés et de fournisseurs indépendants au sein de notre réseau de partenaires et du marché international plus large. Jettset n’est pas le transporteur aérien et n’exerce pas le contrôle opérationnel d’un appareil. Chaque vol est effectué par l’exploitant agréé désigné dans les documents de réservation, qui est responsable de l’appareil, de l’équipage, de la sécurité opérationnelle, de l’exécution du vol et de la conformité réglementaire.","Salvo que un documento de reserva indique expresamente lo contrario, Jettset actúa como bróker y agente organizador. Buscamos y coordinamos los Servicios a través de operadores de aeronaves autorizados y proveedores independientes de nuestra red de socios y del mercado internacional en general. Jettset no es el transportista aéreo y no ejerce el control operativo de ninguna aeronave. Cada vuelo lo realiza el operador autorizado que se indica en los documentos de reserva, que es responsable de la aeronave, la tripulación, la seguridad operativa, la ejecución del vuelo y el cumplimiento normativo.",ما لم تنص وثيقة الحجز صراحةً على خلاف ذلك، تعمل Jettset كوسيط ووكيل ترتيب. ونؤمّن الخدمات وننسّقها عبر مشغّلي طائرات مرخّصين وموردين مستقلين ضمن شبكة شركائنا والسوق الدولي الأوسع. وJettset ليست الناقل الجوي ولا تمارس السيطرة التشغيلية على أي طائرة. وتُنفَّذ كل رحلة من قبل المشغّل المرخّص المذكور في وثائق الحجز، وهو المسؤول عن الطائرة والطاقم والسلامة التشغيلية وأداء الرحلة والامتثال التنظيمي.
legal,The identity of the operating carrier will be provided before travel. Jettset remains responsible for carrying out its own arranging and coordination services with reasonable care and skill.,L’identité du transporteur exploitant sera communiquée avant le voyage. Jettset reste responsable de l’exécution de ses propres services d’organisation et de coordination avec un soin et une compétence raisonnables.,La identidad del operador aéreo se facilitará antes del viaje. Jettset sigue siendo responsable de prestar sus propios servicios de organización y coordinación con un cuidado y una competencia razonables.,سيُقدَّم اسم الناقل المشغّل قبل السفر. وتبقى Jettset مسؤولة عن أداء خدمات الترتيب والتنسيق الخاصة بها بعناية ومهارة معقولتين.
legal,"<span class=""legal-num"">03</span> Booking Authority &amp; Eligibility","<span class=""legal-num"">03</span> Pouvoir de réserver et admissibilité","<span class=""legal-num"">03</span> Capacidad para reservar y elegibilidad","<span class=""legal-num"">03</span> صلاحية الحجز والأهلية"
legal,Booking Authority & Eligibility,Pouvoir de réserver et admissibilité,Capacidad para reservar y elegibilidad,صلاحية الحجز والأهلية
legal,"You must be at least 18 years old and legally able to enter into the booking. If you book for another person, company, principal, family member or passenger, you confirm that you are authorised to act for them and to accept these Terms on their behalf. You are responsible for ensuring that every passenger understands the parts of these Terms that apply to conduct, documentation, baggage, safety, privacy and travel requirements.","Vous devez avoir au moins 18 ans et avoir la capacité juridique de conclure la réservation. Si vous réservez pour une autre personne, une société, un dirigeant, un membre de la famille ou un passager, vous confirmez être autorisé à agir pour eux et à accepter les présentes Conditions en leur nom. Il vous appartient de vous assurer que chaque passager comprend les parties des présentes Conditions qui concernent le comportement, les documents, les bagages, la sécurité, la confidentialité et les exigences de voyage.","Debe tener al menos 18 años y capacidad legal para realizar la reserva. Si reserva para otra persona, empresa, directivo, familiar o pasajero, confirma que está autorizado para actuar en su nombre y aceptar estos Términos en su representación. Es responsable de asegurarse de que cada pasajero comprenda las partes de estos Términos que se aplican a la conducta, la documentación, el equipaje, la seguridad, la privacidad y los requisitos de viaje.",يجب ألا يقل عمرك عن 18 عامًا وأن تكون مؤهلًا قانونيًا لإبرام الحجز. وإذا حجزت لشخص آخر أو شركة أو شخصية رئيسية أو فرد من العائلة أو راكب، فإنك تؤكد أنك مخوَّل بالتصرف نيابةً عنهم وقبول هذه الشروط بالنيابة عنهم. وأنت مسؤول عن التأكد من أن كل راكب يفهم أجزاء هذه الشروط التي تنطبق على السلوك والوثائق والأمتعة والسلامة والخصوصية ومتطلبات السفر.
legal,"<span class=""legal-num"">04</span> Quotes, Availability &amp; Confirmation","<span class=""legal-num"">04</span> Devis, disponibilité et confirmation","<span class=""legal-num"">04</span> Presupuestos, disponibilidad y confirmación","<span class=""legal-num"">04</span> عروض الأسعار والتوفر والتأكيد"
legal,"Quotes, Availability & Confirmation","Devis, disponibilité et confirmation","Presupuestos, disponibilidad y confirmación",عروض الأسعار والتوفر والتأكيد
legal,"All quotations are subject to aircraft and supplier availability, operator acceptance, crew availability, airport slots, permits, weather, operational limitations and receipt of cleared funds. Unless the quotation states otherwise, an option or proposed aircraft is not held and may be withdrawn or repriced before confirmation. A booking is confirmed only when Jettset has issued written confirmation and received all amounts due by the stated deadline. Photographs, layouts, capacities, ranges, timings and aircraft descriptions are indicative unless expressly confirmed for the specific aircraft assigned to the journey.","Tous les devis sont soumis à la disponibilité des appareils et des fournisseurs, à l’acceptation de l’exploitant, à la disponibilité de l’équipage, aux créneaux aéroportuaires, aux autorisations, à la météo, aux contraintes opérationnelles et à la réception de fonds compensés. Sauf indication contraire dans le devis, une option ou un appareil proposé n’est pas réservé et peut être retiré ou retarifé avant confirmation. Une réservation n’est confirmée que lorsque Jettset a émis une confirmation écrite et reçu toutes les sommes dues dans le délai indiqué. Les photographies, plans, capacités, autonomies, horaires et descriptions d’appareils sont indicatifs, sauf confirmation expresse pour l’appareil précis affecté au voyage.","Todos los presupuestos están sujetos a la disponibilidad de aeronaves y proveedores, la aceptación del operador, la disponibilidad de la tripulación, las franjas horarias de los aeropuertos, los permisos, la meteorología, las limitaciones operativas y la recepción de fondos disponibles. Salvo que el presupuesto indique lo contrario, una opción o aeronave propuesta no se reserva y puede retirarse o modificarse de precio antes de la confirmación. Una reserva solo se confirma cuando Jettset ha emitido una confirmación por escrito y ha recibido todos los importes debidos antes del plazo indicado. Las fotografías, distribuciones, capacidades, alcances, horarios y descripciones de aeronaves son indicativos salvo que se confirmen expresamente para la aeronave concreta asignada al viaje.",تخضع جميع عروض الأسعار لتوفر الطائرات والموردين وقبول المشغّل وتوفر الطاقم والأوقات المخصصة في المطارات والتصاريح والطقس والقيود التشغيلية واستلام أموال مقاصَّة. وما لم يذكر عرض السعر خلاف ذلك، فإن الخيار أو الطائرة المقترحة غير محجوزة وقد تُسحب أو يُعاد تسعيرها قبل التأكيد. ولا يُؤكَّد الحجز إلا بعد أن تصدر Jettset تأكيدًا كتابيًا وتستلم كل المبالغ المستحقة في الموعد المحدد. وتُعدّ الصور والمخططات والسعات والمديات والتوقيتات وأوصاف الطائرات استرشادية ما لم تُؤكَّد صراحةً للطائرة المحددة المخصصة للرحلة.
legal,"<span class=""legal-num"">05</span> Passenger Information &amp; Travel Documents","<span class=""legal-num"">05</span> Informations sur les passagers et documents de voyage","<span class=""legal-num"">05</span> Información de pasajeros y documentos de viaje","<span class=""legal-num"">05</span> معلومات الركاب ووثائق السفر"
legal,Passenger Information & Travel Documents,Informations sur les passagers et documents de voyage,Información de pasajeros y documentos de viaje,معلومات الركاب ووثائق السفر
legal,"You must provide complete and accurate passenger information by the deadline requested, including full name, date of birth, nationality, passport or identity document details, place of birth, gender, contact details and any additional information required by an operator, airport, border authority or destination. You and each passenger are responsible for passports, visas, permits, vaccinations, immigration compliance and all other entry, exit and transit requirements. Any health, accessibility or fitness-to-travel information that may affect the journey must be disclosed promptly. The pilot in command and operator retain final authority over carriage and safety.","Vous devez fournir des informations complètes et exactes sur les passagers dans le délai demandé, y compris le nom complet, la date de naissance, la nationalité, les données du passeport ou du document d’identité, le lieu de naissance, le sexe, les coordonnées et toute information supplémentaire exigée par un exploitant, un aéroport, une autorité frontalière ou une destination. Vous et chaque passager êtes responsables des passeports, visas, autorisations, vaccinations, de la conformité en matière d’immigration et de toutes les autres exigences d’entrée, de sortie et de transit. Toute information de santé, d’accessibilité ou d’aptitude au voyage susceptible d’influer sur le voyage doit être communiquée sans délai. Le commandant de bord et l’exploitant conservent l’autorité finale en matière de transport et de sécurité.","Debe facilitar información completa y exacta de los pasajeros antes del plazo solicitado, incluidos nombre completo, fecha de nacimiento, nacionalidad, datos del pasaporte o documento de identidad, lugar de nacimiento, sexo, datos de contacto y cualquier información adicional exigida por un operador, aeropuerto, autoridad fronteriza o destino. Usted y cada pasajero son responsables de los pasaportes, visados, permisos, vacunas, cumplimiento de inmigración y de todos los demás requisitos de entrada, salida y tránsito. Cualquier información sobre salud, accesibilidad o aptitud para viajar que pueda afectar al viaje debe comunicarse con prontitud. El comandante de la aeronave y el operador conservan la autoridad final sobre el transporte y la seguridad.",يجب عليك تقديم معلومات كاملة ودقيقة عن الركاب في الموعد المطلوب، بما في ذلك الاسم الكامل وتاريخ الميلاد والجنسية وبيانات جواز السفر أو وثيقة الهوية ومكان الولادة والجنس وبيانات الاتصال وأي معلومات إضافية يطلبها مشغّل أو مطار أو سلطة حدودية أو وجهة. وأنت وكل راكب مسؤولون عن جوازات السفر والتأشيرات والتصاريح واللقاحات والامتثال لأنظمة الهجرة وكل متطلبات الدخول والخروج والعبور الأخرى. ويجب الإفصاح فورًا عن أي معلومات تتعلق بالصحة أو إمكانية الوصول أو اللياقة للسفر قد تؤثر في الرحلة. ويحتفظ قائد الطائرة والمشغّل بالسلطة النهائية بشأن النقل والسلامة.
legal,"<span class=""legal-num"">06</span> Price, Charges &amp; Payment","<span class=""legal-num"">06</span> Prix, frais et paiement","<span class=""legal-num"">06</span> Precio, cargos y pago","<span class=""legal-num"">06</span> السعر والرسوم والدفع"
legal,"Price, Charges & Payment","Prix, frais et paiement","Precio, cargos y pago",السعر والرسوم والدفع
legal,"You must pay the price and any deposit, balance or other amount in full, in the currency and by the deadline stated, without set-off, counterclaim or deduction except where required by law. The quoted price is based on the itinerary, aircraft, passenger details and assumptions stated at the time of quotation. Additional charges may arise from de-icing and weather-related costs, additional flight time or repositioning, fuel and airport charges, additional crew or catering, changes to passenger numbers or routing, taxes and card-processing fees, and supplier costs resulting from delay or passenger action. Payments may be made by approved bank transfer, card or cryptocurrency payment partner where offered. If payment is late, Jettset may suspend work, release an aircraft option, cancel the booking and recover reasonable administration, collection and financing costs to the extent permitted by law.","Vous devez payer intégralement le prix ainsi que tout acompte, solde ou autre montant, dans la devise et le délai indiqués, sans compensation, demande reconventionnelle ni déduction, sauf lorsque la loi l’exige. Le prix indiqué repose sur l’itinéraire, l’appareil, les informations sur les passagers et les hypothèses indiqués au moment du devis. Des frais supplémentaires peuvent résulter du dégivrage et des coûts liés à la météo, du temps de vol ou du repositionnement supplémentaires, du carburant et des redevances aéroportuaires, d’un équipage ou d’une restauration supplémentaires, de modifications du nombre de passagers ou de l’itinéraire, des taxes et frais de traitement des cartes, ainsi que des coûts de fournisseurs résultant d’un retard ou d’une action d’un passager. Les paiements peuvent être effectués par virement bancaire approuvé, par carte ou via un partenaire de paiement en cryptomonnaie lorsque cela est proposé. En cas de retard de paiement, Jettset peut suspendre son travail, libérer une option d’appareil, annuler la réservation et recouvrer des frais raisonnables d’administration, de recouvrement et de financement dans la mesure permise par la loi.","Debe pagar el precio y cualquier depósito, saldo u otro importe íntegramente, en la moneda y antes del plazo indicados, sin compensación, reconvención ni deducción, salvo que la ley lo exija. El precio presupuestado se basa en el itinerario, la aeronave, los datos de los pasajeros y los supuestos indicados en el momento del presupuesto. Pueden surgir cargos adicionales por deshielo y costes relacionados con el clima, tiempo de vuelo o reposicionamiento adicionales, combustible y tasas aeroportuarias, tripulación o catering adicionales, cambios en el número de pasajeros o en la ruta, impuestos y comisiones de procesamiento de tarjetas, y costes de proveedores derivados de retrasos o de acciones de los pasajeros. Los pagos pueden realizarse mediante transferencia bancaria aprobada, tarjeta o socio de pago en criptomoneda cuando se ofrezca. Si el pago se retrasa, Jettset puede suspender el trabajo, liberar una opción de aeronave, cancelar la reserva y recuperar costes razonables de administración, cobro y financiación en la medida permitida por la ley.",يجب عليك دفع السعر وأي وديعة أو رصيد أو مبلغ آخر كاملًا، بالعملة وفي الموعد المحددين، دون مقاصة أو دعوى مقابلة أو خصم إلا حيثما يقتضي القانون. ويستند السعر المعروض إلى خط السير والطائرة وبيانات الركاب والافتراضات المذكورة وقت عرض السعر. وقد تنشأ رسوم إضافية عن إزالة الجليد وتكاليف الطقس وزمن الطيران الإضافي أو إعادة التموضع والوقود ورسوم المطارات والطاقم أو التموين الإضافي وتغيير عدد الركاب أو المسار والضرائب ورسوم معالجة البطاقات وتكاليف الموردين الناتجة عن التأخير أو تصرف الركاب. ويمكن الدفع بحوالة مصرفية معتمدة أو بطاقة أو عبر شريك دفع بالعملات المشفّرة حيثما يُعرض. وفي حال تأخر الدفع، يجوز لـ Jettset تعليق العمل أو إلغاء خيار الطائرة أو إلغاء الحجز واسترداد تكاليف معقولة للإدارة والتحصيل والتمويل بالقدر الذي يسمح به القانون.
legal,"<span class=""legal-num"">07</span> Changes Requested By You","<span class=""legal-num"">07</span> Modifications demandées par vous","<span class=""legal-num"">07</span> Cambios solicitados por usted","<span class=""legal-num"">07</span> التغييرات التي تطلبها"
legal,Changes Requested By You,Modifications demandées par vous,Cambios solicitados por usted,التغييرات التي تطلبها
legal,"Any request to change a confirmed journey must be made in writing. Changes are subject to operator and supplier approval and may result in a revised price, cancellation charge, additional deposit or new terms. A change of date, route, airport, aircraft category, passenger profile or departure time may be treated as a cancellation and new booking where the original operator or supplier cannot accommodate it.","Toute demande de modification d’un voyage confirmé doit être faite par écrit. Les modifications sont soumises à l’approbation de l’exploitant et des fournisseurs et peuvent entraîner un prix révisé, des frais d’annulation, un acompte supplémentaire ou de nouvelles conditions. Un changement de date, d’itinéraire, d’aéroport, de catégorie d’appareil, de profil de passagers ou d’heure de départ peut être traité comme une annulation suivie d’une nouvelle réservation lorsque l’exploitant ou le fournisseur d’origine ne peut pas l’accepter.","Toda solicitud de cambio en un viaje confirmado debe realizarse por escrito. Los cambios están sujetos a la aprobación del operador y de los proveedores y pueden dar lugar a un precio revisado, un cargo por cancelación, un depósito adicional o nuevas condiciones. Un cambio de fecha, ruta, aeropuerto, categoría de aeronave, perfil de pasajeros u hora de salida puede tratarse como una cancelación y una nueva reserva cuando el operador o proveedor original no pueda atenderlo.",يجب تقديم أي طلب لتغيير رحلة مؤكَّدة كتابةً. وتخضع التغييرات لموافقة المشغّل والموردين وقد تؤدي إلى سعر معدَّل أو رسوم إلغاء أو وديعة إضافية أو شروط جديدة. وقد يُعامَل تغيير التاريخ أو المسار أو المطار أو فئة الطائرة أو ملف الركاب أو وقت الإقلاع كإلغاء وحجز جديد إذا تعذّر على المشغّل أو المورّد الأصلي استيعابه.
legal,"<span class=""legal-num"">08</span> Cancellation By You","<span class=""legal-num"">08</span> Annulation par vous","<span class=""legal-num"">08</span> Cancelación por su parte","<span class=""legal-num"">08</span> الإلغاء من جانبك"
legal,Cancellation By You,Annulation par vous,Cancelación por su parte,الإلغاء من جانبك
legal,"You must notify Jettset in writing as soon as you decide to cancel. The cancellation schedule shown in the Charter Agreement or service confirmation will apply. Cancellation charges reflect commitments already made to operators and suppliers, the time remaining before departure, work already completed and the likelihood of the capacity being resold, and may increase as departure approaches. Where no specific schedule is stated, you will be responsible for the reasonable, evidenced and non-recoverable costs incurred by Jettset and the relevant suppliers, together with the value of Services already performed. Any refund due will be calculated after supplier refunds and final costs are known.","Vous devez informer Jettset par écrit dès que vous décidez d’annuler. Le barème d’annulation indiqué dans le Contrat d’affrètement ou la confirmation de service s’applique. Les frais d’annulation reflètent les engagements déjà pris auprès des exploitants et des fournisseurs, le temps restant avant le départ, le travail déjà accompli et la probabilité de revente de la capacité, et peuvent augmenter à l’approche du départ. Lorsqu’aucun barème précis n’est indiqué, vous êtes responsable des coûts raisonnables, justifiés et non récupérables supportés par Jettset et les fournisseurs concernés, ainsi que de la valeur des Services déjà exécutés. Tout remboursement dû sera calculé une fois connus les remboursements des fournisseurs et les coûts définitifs.","Debe notificar por escrito a Jettset en cuanto decida cancelar. Se aplicará el calendario de cancelación que figure en el Contrato de Chárter o en la confirmación de servicio. Los cargos de cancelación reflejan los compromisos ya contraídos con operadores y proveedores, el tiempo que falta para la salida, el trabajo ya realizado y la probabilidad de revender la capacidad, y pueden aumentar a medida que se acerca la salida. Cuando no se indique un calendario específico, usted será responsable de los costes razonables, acreditados y no recuperables en que hayan incurrido Jettset y los proveedores pertinentes, junto con el valor de los Servicios ya prestados. Cualquier reembolso debido se calculará una vez que se conozcan los reembolsos de proveedores y los costes finales.",يجب أن تُخطر Jettset كتابةً فور قرارك الإلغاء. وينطبق جدول الإلغاء المبيَّن في اتفاقية التأجير أو تأكيد الخدمة. وتعكس رسوم الإلغاء الالتزامات التي سبق التعهد بها للمشغّلين والموردين والوقت المتبقي قبل الإقلاع والعمل المنجَز واحتمال إعادة بيع السعة، وقد تزداد كلما اقترب موعد الإقلاع. وحيثما لا يُذكر جدول محدد، فأنت مسؤول عن التكاليف المعقولة والموثقة وغير القابلة للاسترداد التي تكبدتها Jettset والموردون المعنيون، إضافةً إلى قيمة الخدمات المنفَّذة أصلًا. ويُحتسب أي مبلغ مستحق للاسترداد بعد معرفة استردادات الموردين والتكاليف النهائية.
legal,"<span class=""legal-num"">09</span> Changes, Substitution &amp; Cancellation By An Operator","<span class=""legal-num"">09</span> Modifications, substitution et annulation par un exploitant","<span class=""legal-num"">09</span> Cambios, sustitución y cancelación por parte de un operador","<span class=""legal-num"">09</span> التغييرات والاستبدال والإلغاء من جانب المشغّل"
legal,"Changes, Substitution & Cancellation By An Operator","Modifications, substitution et annulation par un exploitant","Cambios, sustitución y cancelación por parte de un operador",التغييرات والاستبدال والإلغاء من جانب المشغّل
legal,"A confirmed aircraft may become unavailable because of maintenance, safety, weather, crew, permit, airport or other operational reasons. Jettset may arrange an equivalent or superior replacement aircraft, subject to availability and any price difference disclosed to you. Departure times, airports, routing and technical stops may change where reasonably required for safety or operations. If the operator cancels and no acceptable replacement can be arranged, Jettset will use reasonable efforts to recover the sums paid to the operator and pass through any refund received, less disclosed non-refundable third-party costs and the value of Services already performed, subject always to your statutory rights.","Un appareil confirmé peut devenir indisponible pour des raisons de maintenance, de sécurité, de météo, d’équipage, d’autorisation, d’aéroport ou d’autres raisons opérationnelles. Jettset peut organiser un appareil de remplacement équivalent ou supérieur, sous réserve de disponibilité et de toute différence de prix qui vous aura été communiquée. Les heures de départ, les aéroports, l’itinéraire et les escales techniques peuvent changer lorsque cela est raisonnablement nécessaire pour la sécurité ou l’exploitation. Si l’exploitant annule et qu’aucun remplacement acceptable ne peut être organisé, Jettset déploiera des efforts raisonnables pour recouvrer les sommes versées à l’exploitant et vous reverser tout remboursement reçu, déduction faite des coûts de tiers non remboursables communiqués et de la valeur des Services déjà exécutés, sous réserve en toutes circonstances de vos droits légaux.","Una aeronave confirmada puede dejar de estar disponible por motivos de mantenimiento, seguridad, meteorología, tripulación, permisos, aeropuerto u otros motivos operativos. Jettset puede organizar una aeronave sustituta equivalente o superior, sujeta a disponibilidad y a cualquier diferencia de precio que se le comunique. Las horas de salida, los aeropuertos, la ruta y las escalas técnicas pueden cambiar cuando sea razonablemente necesario por seguridad u operaciones. Si el operador cancela y no puede organizarse una sustitución aceptable, Jettset hará esfuerzos razonables por recuperar las cantidades pagadas al operador y trasladarle cualquier reembolso recibido, menos los costes de terceros no reembolsables comunicados y el valor de los Servicios ya prestados, siempre sin perjuicio de sus derechos legales.",قد تصبح الطائرة المؤكَّدة غير متاحة لأسباب تتعلق بالصيانة أو السلامة أو الطقس أو الطاقم أو التصاريح أو المطار أو لأسباب تشغيلية أخرى. ويجوز لـ Jettset ترتيب طائرة بديلة مكافئة أو أفضل، بحسب التوفر وأي فرق سعر يُفصَح لك عنه. وقد تتغير أوقات الإقلاع والمطارات والمسار والتوقفات الفنية حين يكون ذلك لازمًا بصورة معقولة للسلامة أو التشغيل. وإذا ألغى المشغّل ولم يمكن ترتيب بديل مقبول، فستبذل Jettset جهودًا معقولة لاسترداد المبالغ المدفوعة للمشغّل وتمرير أي استرداد يُستلم إليك، بعد خصم تكاليف الغير غير القابلة للاسترداد المُفصَح عنها وقيمة الخدمات المنفَّذة أصلًا، مع مراعاة حقوقك النظامية دائمًا.
legal,"<span class=""legal-num"">10</span> Delays, Diversions &amp; Operational Decisions","<span class=""legal-num"">10</span> Retards, déroutements et décisions opérationnelles","<span class=""legal-num"">10</span> Retrasos, desvíos y decisiones operativas","<span class=""legal-num"">10</span> التأخيرات والتحويلات والقرارات التشغيلية"
legal,"Delays, Diversions & Operational Decisions","Retards, déroutements et décisions opérationnelles","Retrasos, desvíos y decisiones operativas",التأخيرات والتحويلات والقرارات التشغيلية
legal,"Private aviation remains subject to weather, air traffic control, airport restrictions, crew duty limits, technical issues, permits and decisions made by the operator or pilot in command. The pilot in command has final authority over the aircraft, passengers, baggage, routing, fuel stops, departure and landing decisions. Safety and legal compliance take priority over schedule, convenience or preference. Jettset will provide reasonable assistance when disruption occurs, including sourcing alternatives where possible.","L’aviation privée reste soumise à la météo, au contrôle du trafic aérien, aux restrictions aéroportuaires, aux limites de temps de service de l’équipage, aux problèmes techniques, aux autorisations et aux décisions de l’exploitant ou du commandant de bord. Le commandant de bord a l’autorité finale sur l’appareil, les passagers, les bagages, l’itinéraire, les escales de ravitaillement, les décisions de départ et d’atterrissage. La sécurité et la conformité légale priment sur le calendrier, la commodité ou les préférences. Jettset apportera une assistance raisonnable en cas de perturbation, y compris en cherchant des alternatives lorsque c’est possible.","La aviación privada sigue estando sujeta a la meteorología, el control del tráfico aéreo, las restricciones aeroportuarias, los límites de tiempo de servicio de la tripulación, los problemas técnicos, los permisos y las decisiones del operador o del comandante de la aeronave. El comandante tiene autoridad final sobre la aeronave, los pasajeros, el equipaje, la ruta, las escalas de combustible y las decisiones de salida y aterrizaje. La seguridad y el cumplimiento legal prevalecen sobre el calendario, la comodidad o las preferencias. Jettset prestará asistencia razonable cuando se produzca una alteración, incluida la búsqueda de alternativas cuando sea posible.",يظل الطيران الخاص خاضعًا للطقس ومراقبة الحركة الجوية وقيود المطارات وحدود ساعات عمل الطاقم والمشكلات الفنية والتصاريح وقرارات المشغّل أو قائد الطائرة. ولقائد الطائرة السلطة النهائية على الطائرة والركاب والأمتعة والمسار ومحطات التزود بالوقود وقرارات الإقلاع والهبوط. وتتقدم السلامة والامتثال القانوني على الجدول والراحة والتفضيلات. وستقدّم Jettset مساعدة معقولة عند حدوث اضطراب، بما في ذلك البحث عن بدائل حيثما أمكن.
legal,"<span class=""legal-num"">11</span> Passenger Conduct, Baggage, Pets &amp; Dangerous Goods","<span class=""legal-num"">11</span> Comportement des passagers, bagages, animaux et marchandises dangereuses","<span class=""legal-num"">11</span> Conducta de los pasajeros, equipaje, mascotas y mercancías peligrosas","<span class=""legal-num"">11</span> سلوك الركاب والأمتعة والحيوانات الأليفة والبضائع الخطرة"
legal,"Passenger Conduct, Baggage, Pets & Dangerous Goods","Comportement des passagers, bagages, animaux et marchandises dangereuses","Conducta de los pasajeros, equipaje, mascotas y mercancías peligrosas",سلوك الركاب والأمتعة والحيوانات الأليفة والبضائع الخطرة
legal,"Passengers must comply with crew instructions, airport rules, security requirements and applicable law. The operator may refuse carriage, remove a passenger or terminate a flight where behaviour, intoxication, illness, documentation, baggage or another circumstance creates a safety, legal or operational concern. Baggage is subject to the confirmed aircraft's weight, size and storage limitations. Pets are accepted only where confirmed in writing. Weapons, ammunition, hazardous materials and dangerous goods must be declared in advance and may be carried only with all required permissions and operator approval. You are responsible for loss, damage, delay, cleaning, repair, diversion or other cost caused by you, your passengers, pets or baggage.","Les passagers doivent se conformer aux instructions de l’équipage, aux règles de l’aéroport, aux exigences de sûreté et à la loi applicable. L’exploitant peut refuser le transport, débarquer un passager ou mettre fin à un vol lorsque le comportement, l’ivresse, une maladie, les documents, les bagages ou toute autre circonstance crée une préoccupation de sécurité, juridique ou opérationnelle. Les bagages sont soumis aux limites de poids, de taille et de rangement de l’appareil confirmé. Les animaux ne sont acceptés que s’ils sont confirmés par écrit. Les armes, munitions, matières dangereuses et marchandises dangereuses doivent être déclarées à l’avance et ne peuvent être transportées qu’avec toutes les autorisations requises et l’approbation de l’exploitant. Vous êtes responsable de toute perte, tout dommage, retard, nettoyage, réparation, déroutement ou autre coût causé par vous, vos passagers, vos animaux ou vos bagages.","Los pasajeros deben cumplir las instrucciones de la tripulación, las normas del aeropuerto, los requisitos de seguridad y la legislación aplicable. El operador puede denegar el transporte, retirar a un pasajero o poner fin a un vuelo cuando la conducta, la intoxicación, una enfermedad, la documentación, el equipaje u otra circunstancia genere un problema de seguridad, legal u operativo. El equipaje está sujeto a las limitaciones de peso, tamaño y almacenamiento de la aeronave confirmada. Las mascotas solo se aceptan si se confirman por escrito. Las armas, municiones, materiales peligrosos y mercancías peligrosas deben declararse con antelación y solo pueden transportarse con todos los permisos necesarios y la aprobación del operador. Usted es responsable de cualquier pérdida, daño, retraso, limpieza, reparación, desvío u otro coste causado por usted, sus pasajeros, mascotas o equipaje.",يجب على الركاب الامتثال لتعليمات الطاقم وقواعد المطار والمتطلبات الأمنية والقانون المنطبق. ويجوز للمشغّل رفض النقل أو إنزال راكب أو إنهاء رحلة عندما يثير السلوك أو التسمم أو المرض أو الوثائق أو الأمتعة أو أي ظرف آخر مسألة تتعلق بالسلامة أو القانون أو التشغيل. وتخضع الأمتعة لقيود الوزن والحجم والتخزين الخاصة بالطائرة المؤكَّدة. ولا تُقبَل الحيوانات الأليفة إلا إذا أُكِّد ذلك كتابةً. ويجب الإفصاح مسبقًا عن الأسلحة والذخائر والمواد الخطرة والبضائع الخطرة، ولا يجوز نقلها إلا بكل التصاريح المطلوبة وموافقة المشغّل. وأنت مسؤول عن أي فقد أو ضرر أو تأخير أو تنظيف أو إصلاح أو تحويل أو تكلفة أخرى تسببت بها أنت أو ركابك أو حيواناتك الأليفة أو أمتعتك.
legal,"<span class=""legal-num"">12</span> Concierge, Ground &amp; Third-Party Services","<span class=""legal-num"">12</span> Conciergerie, services au sol et services de tiers","<span class=""legal-num"">12</span> Conserjería, servicios en tierra y de terceros","<span class=""legal-num"">12</span> الكونسيرج والخدمات الأرضية وخدمات الغير"
legal,"Concierge, Ground & Third-Party Services","Conciergerie, services au sol et services de tiers","Conserjería, servicios en tierra y de terceros",الكونسيرج والخدمات الأرضية وخدمات الغير
legal,"Concierge, chauffeur, accommodation, dining, event, security and other non-flight Services are arranged through independent suppliers unless expressly stated otherwise. These Services may be subject to the supplier's own cancellation, admission, conduct, deposit and liability terms. Jettset will select and coordinate suppliers with reasonable care but does not control their day-to-day performance.","La conciergerie, les chauffeurs, l’hébergement, la restauration, les événements, la sécurité et les autres Services non aériens sont organisés par l’intermédiaire de fournisseurs indépendants, sauf indication contraire expresse. Ces Services peuvent être soumis aux conditions propres au fournisseur en matière d’annulation, d’admission, de conduite, d’acompte et de responsabilité. Jettset sélectionnera et coordonnera les fournisseurs avec un soin raisonnable mais ne contrôle pas leur exécution au quotidien.","La conserjería, el chófer, el alojamiento, la restauración, los eventos, la seguridad y otros Servicios no aéreos se organizan a través de proveedores independientes salvo que se indique expresamente lo contrario. Estos Servicios pueden estar sujetos a las condiciones propias del proveedor en materia de cancelación, admisión, conducta, depósito y responsabilidad. Jettset seleccionará y coordinará a los proveedores con un cuidado razonable, pero no controla su desempeño diario.",تُرتَّب خدمات الكونسيرج والسائقين والإقامة والطعام والفعاليات والأمن وسائر الخدمات غير الجوية عبر موردين مستقلين ما لم يُذكر خلاف ذلك صراحةً. وقد تخضع هذه الخدمات لشروط المورّد الخاصة بالإلغاء والدخول والسلوك والوديعة والمسؤولية. وستختار Jettset الموردين وتنسّق معهم بعناية معقولة لكنها لا تتحكم في أدائهم اليومي.
legal,"<span class=""legal-num"">13</span> Safety, Compliance &amp; Sanctions","<span class=""legal-num"">13</span> Sécurité, conformité et sanctions","<span class=""legal-num"">13</span> Seguridad, cumplimiento y sanciones","<span class=""legal-num"">13</span> السلامة والامتثال والعقوبات"
legal,"Safety, Compliance & Sanctions","Sécurité, conformité et sanctions","Seguridad, cumplimiento y sanciones",السلامة والامتثال والعقوبات
legal,"Jettset may require identity, source-of-funds, beneficial-ownership, sanctions or other compliance information before accepting or continuing a booking. We may refuse, suspend or cancel a Service where we reasonably believe that proceeding would breach law, sanctions, aviation regulation, payment-provider requirements, operator policy or safety standards. You confirm that the Services will not be used for an unlawful purpose and that no payment, passenger, cargo or journey will cause Jettset, an operator or supplier to breach applicable sanctions or trade restrictions.","Jettset peut exiger des informations d’identité, d’origine des fonds, de bénéficiaires effectifs, de sanctions ou d’autres informations de conformité avant d’accepter ou de poursuivre une réservation. Nous pouvons refuser, suspendre ou annuler un Service lorsque nous estimons raisonnablement que le poursuivre enfreindrait la loi, les sanctions, la réglementation aéronautique, les exigences d’un prestataire de paiement, la politique d’un exploitant ou les normes de sécurité. Vous confirmez que les Services ne seront pas utilisés à des fins illicites et qu’aucun paiement, passager, fret ou voyage n’amènera Jettset, un exploitant ou un fournisseur à enfreindre les sanctions ou restrictions commerciales applicables.","Jettset puede exigir información de identidad, de origen de fondos, de titularidad real, de sanciones u otra información de cumplimiento antes de aceptar o continuar una reserva. Podemos rechazar, suspender o cancelar un Servicio cuando consideremos razonablemente que proceder infringiría la ley, las sanciones, la normativa aeronáutica, los requisitos de proveedores de pago, la política de un operador o los estándares de seguridad. Usted confirma que los Servicios no se utilizarán con fines ilícitos y que ningún pago, pasajero, carga o viaje hará que Jettset, un operador o un proveedor incumpla las sanciones o restricciones comerciales aplicables.",قد تطلب Jettset معلومات عن الهوية أو مصدر الأموال أو المستفيد الحقيقي أو العقوبات أو غيرها من معلومات الامتثال قبل قبول الحجز أو مواصلته. ويجوز لنا رفض خدمة أو تعليقها أو إلغاؤها حيثما نعتقد بصورة معقولة أن المضي فيها سيخالف القانون أو العقوبات أو أنظمة الطيران أو متطلبات مزوّدي الدفع أو سياسة مشغّل أو معايير السلامة. وتؤكد أن الخدمات لن تُستخدم لغرض غير مشروع وأن أي دفعة أو راكب أو شحنة أو رحلة لن تتسبب في مخالفة Jettset أو أي مشغّل أو مورّد للعقوبات أو القيود التجارية المنطبقة.
legal,Travel Insurance,Assurance voyage,Seguro de viaje,تأمين السفر
legal,"We strongly recommend comprehensive travel insurance suitable for private aviation and the value of the journey, addressing cancellation, delay, medical circumstances, baggage, missed events and specialist risks. Jettset does not provide supplementary passenger liability insurance for a flight beyond the cover maintained by the licensed operator unless expressly stated in writing.","Nous recommandons vivement une assurance voyage complète adaptée à l’aviation privée et à la valeur du voyage, couvrant l’annulation, le retard, les circonstances médicales, les bagages, les événements manqués et les risques spécifiques. Jettset ne fournit pas d’assurance complémentaire de responsabilité des passagers pour un vol au-delà de la couverture souscrite par l’exploitant agréé, sauf indication expresse écrite.","Recomendamos encarecidamente un seguro de viaje integral adecuado para la aviación privada y el valor del viaje, que cubra cancelación, retraso, circunstancias médicas, equipaje, eventos perdidos y riesgos especializados. Jettset no ofrece un seguro suplementario de responsabilidad de pasajeros para un vuelo más allá de la cobertura que mantenga el operador autorizado, salvo que se indique expresamente por escrito.",نوصي بشدة بتأمين سفر شامل يناسب الطيران الخاص وقيمة الرحلة، يغطي الإلغاء والتأخير والظروف الطبية والأمتعة والفعاليات الفائتة والمخاطر المتخصصة. ولا تقدّم Jettset تأمينًا إضافيًا لمسؤولية الركاب عن رحلة يتجاوز التغطية التي يحتفظ بها المشغّل المرخّص ما لم يُذكر خلاف ذلك صراحةً كتابةً.
legal,Liability,Responsabilité,Responsabilidad,المسؤولية
legal,"Nothing in these Terms excludes or limits liability for death or personal injury caused by negligence, fraud, fraudulent misrepresentation, or any liability that cannot lawfully be excluded or limited. Jettset is responsible for direct loss that is reasonably foreseeable and caused by our failure to perform our own arranging Services with reasonable care and skill. To the fullest extent permitted by law, Jettset is not responsible for the operational acts or omissions of an independent aircraft operator or supplier, or for loss caused by weather, air traffic control, airport restrictions, government action or another event outside our reasonable control. Jettset is not liable for indirect or consequential loss, loss of profit, revenue or business. Where you book wholly or mainly for business purposes, our total liability for the affected booking will not exceed the fees retained by Jettset for its own Services in relation to that booking, except where the law does not allow that limitation. Nothing in these Terms affects the statutory rights of a consumer.","Rien dans les présentes Conditions n’exclut ou ne limite la responsabilité en cas de décès ou de dommage corporel causé par une négligence, de fraude, de fausse déclaration frauduleuse, ni toute responsabilité qui ne peut légalement être exclue ou limitée. Jettset est responsable de la perte directe raisonnablement prévisible et causée par notre manquement à exécuter nos propres services d’organisation avec un soin et une compétence raisonnables. Dans toute la mesure permise par la loi, Jettset n’est pas responsable des actes ou omissions opérationnels d’un exploitant d’appareil ou d’un fournisseur indépendant, ni des pertes causées par la météo, le contrôle du trafic aérien, les restrictions aéroportuaires, une action gouvernementale ou un autre événement échappant à notre contrôle raisonnable. Jettset n’est pas responsable des pertes indirectes ou consécutives, ni de la perte de profit, de chiffre d’affaires ou d’activité. Lorsque vous réservez entièrement ou principalement à des fins professionnelles, notre responsabilité totale au titre de la réservation concernée ne dépassera pas les frais conservés par Jettset pour ses propres Services relatifs à cette réservation, sauf lorsque la loi n’autorise pas cette limitation. Rien dans les présentes Conditions n’affecte les droits légaux d’un consommateur.","Nada de lo dispuesto en estos Términos excluye ni limita la responsabilidad por muerte o lesiones personales causadas por negligencia, fraude, declaración fraudulenta ni cualquier responsabilidad que no pueda excluirse o limitarse legalmente. Jettset es responsable de la pérdida directa razonablemente previsible y causada por nuestro incumplimiento en la prestación de nuestros propios Servicios de organización con un cuidado y una competencia razonables. En la mayor medida que permita la ley, Jettset no es responsable de los actos u omisiones operativos de un operador de aeronaves o proveedor independiente, ni de las pérdidas causadas por la meteorología, el control del tráfico aéreo, las restricciones aeroportuarias, la acción gubernamental u otro hecho ajeno a nuestro control razonable. Jettset no es responsable de pérdidas indirectas o consecuentes, ni de la pérdida de beneficios, ingresos o negocio. Cuando reserve total o principalmente con fines empresariales, nuestra responsabilidad total por la reserva afectada no excederá de las tarifas retenidas por Jettset por sus propios Servicios en relación con dicha reserva, salvo que la ley no permita esa limitación. Nada de lo dispuesto en estos Términos afecta a los derechos legales de un consumidor.",ليس في هذه الشروط ما يستبعد أو يحدّ من المسؤولية عن الوفاة أو الإصابة الشخصية الناجمة عن الإهمال أو الاحتيال أو التضليل الاحتيالي أو أي مسؤولية لا يجوز قانونًا استبعادها أو الحد منها. وتتحمل Jettset المسؤولية عن الخسارة المباشرة المتوقعة بصورة معقولة والناجمة عن إخفاقنا في أداء خدمات الترتيب الخاصة بنا بعناية ومهارة معقولتين. وإلى أقصى حد يسمح به القانون، لا تتحمل Jettset المسؤولية عن الأفعال أو الإغفالات التشغيلية لمشغّل طائرات أو مورّد مستقل، ولا عن الخسارة الناجمة عن الطقس أو مراقبة الحركة الجوية أو قيود المطارات أو إجراء حكومي أو أي حدث آخر خارج سيطرتنا المعقولة. ولا تتحمل Jettset المسؤولية عن الخسائر غير المباشرة أو التبعية أو فقدان الأرباح أو الإيرادات أو الأعمال. وحيث تحجز كليًا أو بصورة رئيسية لأغراض تجارية، فلن تتجاوز مسؤوليتنا الإجمالية عن الحجز المعني الرسوم التي احتفظت بها Jettset مقابل خدماتها الخاصة المتعلقة بذلك الحجز، إلا حيث لا يسمح القانون بهذا التحديد. وليس في هذه الشروط ما يمس الحقوق النظامية للمستهلك.
legal,Force Majeure,Force majeure,Fuerza mayor,القوة القاهرة
legal,"Neither party is responsible for delay or failure caused by an event beyond its reasonable control, including extreme weather, natural disaster, epidemic, war, terrorism, civil unrest, industrial action, cyber incident, power or communications failure, airport closure, air traffic restriction, government action, sanctions or permit refusal. The affected party must take reasonable steps to reduce the effect of the event and resume performance where possible. If performance remains impossible, the booking may be ended and any refund determined by recoverable supplier sums, Services already performed, unavoidable costs and applicable law.","Aucune des parties n’est responsable d’un retard ou d’un défaut causé par un événement échappant à son contrôle raisonnable, y compris les conditions météorologiques extrêmes, les catastrophes naturelles, les épidémies, la guerre, le terrorisme, les troubles civils, les actions syndicales, les incidents cybernétiques, les pannes d’électricité ou de communications, la fermeture d’un aéroport, les restrictions de trafic aérien, les actions gouvernementales, les sanctions ou le refus d’une autorisation. La partie touchée doit prendre des mesures raisonnables pour réduire les effets de l’événement et reprendre l’exécution lorsque c’est possible. Si l’exécution reste impossible, la réservation peut prendre fin et tout remboursement sera déterminé en fonction des sommes récupérables auprès des fournisseurs, des Services déjà exécutés, des coûts inévitables et de la loi applicable.","Ninguna de las partes es responsable de un retraso o incumplimiento causado por un hecho ajeno a su control razonable, incluidos fenómenos meteorológicos extremos, desastres naturales, epidemias, guerra, terrorismo, disturbios civiles, acciones sindicales, incidentes cibernéticos, fallos de suministro eléctrico o de comunicaciones, cierre de aeropuertos, restricciones del tráfico aéreo, acciones gubernamentales, sanciones o denegación de permisos. La parte afectada debe adoptar medidas razonables para reducir el efecto del hecho y reanudar el cumplimiento cuando sea posible. Si el cumplimiento sigue siendo imposible, la reserva podrá darse por terminada y cualquier reembolso se determinará según las cantidades recuperables de proveedores, los Servicios ya prestados, los costes inevitables y la legislación aplicable.",لا يتحمل أي من الطرفين المسؤولية عن تأخير أو إخفاق ناجم عن حدث خارج سيطرته المعقولة، بما في ذلك الطقس القاسي والكوارث الطبيعية والأوبئة والحرب والإرهاب والاضطرابات المدنية والإضرابات العمالية والحوادث السيبرانية وانقطاع الكهرباء أو الاتصالات وإغلاق المطارات وقيود الحركة الجوية والإجراءات الحكومية والعقوبات ورفض التصاريح. ويجب على الطرف المتضرر اتخاذ خطوات معقولة للحد من أثر الحدث واستئناف الأداء حيثما أمكن. وإذا ظل الأداء مستحيلًا، يجوز إنهاء الحجز ويُحدَّد أي استرداد بحسب المبالغ القابلة للاسترداد من الموردين والخدمات المنفَّذة أصلًا والتكاليف التي لا يمكن تجنبها والقانون المنطبق.
legal,"<span class=""legal-num"">17</span> Suspension &amp; Termination","<span class=""legal-num"">17</span> Suspension et résiliation","<span class=""legal-num"">17</span> Suspensión y terminación","<span class=""legal-num"">17</span> التعليق والإنهاء"
legal,Suspension & Termination,Suspension et résiliation,Suspensión y terminación,التعليق والإنهاء
legal,"Jettset may suspend or terminate a booking by written notice where payment is overdue, information is inaccurate or incomplete, a passenger presents a safety or compliance risk, you materially breach the agreement, a supplier refuses the booking, or continuing would be unlawful or operationally impossible. You may terminate where Jettset materially breaches its obligations and, where the breach can be remedied, fails to do so within a reasonable period after written notice. Termination does not affect rights, liabilities or payment obligations that arose before termination.","Jettset peut suspendre ou résilier une réservation par notification écrite lorsque le paiement est en retard, que les informations sont inexactes ou incomplètes, qu’un passager présente un risque de sécurité ou de conformité, que vous manquez gravement à l’accord, qu’un fournisseur refuse la réservation, ou que la poursuite serait illégale ou opérationnellement impossible. Vous pouvez résilier lorsque Jettset manque gravement à ses obligations et, lorsque le manquement peut être corrigé, n’y remédie pas dans un délai raisonnable après notification écrite. La résiliation n’affecte pas les droits, responsabilités ou obligations de paiement nés avant la résiliation.","Jettset puede suspender o dar por terminada una reserva mediante notificación por escrito cuando el pago esté vencido, la información sea inexacta o incompleta, un pasajero presente un riesgo de seguridad o cumplimiento, usted incumpla de forma sustancial el acuerdo, un proveedor rechace la reserva o continuar sea ilegal u operativamente imposible. Usted puede resolver el acuerdo cuando Jettset incumpla de forma sustancial sus obligaciones y, si el incumplimiento puede subsanarse, no lo haga en un plazo razonable tras la notificación por escrito. La terminación no afecta a los derechos, responsabilidades u obligaciones de pago surgidos antes de la terminación.",يجوز لـ Jettset تعليق الحجز أو إنهاؤه بإشعار كتابي حين يتأخر الدفع أو تكون المعلومات غير دقيقة أو ناقصة أو يشكّل راكب خطرًا على السلامة أو الامتثال أو تُخلّ بالاتفاق إخلالًا جوهريًا أو يرفض مورّد الحجز أو يصبح المضي غير قانوني أو مستحيلًا تشغيليًا. ويجوز لك الإنهاء حين تُخلّ Jettset بالتزاماتها إخلالًا جوهريًا ولا تعالجه، حيث يمكن علاج الإخلال، خلال مدة معقولة بعد الإشعار الكتابي. ولا يمس الإنهاء الحقوق أو المسؤوليات أو التزامات الدفع التي نشأت قبل الإنهاء.
legal,Data Protection,Protection des données,Protección de datos,حماية البيانات
legal,"Personal information is handled in accordance with the Jettset Privacy Notice. You confirm that you are authorised to provide information about every passenger and that they have been made aware of the Privacy Notice. We share only the information reasonably required by operators, airports, authorities, payment providers and suppliers involved in delivering or protecting the Services.","Les informations personnelles sont traitées conformément à l’Avis de confidentialité de Jettset. Vous confirmez être autorisé à fournir des informations sur chaque passager et que ceux-ci ont été informés de l’Avis de confidentialité. Nous ne partageons que les informations raisonnablement nécessaires aux exploitants, aéroports, autorités, prestataires de paiement et fournisseurs impliqués dans la fourniture ou la protection des Services.","La información personal se trata de acuerdo con el Aviso de privacidad de Jettset. Usted confirma que está autorizado para facilitar información sobre cada pasajero y que se les ha informado del Aviso de privacidad. Compartimos únicamente la información razonablemente necesaria para los operadores, aeropuertos, autoridades, proveedores de pago y proveedores que participen en la prestación o protección de los Servicios.",تُعالَج المعلومات الشخصية وفق إشعار الخصوصية لدى Jettset. وتؤكد أنك مخوَّل بتقديم معلومات عن كل راكب وأنه قد جرى إطلاعهم على إشعار الخصوصية. ولا نشارك إلا المعلومات اللازمة بصورة معقولة للمشغّلين والمطارات والسلطات ومزوّدي الدفع والموردين المشاركين في تقديم الخدمات أو حمايتها.
legal,"<span class=""legal-num"">19</span> Complaints &amp; Dispute Resolution","<span class=""legal-num"">19</span> Réclamations et résolution des litiges","<span class=""legal-num"">19</span> Reclamaciones y resolución de disputas","<span class=""legal-num"">19</span> الشكاوى وتسوية النزاعات"
legal,Complaints & Dispute Resolution,Réclamations et résolution des litiges,Reclamaciones y resolución de disputas,الشكاوى وتسوية النزاعات
legal,"Please raise any issue as soon as possible so we have an opportunity to address it. A formal complaint should be sent to <a href=""mailto:info@jettsetglobal.com"">info@jettsetglobal.com</a> with the booking reference and full details. If a dispute is not resolved through the normal complaints process, either party may issue a written dispute notice. Authorised representatives should then attempt in good faith to resolve the matter before court proceedings are started, except where urgent relief is required or a limitation period is approaching.","Veuillez signaler tout problème dès que possible afin que nous ayons la possibilité d’y remédier. Une réclamation formelle doit être envoyée à <a href=""mailto:info@jettsetglobal.com"">info@jettsetglobal.com</a> avec la référence de la réservation et tous les détails. Si un litige n’est pas résolu par la procédure normale de réclamation, l’une ou l’autre des parties peut émettre une notification écrite de litige. Les représentants autorisés doivent alors tenter de bonne foi de résoudre le différend avant l’engagement d’une procédure judiciaire, sauf lorsqu’une mesure urgente est nécessaire ou qu’un délai de prescription approche.","Comunique cualquier problema lo antes posible para que podamos tener la oportunidad de resolverlo. Una reclamación formal debe enviarse a <a href=""mailto:info@jettsetglobal.com"">info@jettsetglobal.com</a> con la referencia de la reserva y todos los detalles. Si una disputa no se resuelve mediante el proceso habitual de reclamaciones, cualquiera de las partes podrá emitir una notificación escrita de disputa. Los representantes autorizados deberán entonces intentar de buena fe resolver el asunto antes de iniciar procedimientos judiciales, salvo cuando se requiera una medida urgente o se aproxime un plazo de prescripción.","يُرجى إثارة أي مسألة في أقرب وقت ممكن لتتاح لنا فرصة معالجتها. ويجب إرسال الشكوى الرسمية إلى <a href=""mailto:info@jettsetglobal.com"">info@jettsetglobal.com</a> مع مرجع الحجز وجميع التفاصيل. وإذا لم يُحسم نزاع عبر إجراءات الشكاوى المعتادة، يجوز لأي من الطرفين إصدار إشعار نزاع كتابي. وعلى الممثلين المفوَّضين حينئذٍ السعي بحسن نية إلى تسوية المسألة قبل بدء الإجراءات القضائية، إلا حيث يلزم إنفاذ عاجل أو تقترب مدة التقادم."
legal,Please raise any issue as soon as possible so we have an opportunity to address it. A formal complaint should be sent to,Veuillez signaler tout problème dès que possible afin que nous ayons la possibilité d’y remédier. Une réclamation formelle doit être envoyée à,Comunique cualquier problema lo antes posible para que podamos tener la oportunidad de resolverlo. Una reclamación formal debe enviarse a,يُرجى إثارة أي مسألة في أقرب وقت ممكن لتتاح لنا فرصة معالجتها. ويجب إرسال الشكوى الرسمية إلى
legal,"with the booking reference and full details. If a dispute is not resolved through the normal complaints process, either party may issue a written dispute notice. Authorised representatives should then attempt in good faith to resolve the matter before court proceedings are started, except where urgent relief is required or a limitation period is approaching.","avec la référence de la réservation et tous les détails. Si un litige n’est pas résolu par la procédure normale de réclamation, l’une ou l’autre des parties peut émettre une notification écrite de litige. Les représentants autorisés doivent alors tenter de bonne foi de résoudre le différend avant l’engagement d’une procédure judiciaire, sauf lorsqu’une mesure urgente est nécessaire ou qu’un délai de prescription approche.","con la referencia de la reserva y todos los detalles. Si una disputa no se resuelve mediante el proceso habitual de reclamaciones, cualquiera de las partes podrá emitir una notificación escrita de disputa. Los representantes autorizados deberán entonces intentar de buena fe resolver el asunto antes de iniciar procedimientos judiciales, salvo cuando se requiera una medida urgente o se aproxime un plazo de prescripción.",مع مرجع الحجز وجميع التفاصيل. وإذا لم يُحسم نزاع عبر إجراءات الشكاوى المعتادة، يجوز لأي من الطرفين إصدار إشعار نزاع كتابي. وعلى الممثلين المفوَّضين حينئذٍ السعي بحسن نية إلى تسوية المسألة قبل بدء الإجراءات القضائية، إلا حيث يلزم إنفاذ عاجل أو تقترب مدة التقادم.
legal,General,Dispositions générales,Disposiciones generales,أحكام عامة
legal,"If any part of these Terms is found to be invalid or unenforceable, the remaining provisions will continue in effect. A delay in exercising a right does not waive that right. No person other than the parties has a right to enforce these Terms under the Contracts (Rights of Third Parties) Act 1999, except where a booking document expressly states otherwise. You may not assign or transfer a booking without our written consent. These Terms, together with the booking documents incorporated into them, form the entire agreement concerning the Services. Electronic signatures, email acceptance and electronic records may be used to form and evidence the agreement.","Si une partie des présentes Conditions est jugée invalide ou inapplicable, les autres dispositions continueront de produire effet. Le retard dans l’exercice d’un droit ne vaut pas renonciation à ce droit. Aucune personne autre que les parties n’a le droit de faire valoir les présentes Conditions en vertu du Contracts (Rights of Third Parties) Act 1999, sauf si un document de réservation l’indique expressément. Vous ne pouvez pas céder ou transférer une réservation sans notre consentement écrit. Les présentes Conditions, avec les documents de réservation qui y sont incorporés, constituent l’intégralité de l’accord relatif aux Services. Les signatures électroniques, l’acceptation par e-mail et les enregistrements électroniques peuvent être utilisés pour former et prouver l’accord.","Si alguna parte de estos Términos se considera inválida o inaplicable, las disposiciones restantes seguirán en vigor. El retraso en el ejercicio de un derecho no supone una renuncia a ese derecho. Ninguna persona distinta de las partes tiene derecho a hacer valer estos Términos en virtud de la Contracts (Rights of Third Parties) Act 1999, salvo que un documento de reserva indique expresamente lo contrario. No puede ceder ni transferir una reserva sin nuestro consentimiento por escrito. Estos Términos, junto con los documentos de reserva incorporados a ellos, constituyen el acuerdo completo sobre los Servicios. Pueden utilizarse firmas electrónicas, aceptación por correo electrónico y registros electrónicos para formalizar y acreditar el acuerdo.",إذا تبيّن أن أي جزء من هذه الشروط غير صالح أو غير قابل للتنفيذ، تظل الأحكام المتبقية سارية. ولا يُعدّ التأخر في ممارسة حق تنازلًا عنه. ولا يحق لأي شخص غير الطرفين إنفاذ هذه الشروط بموجب قانون العقود (حقوق الغير) لعام 1999 (Contracts (Rights of Third Parties) Act 1999)، إلا إذا نصت وثيقة حجز صراحةً على خلاف ذلك. ولا يجوز لك التنازل عن الحجز أو نقله دون موافقتنا الكتابية. وتشكّل هذه الشروط مع وثائق الحجز المدمجة فيها الاتفاق الكامل بشأن الخدمات. ويجوز استخدام التوقيعات الإلكترونية والقبول بالبريد الإلكتروني والسجلات الإلكترونية لإبرام الاتفاق وإثباته.
legal,"<span class=""legal-num"">21</span> Governing Law &amp; Courts","<span class=""legal-num"">21</span> Droit applicable et tribunaux","<span class=""legal-num"">21</span> Legislación aplicable y tribunales","<span class=""legal-num"">21</span> القانون الحاكم والمحاكم"
legal,Governing Law & Courts,Droit applicable et tribunaux,Legislación aplicable y tribunales,القانون الحاكم والمحاكم
legal,"These Terms and any non-contractual obligations arising from them are governed by the laws of England and Wales, unless a specific booking agreement expressly states otherwise. The courts of England and Wales will have jurisdiction. If you are a consumer resident elsewhere, you may also have the benefit of mandatory protections and rights to bring proceedings in another court that applicable law does not allow these Terms to remove.","Les présentes Conditions et toute obligation non contractuelle qui en découle sont régies par le droit de l’Angleterre et du pays de Galles, sauf indication expresse contraire d’un contrat de réservation particulier. Les tribunaux d’Angleterre et du pays de Galles sont compétents. Si vous êtes un consommateur résidant ailleurs, vous pouvez également bénéficier de protections impératives et du droit d’agir devant un autre tribunal que la loi applicable ne permet pas aux présentes Conditions de supprimer.","Estos Términos y cualquier obligación extracontractual que se derive de ellos se rigen por las leyes de Inglaterra y Gales, salvo que un contrato de reserva específico indique expresamente lo contrario. Los tribunales de Inglaterra y Gales tendrán jurisdicción. Si usted es un consumidor residente en otro lugar, también podrá beneficiarse de protecciones imperativas y de derechos a litigar ante otro tribunal que la legislación aplicable no permita a estos Términos suprimir.",تخضع هذه الشروط وأي التزامات غير تعاقدية ناشئة عنها لقوانين إنجلترا وويلز، ما لم ينص اتفاق حجز محدد صراحةً على خلاف ذلك. وتكون محاكم إنجلترا وويلز مختصة. وإذا كنت مستهلكًا مقيمًا في مكان آخر، فقد تستفيد أيضًا من حمايات إلزامية وحقوق في رفع الدعاوى أمام محكمة أخرى لا يسمح القانون المنطبق لهذه الشروط بإلغائها.
legal,"Jettset Europe Ltd · 71-75 Shelton Street, Covent Garden, London WC2H 9JQ, United Kingdom · Company No. 16650329 · <a href=""mailto:info@jettsetglobal.com"">info@jettsetglobal.com</a><br> Last updated: 19 July 2026","Jettset Europe Ltd · 71-75 Shelton Street, Covent Garden, Londres WC2H 9JQ, Royaume-Uni · Société n° 16650329 · <a href=""mailto:info@jettsetglobal.com"">info@jettsetglobal.com</a><br> Dernière mise à jour : 19 juillet 2026","Jettset Europe Ltd · 71-75 Shelton Street, Covent Garden, Londres WC2H 9JQ, Reino Unido · N.º de sociedad 16650329 · <a href=""mailto:info@jettsetglobal.com"">info@jettsetglobal.com</a><br> Última actualización: 19 de julio de 2026","Jettset Europe Ltd · 71-75 Shelton Street, Covent Garden, لندن WC2H 9JQ، المملكة المتحدة · رقم الشركة 16650329 · <a href=""mailto:info@jettsetglobal.com"">info@jettsetglobal.com</a><br> آخر تحديث: 19 يوليو 2026"
legal,"Jettset Europe Ltd · 71-75 Shelton Street, Covent Garden, London WC2H 9JQ, United Kingdom · Company No. 16650329 ·","Jettset Europe Ltd · 71-75 Shelton Street, Covent Garden, Londres WC2H 9JQ, Royaume-Uni · Société n° 16650329 ·","Jettset Europe Ltd · 71-75 Shelton Street, Covent Garden, Londres WC2H 9JQ, Reino Unido · N.º de sociedad 16650329 ·","Jettset Europe Ltd · 71-75 Shelton Street, Covent Garden, لندن WC2H 9JQ، المملكة المتحدة · رقم الشركة 16650329 ·"
legal,Terms | Jettset Global,Conditions | Jettset Global,Términos | Jettset Global,الشروط | Jettset Global
legal,Terms of service for Jettset Global.,Conditions d’utilisation de Jettset Global.,Términos de servicio de Jettset Global.,شروط الخدمة لدى Jettset Global.
pages,"Programme, access and ticketing are managed by the organiser. For the latest details, go to <a class=""ce-link"" href=""https://www.frieze.com/fairs/frieze-london-frieze-masters"" target=""_blank"" rel=""noopener noreferrer"">Frieze’s official information<span aria-hidden=""true""> ↗</span></a>.","Le programme, l’accès et la billetterie sont gérés par l’organisateur. Pour les informations les plus récentes, consultez <a class=""ce-link"" href=""https://www.frieze.com/fairs/frieze-london-frieze-masters"" target=""_blank"" rel=""noopener noreferrer"">les informations officielles de Frieze<span aria-hidden=""true""> ↗</span></a>.","El programa, el acceso y la venta de entradas los gestiona el organizador. Para conocer los últimos detalles, consulte <a class=""ce-link"" href=""https://www.frieze.com/fairs/frieze-london-frieze-masters"" target=""_blank"" rel=""noopener noreferrer"">la información oficial de Frieze<span aria-hidden=""true""> ↗</span></a>.","يتولى المنظّم إدارة البرنامج والدخول والتذاكر. وللاطلاع على أحدث التفاصيل، انتقل إلى <a class=""ce-link"" href=""https://www.frieze.com/fairs/frieze-london-frieze-masters"" target=""_blank"" rel=""noopener noreferrer"">المعلومات الرسمية لـ Frieze<span aria-hidden=""true""> ↗</span></a>."
pages,"Programme, access and ticketing are managed by the organiser. For the latest details, go to","Le programme, l’accès et la billetterie sont gérés par l’organisateur. Pour les informations les plus récentes, consultez","El programa, el acceso y la venta de entradas los gestiona el organizador. Para conocer los últimos detalles, consulte",يتولى المنظّم إدارة البرنامج والدخول والتذاكر. وللاطلاع على أحدث التفاصيل، انتقل إلى
pages,"Frieze’s official information<span aria-hidden=""true""> ↗</span>","les informations officielles de Frieze<span aria-hidden=""true""> ↗</span>","la información oficial de Frieze<span aria-hidden=""true""> ↗</span>","المعلومات الرسمية لـ Frieze<span aria-hidden=""true""> ↗</span>"
pages,Frieze’s official information,Les informations officielles de Frieze,La información oficial de Frieze,المعلومات الرسمية لـ Frieze
pages,"<a class=""ce-cta"" id=""cePlan"" href=""/quote"" data-city=""London"" data-note=""Event: Frieze London, London (14–18 October 2026)"">Plan Your Journey <span aria-hidden=""true"">↗</span></a>","<a class=""ce-cta"" id=""cePlan"" href=""/quote"" data-city=""London"" data-note=""Event: Frieze London, London (14–18 October 2026)"">Préparer votre voyage <span aria-hidden=""true"">↗</span></a>","<a class=""ce-cta"" id=""cePlan"" href=""/quote"" data-city=""London"" data-note=""Event: Frieze London, London (14–18 October 2026)"">Planifique su viaje <span aria-hidden=""true"">↗</span></a>","<a class=""ce-cta"" id=""cePlan"" href=""/quote"" data-city=""London"" data-note=""Event: Frieze London, London (14–18 October 2026)"">خطّط لرحلتك <span aria-hidden=""true"">↗</span></a>"
pages,"Plan Your Journey <span aria-hidden=""true"">↗</span>","Préparer votre voyage <span aria-hidden=""true"">↗</span>","Planifique su viaje <span aria-hidden=""true"">↗</span>","خطّط لرحلتك <span aria-hidden=""true"">↗</span>"
pages,Plan Your Journey,Préparer votre voyage,Planifique su viaje,خطّط لرحلتك
pages,"<a href=""/#culture-calendar""><span aria-hidden=""true"">←</span> Back to The Global Culture Calendar</a>","<a href=""/#culture-calendar""><span aria-hidden=""true"">←</span> Retour au calendrier mondial de la culture</a>","<a href=""/#culture-calendar""><span aria-hidden=""true"">←</span> Volver al Calendario Cultural Global</a>","<a href=""/#culture-calendar""><span aria-hidden=""true"">←</span> العودة إلى التقويم الثقافي العالمي</a>"
pages,"<span aria-hidden=""true"">←</span> Back to The Global Culture Calendar","<span aria-hidden=""true"">←</span> Retour au calendrier mondial de la culture","<span aria-hidden=""true"">←</span> Volver al Calendario Cultural Global","<span aria-hidden=""true"">←</span> العودة إلى التقويم الثقافي العالمي"
pages,Back to The Global Culture Calendar,Retour au calendrier mondial de la culture,Volver al Calendario Cultural Global,العودة إلى التقويم الثقافي العالمي
pages,"Dates last checked <time datetime=""2026-10-03"">3 October 2026</time>. Event details are published by the organiser and can change.","Dates vérifiées pour la dernière fois le <time datetime=""2026-10-03"">3 octobre 2026</time>. Les informations sur l’événement sont publiées par l’organisateur et peuvent changer.","Fechas comprobadas por última vez el <time datetime=""2026-10-03"">3 de octubre de 2026</time>. La información del evento la publica el organizador y puede cambiar.","آخر تحقق من التواريخ في <time datetime=""2026-10-03"">3 أكتوبر 2026</time>. ينشر المنظّم تفاصيل الحدث وقد تتغير."
pages,Dates last checked,Dates vérifiées pour la dernière fois le,Fechas comprobadas por última vez el,آخر تحقق من التواريخ في
pages,3 October 2026,3 octobre 2026,3 de octubre de 2026,3 أكتوبر 2026
pages,. Event details are published by the organiser and can change.,. Les informations sur l’événement sont publiées par l’organisateur et peuvent changer.,. La información del evento la publica el organizador y puede cambiar.,. ينشر المنظّم تفاصيل الحدث وقد تتغير.
pages,"Jettset is not affiliated with Frieze, is not an official partner of the event, and does not sell tickets or provide access to it. This page is Jettset’s own planning guide.","Jettset n’est pas affiliée à Frieze, n’est pas partenaire officiel de l’événement, ne vend pas de billets et ne donne pas accès à l’événement. Cette page est le guide de préparation propre à Jettset.","Jettset no está afiliada a Frieze, no es socio oficial del evento y no vende entradas ni ofrece acceso al mismo. Esta página es la guía de planificación propia de Jettset.",Jettset غير تابعة لـ Frieze وليست شريكًا رسميًا للحدث، ولا تبيع التذاكر ولا توفّر الدخول إليه. هذه الصفحة هي دليل التخطيط الخاص بـ Jettset.
pages,"Frieze London 2026, London | The Global Culture Calendar | Jettset Global","Frieze London 2026, Londres | Le calendrier mondial de la culture | Jettset Global","Frieze London 2026, Londres | El Calendario Cultural Global | Jettset Global",Frieze London 2026، لندن | التقويم الثقافي العالمي | Jettset Global
pages,"Frieze London, London, 14–18 October 2026. A Jettset guide to planning your journey: timing, airports and what to confirm with the organiser.","Frieze London, Londres, 14–18 octobre 2026. Un guide Jettset pour préparer votre voyage : calendrier, aéroports et points à confirmer auprès de l’organisateur.","Frieze London, Londres, 14–18 de octubre de 2026. Una guía de Jettset para planificar su viaje: fechas, aeropuertos y qué confirmar con el organizador.",Frieze London، لندن، 14–18 أكتوبر 2026. دليل من Jettset لتخطيط رحلتك: التوقيت والمطارات وما ينبغي تأكيده مع المنظّم.
pages,02 — Concierge,02 — Conciergerie,02 — Conserjería,02 — الكونسيرج
pages,"The journey rarely ends at the aircraft door. Concierge is everything that happens before, around, and after the flight — handled with the same discretion.","Le voyage s’arrête rarement à la porte de l’appareil. La conciergerie, c’est tout ce qui se passe avant, autour et après le vol — traité avec la même discrétion.","El viaje rara vez termina en la puerta de la aeronave. La conserjería es todo lo que ocurre antes, durante y después del vuelo, gestionado con la misma discreción.",نادرًا ما تنتهي الرحلة عند باب الطائرة. الكونسيرج هو كل ما يحدث قبل الرحلة وحولها وبعدها — بالتكتّم نفسه.
pages,"Concierge is a connected ecosystem of transport, hospitality, access and personal support, built around the complete life of the journey. For an individual, a family, a principal or an entire touring party, one team coordinates the people, vehicles, timings and arrangements that need to move together. Touring teams and creative entourages typically pair this with <a href=""club.html"" style=""color:var(--gold);text-decoration:underline;"">Club</a>, our dedicated structure for continuity across every traveller and city.","La conciergerie est un écosystème connecté de transport, d’hospitalité, d’accès et de soutien personnel, conçu autour de toute la vie du voyage. Pour un particulier, une famille, un dirigeant ou toute une équipe en tournée, une seule équipe coordonne les personnes, les véhicules, les horaires et les dispositions qui doivent avancer ensemble. Les équipes en tournée et les entourages créatifs l’associent généralement à <a href=""club.html"" style=""color:var(--gold);text-decoration:underline;"">Club</a>, notre structure dédiée à la continuité pour chaque voyageur et chaque ville.","La conserjería es un ecosistema conectado de transporte, hospitalidad, acceso y apoyo personal, concebido en torno a toda la vida del viaje. Para una persona, una familia, un directivo o un grupo entero de gira, un solo equipo coordina a las personas, los vehículos, los horarios y los preparativos que deben moverse juntos. Los equipos de gira y los séquitos creativos suelen combinarla con <a href=""club.html"" style=""color:var(--gold);text-decoration:underline;"">Club</a>, nuestra estructura dedicada a dar continuidad a cada viajero y a cada ciudad.","الكونسيرج منظومة مترابطة من النقل والضيافة والوصول والدعم الشخصي، مبنية حول دورة حياة الرحلة كاملةً. وسواء كنت فردًا أو عائلة أو شخصية رئيسية أو فريق جولة بأكمله، ينسّق فريق واحد الأشخاص والمركبات والمواعيد والترتيبات التي ينبغي أن تتحرك معًا. وعادةً ما تقرنها فرق الجولات والمرافقون الإبداعيون بـ <a href=""club.html"" style=""color:var(--gold);text-decoration:underline;"">Club</a>، هيكلنا المخصص لضمان الاستمرارية لكل مسافر ولكل مدينة."
pages,"Concierge is a connected ecosystem of transport, hospitality, access and personal support, built around the complete life of the journey. For an individual, a family, a principal or an entire touring party, one team coordinates the people, vehicles, timings and arrangements that need to move together. Touring teams and creative entourages typically pair this with","La conciergerie est un écosystème connecté de transport, d’hospitalité, d’accès et de soutien personnel, conçu autour de toute la vie du voyage. Pour un particulier, une famille, un dirigeant ou toute une équipe en tournée, une seule équipe coordonne les personnes, les véhicules, les horaires et les dispositions qui doivent avancer ensemble. Les équipes en tournée et les entourages créatifs l’associent généralement à","La conserjería es un ecosistema conectado de transporte, hospitalidad, acceso y apoyo personal, concebido en torno a toda la vida del viaje. Para una persona, una familia, un directivo o un grupo entero de gira, un solo equipo coordina a las personas, los vehículos, los horarios y los preparativos que deben moverse juntos. Los equipos de gira y los séquitos creativos suelen combinarla con",الكونسيرج منظومة مترابطة من النقل والضيافة والوصول والدعم الشخصي، مبنية حول دورة حياة الرحلة كاملةً. وسواء كنت فردًا أو عائلة أو شخصية رئيسية أو فريق جولة بأكمله، ينسّق فريق واحد الأشخاص والمركبات والمواعيد والترتيبات التي ينبغي أن تتحرك معًا. وعادةً ما تقرنها فرق الجولات والمرافقون الإبداعيون بـ
pages,", our dedicated structure for continuity across every traveller and city.",", notre structure dédiée à la continuité pour chaque voyageur et chaque ville.",", nuestra estructura dedicada a dar continuidad a cada viajero y a cada ciudad.",، هيكلنا المخصص لضمان الاستمرارية لكل مسافر ولكل مدينة.
pages,Six Pillars,Six piliers,Seis pilares,ستة ركائز
pages,Everything Around The Journey,Tout ce qui entoure le voyage,Todo lo que rodea al viaje,كل ما يحيط بالرحلة
pages,01 — Global Ground Transport,01 — Transport terrestre mondial,01 — Transporte terrestre global,01 — النقل البري العالمي
pages,"Movement, End To End","Le mouvement, de bout en bout","Movimiento, de principio a fin",الحركة من البداية إلى النهاية
pages,"Chauffeur-driven transport worldwide for airport transfers, full-day hire, touring schedules, productions, roadshows and secure principal travel. One itinerary, one operations team.","Transport avec chauffeur dans le monde entier : transferts aéroport, mise à disposition à la journée, tournées, productions, roadshows et déplacements sécurisés de dirigeants. Un itinéraire, une équipe d’exploitation.","Transporte con chófer en todo el mundo para traslados al aeropuerto, alquiler por día completo, giras, producciones, roadshows y desplazamientos seguros de directivos. Un itinerario, un equipo de operaciones.",نقل بسائق حول العالم للتنقل من المطارات وإليها والاستئجار ليوم كامل والجولات والإنتاجات والعروض المتنقلة وتنقلات الشخصيات الرئيسية بأمان. مسار واحد وفريق عمليات واحد.
pages,02 — Airport VIP Experience,02 — Expérience VIP aéroport,02 — Experiencia VIP en el aeropuerto,02 — تجربة كبار الشخصيات في المطار
pages,"The Jet Experience, Through The Terminal","L’expérience du jet, à travers le terminal","La experiencia del jet, a través de la terminal",تجربة الطائرة الخاصة عبر المبنى
pages,"A door-to-door VIP airport experience around commercial travel — chauffeur collection, meet and assist, fast-track formalities and arrival-side handover, subject to availability.","Une expérience VIP de porte à porte autour du voyage commercial — prise en charge par chauffeur, accueil et assistance, formalités accélérées et remise à l’arrivée, selon disponibilité.","Una experiencia VIP puerta a puerta en torno al viaje comercial: recogida con chófer, recepción y asistencia, trámites acelerados y entrega a la llegada, según disponibilidad.",تجربة VIP من الباب إلى الباب حول السفر التجاري — استقبال بسائق ومرافقة ومساعدة وإجراءات سريعة وتسليم عند الوصول، بحسب التوفر.
pages,"03 — Touring, Production & Events","03 — Tournées, productions et événements","03 — Giras, producciones y eventos",03 — الجولات والإنتاجات والفعاليات
pages,"Complex Movement, Quietly Managed","Des mouvements complexes, gérés en toute discrétion","Movimientos complejos, gestionados con discreción",حركة معقدة تُدار بهدوء
pages,"Multi-city transport programmes, vehicle fleets and driver schedules coordinated through one central operations team — from a single vehicle to an entire touring convoy.","Programmes de transport multi-villes, flottes de véhicules et plannings de chauffeurs coordonnés par une équipe d’exploitation centrale — d’un seul véhicule à tout un convoi de tournée.","Programas de transporte en varias ciudades, flotas de vehículos y turnos de conductores coordinados por un único equipo central de operaciones: desde un solo vehículo hasta un convoy de gira completo.",برامج نقل متعددة المدن وأساطيل مركبات وجداول سائقين تنسّقها غرفة عمليات مركزية واحدة — من مركبة واحدة إلى موكب جولة كامل.
pages,04 — Lifestyle Services,04 — Services de style de vie,04 — Servicios de estilo de vida,04 — خدمات نمط الحياة
pages,Personal & Discreet,Personnel et discret,Personal y discreto,شخصي وكتوم
pages,"Personal shopping, fine art acquisition, wellness and specialist requests, arranged around the individual — never treated as a standard package.","Shopping personnalisé, acquisition d’œuvres d’art, bien-être et demandes spécialisées, organisés autour de chaque personne — jamais traités comme un forfait standard.","Compras personalizadas, adquisición de arte, bienestar y solicitudes especializadas, organizados en torno a cada persona y nunca tratados como un paquete estándar.",تسوّق شخصي واقتناء الأعمال الفنية والعافية والطلبات المتخصصة، تُرتَّب حول كل فرد — ولا تُعامل أبدًا كباقة قياسية.
pages,05 — Travel & Accommodation,05 — Voyage et hébergement,05 — Viajes y alojamiento,05 — السفر والإقامة
pages,Beyond The Listed Suite,Au-delà de la suite référencée,Más allá de la suite habitual,ما وراء الجناح المعتاد
pages,"From globally recognised hotels to unlisted villas, private residences and chalets, selected to match the purpose and standard of the journey.","Des hôtels de renommée mondiale aux villas confidentielles, résidences privées et chalets, sélectionnés selon l’objet et le niveau d’exigence du voyage.","Desde hoteles de fama mundial hasta villas no anunciadas, residencias privadas y chalés, seleccionados según el propósito y el nivel del viaje.",من الفنادق المعروفة عالميًا إلى الفلل غير المعلنة والإقامات الخاصة والشاليهات، تُختار بما يلائم غرض الرحلة ومستواها.
pages,"06 — Access, Dining & Entertainment","06 — Accès, restauration et divertissement","06 — Acceso, gastronomía y entretenimiento",06 — الوصول والمطاعم والترفيه
pages,"The Right Door, Opened Properly","La bonne porte, ouverte comme il se doit","La puerta adecuada, abierta como corresponde",الباب المناسب، يُفتح كما ينبغي
pages,"Official hospitality, priority dining, private chefs and venue arrangements secured through trusted, accredited channels — never grey-market promises.","Hospitalité officielle, tables prioritaires, chefs privés et organisation de lieux obtenus par des canaux de confiance et accrédités — jamais de promesses issues du marché gris.","Hospitalidad oficial, mesas prioritarias, chefs privados y gestión de espacios conseguidos por canales de confianza y acreditados, nunca promesas del mercado gris.",ضيافة رسمية وحجوزات مطاعم ذات أولوية وطهاة خاصون وترتيبات للأماكن تُؤمَّن عبر قنوات موثوقة ومعتمدة — لا وعود من السوق الموازية.
pages,Global Ground Transport,Transport terrestre mondial,Transporte terrestre global,النقل البري العالمي
pages,The Journey On The Ground,Le voyage au sol,El viaje en tierra,الرحلة على الأرض
pages,"From a single airport transfer to an international touring programme, Jettset coordinates the vehicles, drivers, schedules and live changes that keep every traveller moving.","D’un simple transfert aéroport à un programme de tournée international, Jettset coordonne les véhicules, les chauffeurs, les plannings et les changements en direct qui permettent à chaque voyageur d’avancer.","Desde un simple traslado al aeropuerto hasta un programa de gira internacional, Jettset coordina los vehículos, los conductores, los horarios y los cambios en tiempo real que mantienen en movimiento a cada viajero.",من مجرد نقل من المطار إلى برنامج جولة دولي، تنسّق Jettset المركبات والسائقين والجداول والتغييرات الفورية التي تُبقي كل مسافر في حركته.
pages,Individuals & Families,Particuliers et familles,Particulares y familias,الأفراد والعائلات
pages,Events & Roadshows,Événements et roadshows,Eventos y roadshows,الفعاليات والعروض المتنقلة
pages,Aviation Connections,Correspondances aériennes,Conexiones aéreas,ربط الرحلات الجوية
pages,"Door-To-Door, Discreetly","De porte à porte, en toute discrétion","De puerta a puerta, con discreción",من الباب إلى الباب، بكتمان
pages,"Door-to-door airport transfers, full-day chauffeur hire, discreet principal transport, family travel and multi-stop itineraries.","Transferts aéroport de porte à porte, mise à disposition d’un chauffeur à la journée, transport discret de dirigeants, voyages en famille et itinéraires à étapes multiples.","Traslados puerta a puerta al aeropuerto, chófer por día completo, transporte discreto de directivos, viajes en familia e itinerarios con varias paradas.",نقل من الباب إلى الباب من المطار وإليه، واستئجار سائق ليوم كامل، ونقل كتوم للشخصيات الرئيسية، وسفر العائلات، وخطوط سير متعددة المحطات.
pages,"Elevated arrival, composed city movement.","Une arrivée d’exception, des déplacements urbains sereins.","Una llegada elevada, desplazamientos urbanos serenos.",وصول رفيع وتنقل هادئ في المدينة.
pages,Discreet capability for family and multi-stop journeys.,Une polyvalence discrète pour les voyages en famille et à étapes multiples.,Capacidad discreta para viajes en familia y con varias paradas.,قدرة هادئة لرحلات العائلات والرحلات متعددة المحطات.
pages,"Refined executive travel between home, terminal and destination.","Des déplacements de direction raffinés entre le domicile, le terminal et la destination.","Viajes ejecutivos refinados entre el hogar, la terminal y el destino.",تنقل تنفيذي راقٍ بين المنزل والمبنى والوجهة.
pages,Considered space for families and smaller travelling parties.,Un espace pensé pour les familles et les petits groupes de voyageurs.,Espacio pensado para familias y grupos de viaje reducidos.,مساحة مدروسة للعائلات ومجموعات السفر الصغيرة.
pages,"Vehicle models and availability vary by city. Each fleet is confirmed against passenger numbers, luggage, security, accessibility and schedule requirements.","Les modèles de véhicules et leur disponibilité varient selon les villes. Chaque flotte est confirmée en fonction du nombre de passagers, des bagages, de la sécurité, de l’accessibilité et du calendrier.","Los modelos de vehículos y su disponibilidad varían según la ciudad. Cada flota se confirma en función del número de pasajeros, el equipaje, la seguridad, la accesibilidad y el calendario.",تختلف طُرُز المركبات وتوفرها بحسب المدينة. وتُؤكَّد كل مجموعة مركبات وفق عدد الركاب والأمتعة والأمن وإمكانية الوصول ومتطلبات الجدول.
pages,Airport VIP Experience,Expérience VIP aéroport,Experiencia VIP en el aeropuerto,تجربة كبار الشخصيات في المطار
pages,"The Jet Experience, Without The Jet","L’expérience du jet, sans le jet","La experiencia del jet, sin el jet",تجربة الطائرة الخاصة، دون الطائرة
pages,A commercial itinerary doesn't have to feel commercial.,Un itinéraire commercial n’a pas à avoir l’air commercial.,Un itinerario comercial no tiene por qué parecer comercial.,ليس على الرحلة التجارية أن تبدو تجارية.
pages,Home Collection,Prise en charge à domicile,Recogida en casa,الاستقبال من المنزل
pages,A chauffeur collects you and coordinates arrival with the airport team.,Un chauffeur vient vous chercher et coordonne l’arrivée avec l’équipe de l’aéroport.,Un chófer le recoge y coordina la llegada con el equipo del aeropuerto.,يستقبلك سائق وينسّق وصولك مع فريق المطار.
pages,Meet & Assist,Accueil et assistance,Recepción y asistencia,الاستقبال والمرافقة
pages,A dedicated airport host meets you and manages the path through the terminal.,Un hôte dédié vous accueille à l’aéroport et gère votre parcours dans le terminal.,Un anfitrión dedicado le recibe en el aeropuerto y gestiona su recorrido por la terminal.,يستقبلك مضيف مخصص في المطار ويدير مسارك داخل المبنى.
pages,Fast-Track Formalities,Formalités accélérées,Trámites acelerados,إجراءات سريعة
pages,"Priority security, immigration and check-in support, arranged where available.","Assistance prioritaire pour la sûreté, l’immigration et l’enregistrement, lorsqu’elle est disponible.","Apoyo prioritario en seguridad, inmigración y facturación, cuando esté disponible.",مساعدة ذات أولوية في الأمن والجوازات وتسجيل الوصول، عند التوفر.
pages,Lounge & Duty-Free,Salon et duty-free,Sala VIP y duty free,الصالة والسوق الحرة
pages,"Lounge access, porter support and duty-free assistance around the available time.","Accès au salon, aide des porteurs et assistance duty-free selon le temps disponible.","Acceso a la sala VIP, apoyo de maleteros y asistencia en la tienda libre de impuestos según el tiempo disponible.",دخول الصالة ومساعدة الحمّالين والسوق الحرة بحسب الوقت المتاح.
pages,Gate Escort,Accompagnement jusqu’à la porte,Acompañamiento a la puerta de embarque,المرافقة حتى بوابة الصعود
pages,"Your host manages the final movement to the gate, including timing changes.","Votre hôte gère le dernier déplacement jusqu’à la porte d’embarquement, y compris les changements d’horaire.","Su anfitrión gestiona el último tramo hasta la puerta de embarque, incluidos los cambios de horario.",يدير مضيفك الحركة الأخيرة حتى بوابة الصعود، بما في ذلك تغيّر المواعيد.
pages,Arrival Handover,Remise à l’arrivée,Entrega a la llegada,التسليم عند الوصول
pages,"Meet and assist, baggage support and onward chauffeur, aligned without a break.","Accueil et assistance, aide pour les bagages et chauffeur pour la suite, enchaînés sans rupture.","Recepción y asistencia, apoyo con el equipaje y chófer para el siguiente tramo, enlazados sin interrupciones.",استقبال ومرافقة ومساعدة في الأمتعة وسائق للمتابعة، بتنسيق متصل دون انقطاع.
pages,"Airport VIP services are subject to local airport, airline, immigration and security rules. Available elements are confirmed clearly before travel.","Les services VIP aéroport sont soumis aux règles locales de l’aéroport, de la compagnie, de l’immigration et de la sûreté. Les éléments disponibles sont confirmés clairement avant le voyage.","Los servicios VIP en el aeropuerto están sujetos a las normas locales del aeropuerto, la aerolínea, inmigración y seguridad. Los elementos disponibles se confirman con claridad antes del viaje.",تخضع خدمات كبار الشخصيات في المطار لقواعد المطار المحلي وشركة الطيران والجوازات والأمن. وتُؤكَّد العناصر المتاحة بوضوح قبل السفر.
pages,"Touring, Production & Event Logistics","Logistique de tournée, de production et d’événement","Logística de giras, producciones y eventos",لوجستيات الجولات والإنتاج والفعاليات
pages,One Schedule. Every Movement.,Un seul planning. Chaque mouvement.,Un solo calendario. Cada movimiento.,جدول واحد. كل حركة.
pages,Multi-city transport planning and live schedule management,Planification des transports multi-villes et gestion des plannings en direct,Planificación de transporte en varias ciudades y gestión de horarios en tiempo real,تخطيط النقل بين عدة مدن وإدارة الجداول مباشرةً
pages,"Principal, talent, executive, crew and guest vehicle allocation","Attribution de véhicules aux dirigeants, artistes, cadres, équipes et invités","Asignación de vehículos a directivos, artistas, ejecutivos, equipos e invitados",تخصيص المركبات للشخصيات الرئيسية والفنانين والتنفيذيين والطواقم والضيوف
pages,"VIP Sprinters, V-Class fleets, executive saloons and coaches for larger travelling parties, with luggage support","Sprinters VIP, flottes V-Class, berlines de direction et autocars pour les groupes plus importants, avec assistance bagages","Sprinter VIP, flotas V-Class, berlinas ejecutivas y autocares para grupos de viaje más numerosos, con apoyo para el equipaje",سيارات Sprinter كبار الشخصيات وأساطيل V-Class وسيارات سيدان تنفيذية وحافلات للمجموعات الأكبر، مع مساعدة في الأمتعة
pages,"Airport, hotel, venue, rehearsal and hospitality movements","Déplacements entre aéroport, hôtel, lieu d’événement, répétitions et hospitalité","Desplazamientos entre aeropuerto, hotel, recinto, ensayos y hospitalidad",التنقل بين المطار والفندق والمكان والبروفات والضيافة
pages,"Driver manifests, contact sheets, call times and live amendments","Listes de chauffeurs, fiches de contact, heures de convocation et modifications en direct","Listados de conductores, hojas de contacto, horas de citación y modificaciones en tiempo real",قوائم السائقين وبيانات الاتصال وأوقات الحضور والتعديلات الفورية
pages,Central 24/7 operational communication for organisers and teams,Communication opérationnelle centrale 24 h/24 et 7 j/7 pour les organisateurs et les équipes,Comunicación operativa central 24/7 para organizadores y equipos,تواصل تشغيلي مركزي على مدار الساعة للمنظّمين والفرق
pages,Global Access & Experiences,Accès et expériences dans le monde entier,Acceso y experiencias en todo el mundo,الوصول والتجارب حول العالم
pages,Where The World Gathers,Là où le monde se retrouve,Donde el mundo se reúne,حيث يجتمع العالم
pages,"There is a calendar that runs alongside the ordinary one — a handful of weeks each year when a handful of cities matter more than the rest. Where official tickets and hospitality exist, we secure them directly.","Il existe un calendrier qui court parallèlement au calendrier ordinaire — quelques semaines par an où une poignée de villes comptent plus que les autres. Lorsque des billets et une hospitalité officiels existent, nous les obtenons directement.","Existe un calendario que corre en paralelo al habitual: unas pocas semanas al año en las que un puñado de ciudades importan más que el resto. Cuando existen entradas y hospitalidad oficiales, las conseguimos directamente.",ثمة تقويم يسير بموازاة التقويم المعتاد — أسابيع قليلة كل عام تكتسب فيها حفنة من المدن أهمية تفوق غيرها. وحيثما توجد تذاكر وضيافة رسمية، نؤمّنها مباشرةً.
pages,Awards Season,La saison des récompenses,La temporada de premios,موسم الجوائز
pages,"Los Angeles, in the weeks the industry turns its attention there — premiere and industry-event access arranged where official channels exist, alongside the journey itself.","Los Angeles, pendant les semaines où l’industrie y tourne son attention — accès aux avant-premières et aux événements professionnels organisé lorsque des canaux officiels existent, en parallèle du voyage lui-même.","Los Ángeles, en las semanas en que la industria vuelca su atención allí: acceso a estrenos y eventos del sector gestionado cuando existen canales oficiales, junto con el propio viaje.",لوس أنجلوس، في الأسابيع التي تتجه إليها أنظار الصناعة — يُرتَّب الدخول إلى العروض الأولى وفعاليات القطاع حيثما توجد قنوات رسمية، إلى جانب الرحلة نفسها.
pages,Fashion Month,Le mois de la mode,El mes de la moda,شهر الموضة
pages,"Paris, Milan, London, New York, in sequence — show seating secured where tickets are available, built around the circuit rather than a single date.","Paris, Milan, Londres, New York, tour à tour — places aux défilés obtenues lorsque des billets sont disponibles, organisées autour du circuit plutôt que d’une date unique.","París, Milán, Londres, Nueva York, en sucesión: asientos en los desfiles asegurados cuando hay entradas disponibles, organizados en torno al circuito y no a una sola fecha.",باريس وميلانو ولندن ونيويورك، بالتتابع — تُؤمَّن مقاعد العروض عند توفر التذاكر، وتُرتَّب حول الدائرة كلها لا حول تاريخ واحد.
pages,The Grand Prix Calendar,Le calendrier des Grands Prix,El calendario de los Grandes Premios,تقويم الجائزة الكبرى
pages,"Monaco in May, and the handful of races that matter beyond it — official race-weekend hospitality and ticket packages arranged alongside the journey.","Monaco en mai, et les quelques courses qui comptent au-delà — hospitalité officielle et forfaits de billets du week-end de course organisés en parallèle du voyage.",Mónaco en mayo y las pocas carreras que importan más allá: hospitalidad oficial y paquetes de entradas del fin de semana de carrera gestionados junto con el viaje.,موناكو في مايو، وبضع سباقات أخرى تستحق الاهتمام — ضيافة رسمية وباقات تذاكر لعطلة السباق تُرتَّب إلى جانب الرحلة.
pages,Wimbledon & The Sporting Calendar,Wimbledon et le calendrier sportif,Wimbledon y el calendario deportivo,ويمبلدون والتقويم الرياضي
pages,"Debenture-holder hospitality and official ticket packages, secured through accredited channels — for Wimbledon and the calendar's other defining weekends.","Hospitalité des détenteurs de debentures et forfaits de billets officiels, obtenus par des canaux accrédités — pour Wimbledon et les autres week-ends marquants du calendrier.","Hospitalidad para titulares de debentures y paquetes oficiales de entradas, conseguidos por canales acreditados, para Wimbledon y los demás fines de semana clave del calendario.",ضيافة لحاملي حقوق الدخول (Debentures) وباقات تذاكر رسمية تُؤمَّن عبر قنوات معتمدة — لويمبلدون وسائر عطلات التقويم الحاسمة.
pages,Art & Auction Season,La saison de l’art et des ventes aux enchères,La temporada de arte y subastas,موسم الفن والمزادات
pages,"Basel, Frieze, and the major sale weeks — VIP preview access and auction-house appointments arranged through official channels.","Bâle, Frieze et les grandes semaines de ventes — accès aux avant-premières VIP et rendez-vous avec les maisons de vente organisés par des canaux officiels.","Basilea, Frieze y las grandes semanas de ventas: acceso VIP a las previsualizaciones y citas con las casas de subastas gestionados por canales oficiales.",بازل وفريز وأسابيع البيع الكبرى — يُرتَّب الدخول إلى المعاينات لكبار الشخصيات ومواعيد دور المزادات عبر القنوات الرسمية.
pages,The Festival Circuit,Le circuit des festivals,El circuito de festivales,دائرة المهرجانات
pages,"Cannes, Venice, and the events built around film — market accreditation and premiere access secured where official channels exist.","Cannes, Venise et les événements bâtis autour du cinéma — accréditations pour le marché et accès aux avant-premières obtenus lorsque des canaux officiels existent.","Cannes, Venecia y los eventos construidos en torno al cine: acreditaciones de mercado y acceso a estrenos asegurados cuando existen canales oficiales.",كان والبندقية والفعاليات المبنية حول السينما — تُؤمَّن اعتمادات السوق والدخول إلى العروض الأولى حيثما توجد قنوات رسمية.
pages,Concerts & The Touring Circuit,Concerts et circuit des tournées,Conciertos y circuito de giras,الحفلات ودائرة الجولات
pages,"VIP packages and official hospitality for major tour dates and residencies, secured the same way as everything else here.","Forfaits VIP et hospitalité officielle pour les grandes dates de tournée et les résidences, obtenus de la même manière que tout le reste.","Paquetes VIP y hospitalidad oficial para las grandes fechas de gira y residencias, conseguidos igual que todo lo demás.",باقات VIP وضيافة رسمية لأبرز مواعيد الجولات والإقامات الفنية، تُؤمَّن بالأسلوب نفسه كل شيء هنا.
pages,"Tickets and hospitality are arranged exclusively through official, accredited channels — never resale or grey-market sources. Availability varies by event and season, and is confirmed as part of planning your journey.","Les billets et l’hospitalité sont organisés exclusivement par des canaux officiels et accrédités — jamais par la revente ou le marché gris. La disponibilité varie selon l’événement et la saison, et elle est confirmée lors de la préparation de votre voyage.","Las entradas y la hospitalidad se gestionan exclusivamente por canales oficiales y acreditados, nunca mediante reventa o mercado gris. La disponibilidad varía según el evento y la temporada, y se confirma al planificar su viaje.",تُرتَّب التذاكر والضيافة حصريًا عبر قنوات رسمية ومعتمدة — لا عبر إعادة البيع أو السوق الموازية. ويختلف التوفر بحسب الحدث والموسم، ويُؤكَّد ضمن تخطيط رحلتك.
pages,"Curious how this fits around the flight itself? <a href=""index.html#journeyTimelineSection"">See how every journey is arranged, step by step</a>.","Vous vous demandez comment cela s’articule autour du vol lui-même ? <a href=""index.html#journeyTimelineSection"">Découvrez comment chaque voyage est organisé, étape par étape</a>.","¿Quiere saber cómo encaja esto con el propio vuelo? <a href=""index.html#journeyTimelineSection"">Vea cómo se organiza cada viaje, paso a paso</a>.","هل تتساءل كيف يتكامل هذا مع الرحلة الجوية نفسها؟ <a href=""index.html#journeyTimelineSection"">اطّلع على كيفية ترتيب كل رحلة خطوةً بخطوة</a>."
pages,Curious how this fits around the flight itself?,Vous vous demandez comment cela s’articule autour du vol lui-même ?,¿Quiere saber cómo encaja esto con el propio vuelo?,هل تتساءل كيف يتكامل هذا مع الرحلة الجوية نفسها؟
pages,"See how every journey is arranged, step by step","Découvrez comment chaque voyage est organisé, étape par étape","Vea cómo se organiza cada viaje, paso a paso",اطّلع على كيفية ترتيب كل رحلة خطوةً بخطوة
pages,"Concierge, In Practice",La conciergerie en pratique,La conserjería en la práctica,الكونسيرج عمليًا
pages,"Arrivals, arrangements, and the hospitality around them — <a href=""in-motion.html"">see it for yourself</a>.","Arrivées, dispositions et hospitalité qui les entoure — <a href=""in-motion.html"">voyez-le par vous-même</a>.","Llegadas, preparativos y la hospitalidad que los rodea: <a href=""in-motion.html"">véalo usted mismo</a>.","الوصول والترتيبات والضيافة المحيطة بها — <a href=""in-motion.html"">شاهد ذلك بنفسك</a>."
pages,"Arrivals, arrangements, and the hospitality around them —","Arrivées, dispositions et hospitalité qui les entoure —","Llegadas, preparativos y la hospitalidad que los rodea:",الوصول والترتيبات والضيافة المحيطة بها —
pages,see it for yourself,voyez-le par vous-même,véalo usted mismo,شاهد ذلك بنفسك
pages,The flight was never the hard part. Everything around it is what we're actually built for.,"Le vol n’a jamais été le plus difficile. Tout ce qui l’entoure, voilà ce pour quoi nous sommes réellement faits.",El vuelo nunca fue lo difícil. Todo lo que lo rodea es para lo que realmente estamos hechos.,الرحلة الجوية لم تكن يومًا الجزء الصعب. أما كل ما يحيط بها فهو ما صُمِّمنا لأجله فعلًا.
pages,Extend Your Journey,Prolongez votre voyage,Amplíe su viaje,مدّد رحلتك
pages,"Tell us what the rest of the journey needs to look like — on the ground, at the destination, or beyond — and we'll take it from there.","Dites-nous ce que doit être le reste du voyage — au sol, à destination ou au-delà — et nous nous chargeons du reste.","Cuéntenos cómo debe ser el resto del viaje —en tierra, en destino o más allá— y nosotros nos encargamos.",أخبرنا كيف ينبغي أن يكون بقية الرحلة — على الأرض أو في الوجهة أو ما بعدها — وسنتولى الباقي.
pages,Tell Us What You Need,Dites-nous ce dont vous avez besoin,Cuéntenos lo que necesita,أخبرنا بما تحتاج إليه
pages,Concierge | Jettset Global,Conciergerie | Jettset Global,Conserjería | Jettset Global,الكونسيرج | Jettset Global
pages,"Destination logistics, security, and lifestyle coordination — the experience around the journey.","Logistique à destination, sécurité et coordination du style de vie — l’expérience qui entoure le voyage.","Logística en destino, seguridad y coordinación del estilo de vida: la experiencia que rodea al viaje.",لوجستيات الوجهة والأمن وتنسيق نمط الحياة — التجربة المحيطة بالرحلة.
pages,"Close-up of a Bombardier Challenger 350 wing and winglet, private jet charter London to Ibiza with Jettset Global","Gros plan sur l’aile et le winglet d’un Bombardier Challenger 350, affrètement de jet privé de Londres à Ibiza avec Jettset Global","Primer plano del ala y el winglet de un Bombardier Challenger 350, chárter de jet privado de Londres a Ibiza con Jettset Global",لقطة مقرّبة لجناح طائرة Bombardier Challenger 350 وحافتها العلوية، تأجير طائرة خاصة من لندن إلى إيبيزا مع Jettset Global
pages,Signature Route,Itinéraire signature,Ruta insignia,المسار المميّز
pages,London to Ibiza,De Londres à Ibiza,De Londres a Ibiza,من لندن إلى إيبيزا
pages,"Private charter between London and Ibiza, arranged operator-direct and built around your calendar rather than a published schedule.","Affrètement privé entre Londres et Ibiza, organisé en direct avec l’opérateur et bâti autour de votre agenda plutôt que d’un horaire publié.","Chárter privado entre Londres e Ibiza, gestionado directamente con el operador y construido en torno a su agenda y no a un horario publicado.",تأجير خاص بين لندن وإيبيزا، يُرتَّب مباشرةً مع المشغّل ويُبنى حول جدولك لا حول جدول منشور.
pages,"Few routes carry the same shift in register as London to Ibiza — a commute for some, a season-opener for others, and for most guests, the moment a week of obligations gives way to a week that doesn't have any. Jettset arranges this route privately and discreetly, departing from the London airport that suits your morning and landing close enough to the island's villas and ports that the journey itself barely registers.","Peu d’itinéraires marquent un tel changement de registre que Londres–Ibiza — un trajet du quotidien pour certains, l’ouverture de la saison pour d’autres, et pour la plupart des invités, le moment où une semaine d’obligations cède la place à une semaine qui n’en compte aucune. Jettset organise ce trajet en privé et en toute discrétion, au départ de l’aéroport londonien qui convient à votre matinée, avec une arrivée assez proche des villas et des ports de l’île pour que le voyage se remarque à peine.","Pocas rutas suponen un cambio de registro como el de Londres a Ibiza: un trayecto cotidiano para algunos, la apertura de la temporada para otros y, para la mayoría de los invitados, el momento en que una semana de obligaciones da paso a otra sin ninguna. Jettset organiza esta ruta de forma privada y discreta, saliendo del aeropuerto de Londres que mejor encaje con su mañana y aterrizando lo bastante cerca de las villas y los puertos de la isla como para que el viaje apenas se note.",قلّما تحمل وجهة نقلةً بهذا القدر كما تفعل رحلة لندن – إيبيزا — فهي تنقّل يومي للبعض، وافتتاح للموسم لآخرين، ولمعظم الضيوف هي اللحظة التي يفسح فيها أسبوع من الالتزامات المجال لأسبوع بلا التزامات. تُرتِّب Jettset هذه الرحلة بخصوصية وكتمان، بالإقلاع من مطار لندن الذي يناسب صباحك، والهبوط قريبًا بما يكفي من فلل الجزيرة وموانئها بحيث لا تكاد الرحلة نفسها تُلاحَظ.
pages,Flight Time,Durée de vol,Duración del vuelo,مدة الرحلة
pages,"Typical non-stop flight time, London to Ibiza, subject to routing and aircraft type.","Durée de vol sans escale typique, Londres–Ibiza, selon l’itinéraire et le type d’appareil.","Duración típica del vuelo sin escalas, Londres–Ibiza, según la ruta y el tipo de aeronave.",مدة الرحلة المباشرة المعتادة بين لندن وإيبيزا، بحسب المسار ونوع الطائرة.
pages,Typical Aircraft,Appareil typique,Aeronave típica,الطائرة المعتادة
pages,Light to Midsize Jet,Jet léger à intermédiaire,Jet ligero a medio,طائرة خفيفة إلى متوسطة
pages,"Citation XLS, Phenom 300, or comparable — sized to the route and your party.","Citation XLS, Phenom 300 ou équivalent — dimensionné selon l’itinéraire et votre groupe.","Citation XLS, Phenom 300 o similar, dimensionada según la ruta y su grupo.",Citation XLS أو Phenom 300 أو ما يماثلها — بحجم يناسب المسار ومجموعتك.
pages,London Departure Points,Points de départ à Londres,Puntos de salida en Londres,نقاط الإقلاع في لندن
pages,Luton · Farnborough · Biggin Hill,Luton · Farnborough · Biggin Hill,Luton · Farnborough · Biggin Hill,لوتون · فارنبره · بيغن هيل
pages,We source from whichever London-area airport suits your departure best.,Nous opérons depuis l’aéroport de la région londonienne qui convient le mieux à votre départ.,Operamos desde el aeropuerto del área de Londres que mejor se adapte a su salida.,نختار من مطارات منطقة لندن ما يناسب إقلاعك أكثر.
pages,What To Expect On This Route,À quoi s’attendre sur cet itinéraire,Qué esperar en esta ruta,ما يمكن توقعه في هذا المسار
pages,"Ibiza's airport runs at its busiest during the summer season, and commercial scheduling reflects that — narrow windows, frequent delays, and little flexibility if your plans change. Private charter removes that constraint entirely. Departure times are built around you, not a timetable, and the aircraft is sourced from operators we work with directly rather than through a layer of resellers.","L’aéroport d’Ibiza est à son maximum d’activité pendant la saison estivale, et la programmation commerciale s’en ressent : créneaux étroits, retards fréquents et peu de souplesse si vos plans changent. L’affrètement privé supprime entièrement cette contrainte. Les horaires de départ sont construits autour de vous, pas d’une grille horaire, et l’appareil est trouvé auprès d’opérateurs avec lesquels nous travaillons directement, sans couche de revendeurs.","El aeropuerto de Ibiza funciona a pleno rendimiento durante la temporada de verano, y la programación comercial lo refleja: franjas estrechas, retrasos frecuentes y poca flexibilidad si sus planes cambian. El chárter privado elimina por completo esa limitación. Los horarios de salida se construyen en torno a usted, no a una tabla de horarios, y la aeronave se obtiene de operadores con los que trabajamos directamente, sin una capa de intermediarios.",يبلغ مطار إيبيزا ذروة نشاطه في موسم الصيف، وينعكس ذلك على الجداول التجارية — نوافذ ضيقة وتأخيرات متكررة ومرونة ضئيلة إذا تغيّرت خططك. ويزيل التأجير الخاص هذا القيد كليًا. تُبنى مواعيد الإقلاع حولك لا حول جدول زمني، وتُؤمَّن الطائرة من مشغّلين نتعامل معهم مباشرةً لا عبر طبقة من الوسطاء.
pages,"Most guests on this route are arriving for a specific window — a villa booking, an event, a handful of days that don't stretch to accommodate commercial connections. We coordinate ground transport on both ends as standard, so the journey from your door to the villa happens without a second booking to think about.","La plupart des invités sur cet itinéraire arrivent pour une fenêtre précise — une réservation de villa, un événement, quelques jours qui ne s’étirent pas pour s’adapter aux correspondances commerciales. Nous coordonnons systématiquement le transport terrestre aux deux extrémités, de sorte que le trajet de votre porte à la villa se fasse sans seconde réservation à gérer.","La mayoría de los invitados en esta ruta llegan para una ventana concreta: una reserva de villa, un evento, unos pocos días que no se estiran para acomodar conexiones comerciales. Coordinamos como norma el transporte terrestre en ambos extremos, de modo que el trayecto de su puerta a la villa se resuelva sin una segunda reserva en la que pensar.",يصل معظم الضيوف على هذا المسار لنافذة زمنية محددة — حجز فيلا أو حدث أو بضعة أيام لا تتسع لارتباطات الرحلات التجارية. ننسّق النقل البري عند الطرفين كإجراء معتاد، بحيث تتم الرحلة من بابك إلى الفيلا دون حجز ثانٍ تفكر فيه.
pages,Other Signature Routes,Autres itinéraires signature,Otras rutas insignia,مسارات مميّزة أخرى
pages,"<a href=""#"" onclick=""event.preventDefault();"">London to Nice</a> <a href=""#"" onclick=""event.preventDefault();"">London to Dubai</a> <a href=""#"" onclick=""event.preventDefault();"">Miami to New York</a> <a href=""#"" onclick=""event.preventDefault();"">London to Monaco</a>","<a href=""#"" onclick=""event.preventDefault();"">Londres – Nice</a> <a href=""#"" onclick=""event.preventDefault();"">Londres – Dubaï</a> <a href=""#"" onclick=""event.preventDefault();"">Miami – New York</a> <a href=""#"" onclick=""event.preventDefault();"">Londres – Monaco</a>","<a href=""#"" onclick=""event.preventDefault();"">Londres – Niza</a> <a href=""#"" onclick=""event.preventDefault();"">Londres – Dubái</a> <a href=""#"" onclick=""event.preventDefault();"">Miami – Nueva York</a> <a href=""#"" onclick=""event.preventDefault();"">Londres – Mónaco</a>","<a href=""#"" onclick=""event.preventDefault();"">لندن – نيس</a> <a href=""#"" onclick=""event.preventDefault();"">لندن – دبي</a> <a href=""#"" onclick=""event.preventDefault();"">ميامي – نيويورك</a> <a href=""#"" onclick=""event.preventDefault();"">لندن – موناكو</a>"
pages,London to Nice,Londres – Nice,Londres – Niza,لندن – نيس
pages,London to Dubai,Londres – Dubaï,Londres – Dubái,لندن – دبي
pages,Miami to New York,Miami – New York,Miami – Nueva York,ميامي – نيويورك
pages,London to Monaco,Londres – Monaco,Londres – Mónaco,لندن – موناكو
pages,"Share your dates and party size, and our aviation desk will return options for this route within the hour where operationally possible.","Indiquez-nous vos dates et la taille de votre groupe : notre bureau aviation vous présentera des options pour cet itinéraire dans l’heure, lorsque l’exploitation le permet.","Indíquenos sus fechas y el tamaño de su grupo y nuestro departamento de aviación le enviará opciones para esta ruta en el plazo de una hora, siempre que sea operativamente posible.",شاركنا تواريخك وحجم مجموعتك، وسيعود إليك مكتب الطيران لدينا بخيارات لهذا المسار خلال ساعة حيثما أمكن تشغيليًا.
pages,London – Ibiza | Jettset Global,Londres – Ibiza | Jettset Global,Londres – Ibiza | Jettset Global,لندن – إيبيزا | Jettset Global
pages,Private charter between London and Ibiza — route intelligence from Jettset Global.,Affrètement privé entre Londres et Ibiza — l’intelligence d’itinéraire de Jettset Global.,Chárter privado entre Londres e Ibiza: inteligencia de ruta de Jettset Global.,تأجير خاص بين لندن وإيبيزا — معرفة المسارات من Jettset Global.
pages,"Full side profile of a Bombardier Challenger 350's cabin windows, Jettset Global about page","Profil latéral complet des hublots de la cabine d’un Bombardier Challenger 350, page À propos de Jettset Global","Perfil lateral completo de las ventanillas de la cabina de un Bombardier Challenger 350, página Acerca de Jettset Global",منظر جانبي كامل لنوافذ مقصورة طائرة Bombardier Challenger 350، صفحة «من نحن» لدى Jettset Global
pages,Jettset Global exists at the intersection of private aviation and culture — built for the generation of wealth that the old guard never quite learned to speak to.,Jettset Global existe à la croisée de l’aviation privée et de la culture — conçue pour la génération de fortunes que la vieille garde n’a jamais vraiment su comprendre.,"Jettset Global existe en la intersección entre la aviación privada y la cultura, creada para la generación de riqueza a la que la vieja guardia nunca supo hablar del todo.",تقوم Jettset Global عند تقاطع الطيران الخاص والثقافة — وقد صُمِّمت لجيل الثروة الذي لم تتقن الأوساط التقليدية يومًا مخاطبته.
pages,Founder Story,L’histoire du fondateur,La historia del fundador,قصة المؤسس
pages,Where It Began,Là où tout a commencé,Dónde empezó todo,حيث بدأ كل شيء
pages,"Jettset was born from a simple observation: for an industry built around luxury, private aviation often felt surprisingly impersonal.","Jettset est née d’un constat simple : pour une industrie bâtie autour du luxe, l’aviation privée paraissait étonnamment impersonnelle.","Jettset nació de una observación sencilla: para una industria construida en torno al lujo, la aviación privada resultaba sorprendentemente impersonal.",وُلدت Jettset من ملاحظة بسيطة: في صناعة قائمة على الفخامة، كان الطيران الخاص يبدو غير شخصي على نحو لافت.
pages,"Our founder experienced this first-hand, travelling extensively for business across the world by private jet. The aircraft itself was exceptional. Everything around it wasn't.","Notre fondateur l’a vécu de l’intérieur, en voyageant beaucoup pour affaires à travers le monde en jet privé. L’appareil lui-même était exceptionnel. Tout ce qui l’entourait ne l’était pas.","Nuestro fundador lo vivió en primera persona, viajando extensamente por negocios por todo el mundo en jet privado. La aeronave era excepcional. Todo lo que la rodeaba, no.",عاش مؤسسنا ذلك بنفسه، إذ سافر كثيرًا في أعماله حول العالم بطائرة خاصة. كانت الطائرة نفسها استثنائية، أما كل ما حولها فلم يكن كذلك.
pages,"A booking would be confirmed. A payment link would arrive. The journey would be arranged. And then the guest was left to organise everything else — transport to the airport, collection on arrival, accommodation, ground logistics, dining, every last-minute request. For the level of investment being made, the experience felt incomplete.","Une réservation était confirmée. Un lien de paiement arrivait. Le voyage était organisé. Puis l’invité devait se débrouiller pour tout le reste — le transport jusqu’à l’aéroport, la prise en charge à l’arrivée, l’hébergement, la logistique au sol, les restaurants, chaque demande de dernière minute. Au regard de l’investissement consenti, l’expérience semblait inachevée.","Se confirmaba una reserva. Llegaba un enlace de pago. Se organizaba el viaje. Y luego el huésped debía ocuparse de todo lo demás: el transporte al aeropuerto, la recogida a la llegada, el alojamiento, la logística en tierra, las comidas, cada petición de última hora. Para el nivel de inversión realizado, la experiencia se sentía incompleta.",كان الحجز يُؤكَّد، ويصل رابط الدفع، وتُرتَّب الرحلة. ثم يُترك الضيف لتنظيم كل شيء آخر — النقل إلى المطار، والاستقبال عند الوصول، والإقامة، واللوجستيات الأرضية، والطعام، وكل طلب في اللحظة الأخيرة. وبالنظر إلى حجم الاستثمار، كانت التجربة تبدو ناقصة.
pages,"Private aviation had become focused on the aircraft, rather than the journey. The experience shouldn't begin when a guest steps onboard. It should begin the moment they leave their front door.",L’aviation privée s’était concentrée sur l’appareil plutôt que sur le voyage. L’expérience ne devrait pas commencer quand l’invité monte à bord. Elle devrait commencer à l’instant où il quitte sa porte d’entrée.,"La aviación privada se había centrado en la aeronave y no en el viaje. La experiencia no debería empezar cuando el huésped sube a bordo, sino en el momento en que sale de su casa.",صار الطيران الخاص يركّز على الطائرة لا على الرحلة. ولا ينبغي أن تبدأ التجربة حين يصعد الضيف إلى الطائرة، بل لحظة خروجه من باب منزله.
pages,"At the same time, friends, business associates, and people across our founder's network began asking for help arranging flights and managing their travel. What started as helping others quickly revealed a real gap in the market — guests didn't simply want access to aircraft. They wanted someone to think about everything else.","Dans le même temps, des amis, des associés et des personnes du réseau de notre fondateur ont commencé à lui demander de l’aide pour organiser leurs vols et gérer leurs déplacements. Ce qui avait commencé comme un service rendu aux autres a vite révélé un véritable vide sur le marché : les invités ne voulaient pas simplement accéder à des appareils. Ils voulaient quelqu’un qui pense à tout le reste.","Al mismo tiempo, amigos, socios y personas de la red de nuestro fundador empezaron a pedirle ayuda para organizar vuelos y gestionar sus viajes. Lo que comenzó como ayudar a otros reveló pronto un vacío real en el mercado: los huéspedes no querían solo acceso a aeronaves. Querían a alguien que pensara en todo lo demás.",وفي الوقت نفسه، بدأ الأصدقاء وشركاء العمل وأفراد شبكة مؤسسنا يطلبون مساعدته في ترتيب رحلاتهم وإدارة سفرهم. وما بدأ كمساعدة للآخرين كشف سريعًا عن فجوة حقيقية في السوق — فالضيوف لم يريدوا مجرد الوصول إلى الطائرات، بل أرادوا من يفكر في كل ما عداها.
pages,The car already waiting outside their home,La voiture qui les attend déjà devant chez eux,El coche ya esperando frente a su casa,السيارة التي تنتظرهم أمام منازلهم
pages,The preferred scent inside the vehicle,Le parfum préféré dans le véhicule,El aroma preferido dentro del vehículo,العطر المفضّل داخل السيارة
pages,Their favourite music already playing,Leur musique préférée déjà en cours de lecture,Su música favorita ya sonando,موسيقاهم المفضلة تعمل بالفعل
pages,The preferred meal waiting onboard — not a standard menu,Le repas préféré qui attend à bord — pas un menu standard,"La comida preferida esperando a bordo, no un menú estándar",الوجبة المفضّلة بانتظارهم على متن الطائرة — لا قائمة قياسية
pages,The details handled before they ever needed to ask,Les détails réglés avant même qu’ils aient eu besoin de demander,Los detalles resueltos antes de que tuvieran que pedirlos,التفاصيل تُنجز قبل أن يضطروا إلى طلبها
pages,Five More Details,Cinq détails de plus,Cinco detalles más,خمسة تفاصيل أخرى
pages,"The flowers, refreshments, and atmosphere that made it feel personal","Les fleurs, les rafraîchissements et l’ambiance qui rendaient le moment personnel","Las flores, los refrigerios y el ambiente que lo hacían sentir personal",الزهور والمرطبات والأجواء التي منحت الرحلة طابعًا شخصيًا
pages,The chauffeur waiting on arrival,Le chauffeur qui attend à l’arrivée,El chófer esperando a la llegada,السائق في انتظارهم عند الوصول
pages,The hotel already prepared before they arrived,L’hôtel déjà prêt avant leur arrivée,El hotel ya preparado antes de su llegada,الفندق جاهز قبل وصولهم
pages,A fresh shirt waiting in the room before an important meeting,Une chemise fraîche qui les attend dans la chambre avant un rendez-vous important,Una camisa limpia esperando en la habitación antes de una reunión importante,قميص جديد بانتظارهم في الغرفة قبل اجتماع مهم
pages,"The restaurant reservation, already secured","La réservation au restaurant, déjà confirmée","La reserva del restaurante, ya asegurada",حجز المطعم مؤمَّن مسبقًا
pages,That philosophy became Jettset — built around the belief that true luxury isn't about more choices. It's about fewer decisions.,Cette philosophie est devenue Jettset — bâtie sur la conviction que le vrai luxe n’est pas d’avoir plus de choix. C’est d’avoir moins de décisions à prendre.,"Esa filosofía se convirtió en Jettset, construida sobre la convicción de que el verdadero lujo no consiste en tener más opciones, sino en tomar menos decisiones.",أصبحت تلك الفلسفة Jettset — مبنية على الإيمان بأن الفخامة الحقيقية ليست في كثرة الخيارات، بل في قلة القرارات.
pages,"Today, Jettset combines private aviation with concierge and lifestyle management to create seamless, end-to-end journeys for guests across the world — from charter and helicopter transfers to luxury accommodation, exclusive experiences, security, ground transportation, and bespoke requests of every kind. Every detail is curated around the individual.","Aujourd’hui, Jettset associe l’aviation privée à la conciergerie et à la gestion du style de vie pour créer des voyages fluides, de bout en bout, pour des invités du monde entier — de l’affrètement et des transferts en hélicoptère à l’hébergement de luxe, aux expériences exclusives, à la sécurité, au transport terrestre et aux demandes sur mesure de toute nature. Chaque détail est pensé autour de la personne.","Hoy, Jettset combina la aviación privada con la conserjería y la gestión del estilo de vida para crear viajes fluidos, de principio a fin, para huéspedes de todo el mundo: del chárter y los traslados en helicóptero al alojamiento de lujo, las experiencias exclusivas, la seguridad, el transporte terrestre y las peticiones a medida de todo tipo. Cada detalle se cuida en torno a la persona.",اليوم تجمع Jettset بين الطيران الخاص وخدمات الكونسيرج وإدارة نمط الحياة لابتكار رحلات سلسة من البداية إلى النهاية لضيوف من أنحاء العالم — من التأجير والتنقل بالمروحيات إلى الإقامة الفاخرة والتجارب الحصرية والأمن والنقل البري والطلبات المصممة خصيصًا بكل أنواعها. وكل تفصيل يُصاغ حول الفرد.
pages,Built For What's Next,Conçue pour ce qui vient,Hecha para lo que viene,مبنية لما هو قادم
pages,"A new generation of private aviation guests has emerged — entrepreneurs, athletes, artists, creators, founders, global executives. People who move fast, live globally, and expect an experience that reflects who they are. For too long, this generation was underserved by an industry built around traditional models of wealth and legacy guests. Jettset was created for them.","Une nouvelle génération de clients de l’aviation privée est apparue — entrepreneurs, sportifs, artistes, créateurs, fondateurs, dirigeants internationaux. Des personnes qui vont vite, vivent à l’échelle mondiale et attendent une expérience à leur image. Trop longtemps, cette génération a été mal servie par une industrie bâtie sur des modèles traditionnels de richesse et de clientèle héritée. Jettset a été créée pour elle.","Ha surgido una nueva generación de clientes de aviación privada: empresarios, deportistas, artistas, creadores, fundadores, ejecutivos globales. Personas que se mueven rápido, viven globalmente y esperan una experiencia que refleje quiénes son. Durante demasiado tiempo, esta generación estuvo desatendida por una industria construida en torno a modelos tradicionales de riqueza y clientes heredados. Jettset se creó para ella.",برز جيل جديد من ضيوف الطيران الخاص — رواد أعمال ورياضيون وفنانون وصنّاع محتوى ومؤسسون وتنفيذيون عالميون. أشخاص يتحركون بسرعة ويعيشون عالميًا ويتوقعون تجربة تعكس هويتهم. وقد أُهمل هذا الجيل طويلًا من صناعة بُنيت على نماذج تقليدية للثروة وعلى ضيوف موروثين. وقد أُنشئت Jettset لأجلهم.
pages,Because the future of private aviation isn't simply about where you're flying. It's about how you feel from the moment you leave home until the moment you arrive.,Parce que l’avenir de l’aviation privée ne se résume pas à l’endroit où l’on vole. Il tient à ce que l’on ressent depuis le moment où l’on quitte son domicile jusqu’à celui où l’on arrive.,"Porque el futuro de la aviación privada no trata solo de adónde se vuela, sino de cómo se siente uno desde que sale de casa hasta que llega.",لأن مستقبل الطيران الخاص ليس مسألة وجهة الطيران فحسب، بل كيف تشعر منذ لحظة مغادرتك المنزل حتى لحظة وصولك.
pages,Cultural Fluency,Intelligence culturelle,Fluidez cultural,الطلاقة الثقافية
pages,"Understanding, Before Logistics","Comprendre, avant la logistique","Comprender, antes que la logística",الفهم قبل اللوجستيات
pages,Cultural fluency is not a marketing line. It is how Jettset operates.,La fluidité culturelle n’est pas un slogan marketing. C’est la manière dont Jettset fonctionne.,La fluidez cultural no es un eslogan de marketing. Es la forma en que opera Jettset.,الطلاقة الثقافية ليست شعارًا تسويقيًا، بل هي أسلوب عمل Jettset.
pages,"It means understanding people before itineraries. Lifestyles before logistics. Relationships before transactions. A founder preparing for a funding round has different priorities to an athlete travelling between fixtures. An artist on tour moves differently to a family travelling with young children. Each requires a different level of anticipation, discretion, and support — and we're fluent in the difference.","Cela signifie comprendre les personnes avant les itinéraires. Les modes de vie avant la logistique. Les relations avant les transactions. Un fondateur qui prépare une levée de fonds n’a pas les mêmes priorités qu’un sportif qui enchaîne les rencontres. Un artiste en tournée ne se déplace pas comme une famille avec de jeunes enfants. Chacun exige un niveau différent d’anticipation, de discrétion et de soutien — et nous maîtrisons la différence.","Significa entender a las personas antes que los itinerarios. Los estilos de vida antes que la logística. Las relaciones antes que las transacciones. Un fundador que se prepara para una ronda de financiación tiene prioridades distintas a las de un deportista que viaja entre partidos. Un artista de gira se mueve de forma distinta a una familia con niños pequeños. Cada caso exige un nivel diferente de anticipación, discreción y apoyo, y nosotros dominamos esa diferencia.",يعني ذلك فهم الأشخاص قبل خطوط السير، وأنماط الحياة قبل اللوجستيات، والعلاقات قبل المعاملات. فمؤسس يستعد لجولة تمويل له أولويات مختلفة عن رياضي ينتقل بين المباريات، وفنان في جولة يتحرك على نحو مختلف عن عائلة معها أطفال صغار. وكل حالة تتطلب مستوى مختلفًا من الاستباق والتكتّم والدعم — ونحن نتقن هذا الفارق.
pages,Traditional private aviation has always been exceptional at moving aircraft. Jettset is exceptional at moving people.,L’aviation privée traditionnelle a toujours excellé à déplacer des appareils. Jettset excelle à déplacer des personnes.,La aviación privada tradicional siempre ha sido excepcional moviendo aeronaves. Jettset es excepcional moviendo personas.,برع الطيران الخاص التقليدي دائمًا في تحريك الطائرات، أما Jettset فتبرع في تحريك الناس.
pages,Luxury is no longer defined by wealth alone. Luxury is being understood without needing to explain yourself.,"Le luxe ne se définit plus par la seule richesse. Le luxe, c’est d’être compris sans avoir à s’expliquer.",El lujo ya no se define solo por la riqueza. El lujo es que le entiendan sin tener que explicarse.,لم تعد الفخامة تُعرَّف بالثروة وحدها. الفخامة أن تُفهَم دون أن تضطر إلى الشرح.
pages,To give successful people the ultimate luxury: time.,Offrir aux personnes qui réussissent le luxe ultime : le temps.,Ofrecer a las personas de éxito el lujo definitivo: el tiempo.,منح أصحاب النجاح أرقى أشكال الفخامة: الوقت.
pages,"Through private aviation, elite concierge, curated access, and an unreasonable attention to detail, Jettset becomes the trusted partner behind extraordinary lives — not just the company that books the flight.","Grâce à l’aviation privée, à une conciergerie d’élite, à un accès sélectionné et à une attention aux détails déraisonnable, Jettset devient le partenaire de confiance derrière des vies extraordinaires — pas seulement l’entreprise qui réserve le vol.","Mediante la aviación privada, una conserjería de élite, un acceso seleccionado y una atención al detalle fuera de lo razonable, Jettset se convierte en el socio de confianza detrás de vidas extraordinarias, y no solo en la empresa que reserva el vuelo.",عبر الطيران الخاص وخدمات الكونسيرج النخبوية والوصول المنتقى واهتمام لا يعرف الحدود بالتفاصيل، تصبح Jettset الشريك الموثوق وراء حياة استثنائية — لا مجرد الشركة التي تحجز الرحلة.
pages,Every House in this category owns something real. Jettset owns Cultural Fluency — the one thing the next generation of wealth is actually looking for.,Chaque Maison de cette catégorie possède quelque chose de réel. Jettset possède la fluidité culturelle — la seule chose que recherche réellement la prochaine génération de fortunes.,Cada Casa de esta categoría posee algo real. Jettset posee la fluidez cultural: lo único que busca realmente la próxima generación de riqueza.,تمتلك كل دار في هذه الفئة شيئًا حقيقيًا. وتمتلك Jettset الطلاقة الثقافية — الشيء الوحيد الذي يبحث عنه جيل الثروة القادم فعلًا.
pages,In Good Company,En bonne compagnie,En buena compañía,في صحبة طيبة
pages,A Curated Network,Un réseau sélectionné,Una red seleccionada,شبكة منتقاة
pages,"Jettset's access is built on relationships, not directories. Every partnership here is confirmed, not aspirational.","L’accès de Jettset repose sur des relations, non sur des annuaires. Chaque partenariat présenté ici est confirmé, pas aspirationnel.","El acceso de Jettset se basa en relaciones, no en directorios. Cada alianza que se muestra aquí está confirmada, no es una aspiración.",يقوم وصول Jettset على العلاقات لا على الأدلة. وكل شراكة هنا مؤكَّدة وليست مجرد طموح.
pages,Event & Network Partner,Partenaire événement et réseau,Socio de eventos y red,شريك الفعاليات والشبكة
pages,"Official Private Transportation Sponsor for Jets & Capital Atlanta — an invite-only event series uniting family offices, investors, and UHNW principals in private jet hangars across the country.","Sponsor officiel du transport privé de Jets & Capital Atlanta — une série d’événements sur invitation réunissant family offices, investisseurs et dirigeants UHNW dans des hangars de jets privés à travers le pays.","Patrocinador oficial de transporte privado de Jets & Capital Atlanta, una serie de eventos solo por invitación que reúne a family offices, inversores y principales de patrimonio ultraalto en hangares de jets privados de todo el país.",الراعي الرسمي للنقل الخاص في Jets & Capital Atlanta — سلسلة فعاليات بالدعوة فقط تجمع المكاتب العائلية والمستثمرين وأصحاب الثروات الفائقة في حظائر الطائرات الخاصة في أنحاء البلاد.
pages,"Jettset provides luxury ground transportation across the full event weekend — airport transfers, private dinners, meetings, and concierge transport for attendees.","Jettset assure le transport terrestre de luxe pendant tout le week-end de l’événement — transferts aéroport, dîners privés, réunions et transport de conciergerie pour les participants.","Jettset proporciona transporte terrestre de lujo durante todo el fin de semana del evento: traslados al aeropuerto, cenas privadas, reuniones y transporte de conserjería para los asistentes.",توفّر Jettset النقل البري الفاخر طوال عطلة الفعالية — التنقل من المطارات وإليها والعشاء الخاص والاجتماعات ونقل الكونسيرج للحضور.
pages,Payments Partner,Partenaire de paiement,Socio de pagos,شريك المدفوعات
pages,"Jettset now accepts cryptocurrency, powered by MoonPay — Bitcoin, Ethereum, and other major currencies, alongside traditional payment methods.","Jettset accepte désormais les cryptomonnaies, grâce à MoonPay — Bitcoin, Ethereum et d’autres devises majeures, en plus des moyens de paiement traditionnels.","Jettset acepta ahora criptomonedas, con tecnología de MoonPay: Bitcoin, Ethereum y otras divisas principales, además de los métodos de pago tradicionales.",تقبل Jettset الآن العملات المشفّرة بدعم من MoonPay — بيتكوين وإيثيريوم وعملات رئيسية أخرى، إلى جانب وسائل الدفع التقليدية.
pages,"Fly anywhere. Pay any way. Global access, secure payments, and instant transactions for guests who move in digital assets.","Volez partout. Payez comme vous voulez. Accès mondial, paiements sécurisés et transactions instantanées pour les invités qui évoluent dans les actifs numériques.","Vuele a cualquier parte. Pague como quiera. Acceso global, pagos seguros y transacciones instantáneas para huéspedes que se mueven en activos digitales.",حلّق إلى أي مكان. ادفع بأي وسيلة. وصول عالمي ومدفوعات آمنة ومعاملات فورية للضيوف الذين يتعاملون بالأصول الرقمية.
pages,What We Hold To,Ce à quoi nous tenons,A lo que nos atenemos,ما نلتزم به
pages,"Six Values, No Exceptions","Six valeurs, sans exception","Seis valores, sin excepciones",ست قيم دون استثناء
pages,"<span class=""value-name"">Discretion</span> <span class=""value-desc"">Every guest, every journey, every conversation — handled privately. No exposure without permission.</span>","<span class=""value-name"">Discrétion</span> <span class=""value-desc"">Chaque invité, chaque voyage, chaque conversation — traités en privé. Aucune exposition sans autorisation.</span>","<span class=""value-name"">Discreción</span> <span class=""value-desc"">Cada huésped, cada viaje, cada conversación, gestionados en privado. Ninguna exposición sin permiso.</span>","<span class=""value-name"">التكتّم</span> <span class=""value-desc"">كل ضيف وكل رحلة وكل حديث — يُعامل بخصوصية. لا ظهور علني دون إذن.</span>"
pages,Discretion,Discrétion,Discreción,التكتّم
pages,"Every guest, every journey, every conversation — handled privately. No exposure without permission.","Chaque invité, chaque voyage, chaque conversation — traités en privé. Aucune exposition sans autorisation.","Cada huésped, cada viaje, cada conversación, gestionados en privado. Ninguna exposición sin permiso.",كل ضيف وكل رحلة وكل حديث — يُعامل بخصوصية. لا ظهور علني دون إذن.
pages,"<span class=""value-name"">Access</span> <span class=""value-desc"">Our value is relationships, and the doors others cannot open.</span>","<span class=""value-name"">Accès</span> <span class=""value-desc"">Notre valeur, ce sont les relations et les portes que d’autres ne peuvent pas ouvrir.</span>","<span class=""value-name"">Acceso</span> <span class=""value-desc"">Nuestro valor son las relaciones y las puertas que otros no pueden abrir.</span>","<span class=""value-name"">الوصول</span> <span class=""value-desc"">قيمتنا هي العلاقات والأبواب التي لا يستطيع غيرنا فتحها.</span>"
pages,Access,Accès,Acceso,الوصول
pages,"Our value is relationships, and the doors others cannot open.","Notre valeur, ce sont les relations et les portes que d’autres ne peuvent pas ouvrir.",Nuestro valor son las relaciones y las puertas que otros no pueden abrir.,قيمتنا هي العلاقات والأبواب التي لا يستطيع غيرنا فتحها.
pages,"<span class=""value-name"">Excellence</span> <span class=""value-desc"">Luxury lives in the details. No detail is too small to get right.</span>","<span class=""value-name"">Excellence</span> <span class=""value-desc"">Le luxe réside dans les détails. Aucun détail n’est trop petit pour être réussi.</span>","<span class=""value-name"">Excelencia</span> <span class=""value-desc"">El lujo está en los detalles. Ningún detalle es demasiado pequeño para hacerlo bien.</span>","<span class=""value-name"">التميّز</span> <span class=""value-desc"">الفخامة تسكن التفاصيل. ما من تفصيل أصغر من أن يُتقَن.</span>"
pages,Excellence,Excellence,Excelencia,التميّز
pages,Luxury lives in the details. No detail is too small to get right.,Le luxe réside dans les détails. Aucun détail n’est trop petit pour être réussi.,El lujo está en los detalles. Ningún detalle es demasiado pequeño para hacerlo bien.,الفخامة تسكن التفاصيل. ما من تفصيل أصغر من أن يُتقَن.
pages,"<span class=""value-name"">Speed</span> <span class=""value-desc"">Our guests expect solutions, not explanations. We move fast.</span>","<span class=""value-name"">Rapidité</span> <span class=""value-desc"">Nos invités attendent des solutions, pas des explications. Nous allons vite.</span>","<span class=""value-name"">Rapidez</span> <span class=""value-desc"">Nuestros huéspedes esperan soluciones, no explicaciones. Nos movemos rápido.</span>","<span class=""value-name"">السرعة</span> <span class=""value-desc"">ضيوفنا يتوقعون حلولًا لا تفسيرات. نتحرك بسرعة.</span>"
pages,Speed,Rapidité,Rapidez,السرعة
pages,"Our guests expect solutions, not explanations. We move fast.","Nos invités attendent des solutions, pas des explications. Nous allons vite.","Nuestros huéspedes esperan soluciones, no explicaciones. Nos movemos rápido.",ضيوفنا يتوقعون حلولًا لا تفسيرات. نتحرك بسرعة.
pages,"<span class=""value-name"">Trust</span> <span class=""value-desc"">Long-term relationships over transactions. Always.</span>","<span class=""value-name"">Confiance</span> <span class=""value-desc"">Des relations durables plutôt que des transactions. Toujours.</span>","<span class=""value-name"">Confianza</span> <span class=""value-desc"">Relaciones a largo plazo por encima de las transacciones. Siempre.</span>","<span class=""value-name"">الثقة</span> <span class=""value-desc"">علاقات طويلة الأمد قبل المعاملات. دائمًا.</span>"
pages,Long-term relationships over transactions. Always.,Des relations durables plutôt que des transactions. Toujours.,Relaciones a largo plazo por encima de las transacciones. Siempre.,علاقات طويلة الأمد قبل المعاملات. دائمًا.
pages,"<span class=""value-name"">Culture</span> <span class=""value-desc"">We are fluent in the worlds our guests inhabit — sport, music, fashion, business.</span>","<span class=""value-name"">Culture</span> <span class=""value-desc"">Nous maîtrisons les univers de nos invités — sport, musique, mode, affaires.</span>","<span class=""value-name"">Cultura</span> <span class=""value-desc"">Dominamos los mundos que habitan nuestros huéspedes: deporte, música, moda, negocios.</span>","<span class=""value-name"">الثقافة</span> <span class=""value-desc"">نتقن العوالم التي يعيش فيها ضيوفنا — الرياضة والموسيقى والموضة والأعمال.</span>"
pages,"We are fluent in the worlds our guests inhabit — sport, music, fashion, business.","Nous maîtrisons les univers de nos invités — sport, musique, mode, affaires.","Dominamos los mundos que habitan nuestros huéspedes: deporte, música, moda, negocios.",نتقن العوالم التي يعيش فيها ضيوفنا — الرياضة والموسيقى والموضة والأعمال.
pages,The House's Own Story,L’histoire de la Maison,La historia propia de la Casa,قصة الدار نفسها
pages,"The philosophy behind Jettset, in full — read the manifesto.","La philosophie de Jettset, en entier — lisez le manifeste.","La filosofía que hay detrás de Jettset, completa: lea el manifiesto.",الفلسفة الكاملة وراء Jettset — اقرأ البيان.
pages,Trust & Safety,Confiance et sécurité,Confianza y seguridad,الثقة والسلامة
pages,"How We Vet, How We Protect","Comment nous sélectionnons, comment nous protégeons","Cómo evaluamos, cómo protegemos",كيف نتحقق وكيف نحمي
pages,"Operator standards, data handling, and the guarantees behind every journey.","Normes applicables aux opérateurs, traitement des données et garanties derrière chaque voyage.","Estándares de operadores, tratamiento de datos y las garantías detrás de cada viaje.",معايير المشغّلين ومعالجة البيانات والضمانات التي تقف وراء كل رحلة.
pages,About | Jettset Global,À propos | Jettset Global,Acerca de | Jettset Global,من نحن | Jettset Global
pages,"For urgent flight requests, please contact our team directly — <a href=""tel:+448005999888"">+44 800 5 999 888</a> or <a href=""https://wa.me/447378111111"">WhatsApp +44 7378 111 111</a>.","Pour les demandes de vol urgentes, contactez directement notre équipe — <a href=""tel:+448005999888"">+44 800 5 999 888</a> ou <a href=""https://wa.me/447378111111"">WhatsApp +44 7378 111 111</a>.","Para solicitudes de vuelo urgentes, póngase en contacto directamente con nuestro equipo: <a href=""tel:+448005999888"">+44 800 5 999 888</a> o <a href=""https://wa.me/447378111111"">WhatsApp +44 7378 111 111</a>.","للطلبات العاجلة للرحلات، يُرجى التواصل مع فريقنا مباشرةً — <a href=""tel:+448005999888"">+44 800 5 999 888</a> أو <a href=""https://wa.me/447378111111"">واتساب +44 7378 111 111</a>."
pages,WhatsApp +44 7378 111 111,WhatsApp +44 7378 111 111,WhatsApp +44 7378 111 111,واتساب +44 7378 111 111
pages,"Looking to charter a specific journey? <a href=""https://jettsetglobal.com/quote.html"" style=""color:var(--gold); text-decoration:underline;"">Begin Your Journey</a> takes flight details directly. For urgent requests — <a href=""tel:+448005999888"">+44 800 5 999 888</a> or <a href=""https://wa.me/447378111111"">WhatsApp +44 7378 111 111</a>.","Vous souhaitez affréter un voyage précis ? <a href=""https://jettsetglobal.com/quote.html"" style=""color:var(--gold); text-decoration:underline;"">Commencez votre voyage</a> recueille directement les détails du vol. Pour les demandes urgentes — <a href=""tel:+448005999888"">+44 800 5 999 888</a> ou <a href=""https://wa.me/447378111111"">WhatsApp +44 7378 111 111</a>.","¿Desea fletar un viaje concreto? <a href=""https://jettsetglobal.com/quote.html"" style=""color:var(--gold); text-decoration:underline;"">Comience su viaje</a> recoge directamente los datos del vuelo. Para solicitudes urgentes: <a href=""tel:+448005999888"">+44 800 5 999 888</a> o <a href=""https://wa.me/447378111111"">WhatsApp +44 7378 111 111</a>.","هل تريد استئجار رحلة محددة؟ <a href=""https://jettsetglobal.com/quote.html"" style=""color:var(--gold); text-decoration:underline;"">ابدأ رحلتك</a> تتلقى تفاصيل الرحلة مباشرةً. وللطلبات العاجلة — <a href=""tel:+448005999888"">+44 800 5 999 888</a> أو <a href=""https://wa.me/447378111111"">واتساب +44 7378 111 111</a>."
pages,"<a href=""/#culture-calendar"">The Global Culture Calendar</a> <span aria-hidden=""true"">/</span> <span>Paris</span>","<a href=""/#culture-calendar"">Le calendrier mondial de la culture</a> <span aria-hidden=""true"">/</span> <span>Paris</span>","<a href=""/#culture-calendar"">El Calendario Cultural Global</a> <span aria-hidden=""true"">/</span> <span>París</span>","<a href=""/#culture-calendar"">التقويم الثقافي العالمي</a> <span aria-hidden=""true"">/</span> <span>باريس</span>"
pages,Paris,Paris,París,باريس
pages,"<time datetime=""2026-10-23"">23–25 October 2026</time><br>Paris, France · Grand Palais","<time datetime=""2026-10-23"">23–25 octobre 2026</time><br>Paris, France · Grand Palais","<time datetime=""2026-10-23"">23–25 de octubre de 2026</time><br>París, Francia · Grand Palais","<time datetime=""2026-10-23"">23–25 أكتوبر 2026</time><br>باريس، فرنسا · Grand Palais"
pages,23–25 October 2026,23–25 octobre 2026,23–25 de octubre de 2026,23–25 أكتوبر 2026
pages,"Paris, France · Grand Palais","Paris, France · Grand Palais","París, Francia · Grand Palais",باريس، فرنسا · Grand Palais
pages,"Art Basel Paris fills the Grand Palais for the autumn art calendar's busiest weekend in the city, and its influence spreads well beyond the fair: gallery openings, institutional shows and private dinners all cluster around it.","Art Basel Paris investit le Grand Palais lors du week-end le plus chargé de la saison artistique d’automne dans la ville, et son influence dépasse largement la foire : vernissages de galeries, expositions institutionnelles et dîners privés s’organisent tous autour d’elle.","Art Basel Paris llena el Grand Palais en el fin de semana más intenso del calendario artístico de otoño en la ciudad, y su influencia se extiende mucho más allá de la feria: inauguraciones de galerías, exposiciones institucionales y cenas privadas se agrupan a su alrededor.",تملأ Art Basel Paris قصر الغران باليه في أكثر عطلات الأسبوع ازدحامًا في تقويم الفن الخريفي بالمدينة، ويمتد تأثيرها إلى ما هو أبعد من المعرض: افتتاحات المعارض والعروض المؤسسية والعشاء الخاص كلها تتجمع حولها.
pages,"For travellers, the main question is timing. Invitation previews come before the public days, and the weekend is crowded, so deciding when you need to be in Paris, and where you will base yourself, is the useful first step.","Pour les voyageurs, la question principale est celle du calendrier. Les avant-premières sur invitation précèdent les jours publics et le week-end est très fréquenté : décider quand vous devez être à Paris, et où vous séjournerez, est la première étape utile.","Para los viajeros, la cuestión principal es el momento. Las previsualizaciones por invitación preceden a los días públicos y el fin de semana está muy concurrido, por lo que decidir cuándo necesita estar en París y dónde se alojará es el primer paso útil.",بالنسبة إلى المسافرين، السؤال الرئيسي هو التوقيت. تسبق المعاينات بالدعوة الأيام العامة، والعطلة مزدحمة، لذا فإن أول خطوة مفيدة هي تحديد موعد حاجتك إلى التواجد في باريس والمكان الذي ستقيم فيه.
pages,"The organiser lists Art Basel Paris for 23–25 October 2026. Preview days, opening hours and ticketing are set by Art Basel, so check the official page for the current schedule.","L’organisateur annonce Art Basel Paris du 23 au 25 octobre 2026. Les jours d’avant-première, les horaires d’ouverture et la billetterie sont fixés par Art Basel : consultez la page officielle pour le programme à jour.","El organizador anuncia Art Basel Paris del 23 al 25 de octubre de 2026. Los días de previsualización, los horarios de apertura y la venta de entradas los fija Art Basel, así que consulte la página oficial para ver el calendario vigente.",يُعلن المنظّم عن Art Basel Paris من 23 إلى 25 أكتوبر 2026. تحدد Art Basel أيام المعاينة وساعات العمل والتذاكر، فراجع الصفحة الرسمية للاطلاع على الجدول الحالي.
pages,Overlap with Asia Now,Chevauchement avec Asia Now,Coincidencia con Asia Now,التداخل مع Asia Now
pages,"Asia Now is listed for 20–24 October 2026 at the Monnaie de Paris, so the two fairs overlap on 23 and 24 October.",Asia Now est annoncée du 20 au 24 octobre 2026 à la Monnaie de Paris ; les deux foires se chevauchent donc les 23 et 24 octobre.,"Asia Now figura del 20 al 24 de octubre de 2026 en la Monnaie de Paris, por lo que las dos ferias coinciden los días 23 y 24 de octubre.",أُعلنت Asia Now من 20 إلى 24 أكتوبر 2026 في Monnaie de Paris، لذا يتداخل المعرضان يومي 23 و24 أكتوبر.
pages,Paris Le Bourget is the airport most associated with business aviation for the city and is one of the airports we plan with. We confirm the best arrival airport for your aircraft and schedule when we plan your journey.,Paris-Le Bourget est l’aéroport le plus associé à l’aviation d’affaires pour la ville et l’un des aéroports avec lesquels nous travaillons. Nous confirmons le meilleur aéroport d’arrivée pour votre appareil et votre calendrier lors de la préparation de votre voyage.,París-Le Bourget es el aeropuerto más asociado a la aviación de negocios en la ciudad y uno de los aeropuertos con los que planificamos. Confirmamos el mejor aeropuerto de llegada para su aeronave y su calendario al planificar su viaje.,مطار باريس لو بورجيه هو الأكثر ارتباطًا بطيران الأعمال في المدينة وأحد المطارات التي نخطط معها. ونؤكد أنسب مطار وصول لطائرتك وجدولك عند تخطيط رحلتك.
pages,Airports we plan with for Paris,Aéroports avec lesquels nous travaillons pour Paris,Aeropuertos con los que planificamos para París,المطارات التي نخطط معها لرحلات باريس
pages,"Programme, access and ticketing are managed by the organiser. For the latest details, go to <a class=""ce-link"" href=""https://www.artbasel.com/paris"" target=""_blank"" rel=""noopener noreferrer"">Art Basel’s official information<span aria-hidden=""true""> ↗</span></a>.","Le programme, l’accès et la billetterie sont gérés par l’organisateur. Pour les informations les plus récentes, consultez <a class=""ce-link"" href=""https://www.artbasel.com/paris"" target=""_blank"" rel=""noopener noreferrer"">les informations officielles d’Art Basel<span aria-hidden=""true""> ↗</span></a>.","El programa, el acceso y la venta de entradas los gestiona el organizador. Para conocer los últimos detalles, consulte <a class=""ce-link"" href=""https://www.artbasel.com/paris"" target=""_blank"" rel=""noopener noreferrer"">la información oficial de Art Basel<span aria-hidden=""true""> ↗</span></a>.","يتولى المنظّم إدارة البرنامج والدخول والتذاكر. وللاطلاع على أحدث التفاصيل، انتقل إلى <a class=""ce-link"" href=""https://www.artbasel.com/paris"" target=""_blank"" rel=""noopener noreferrer"">المعلومات الرسمية لـ Art Basel<span aria-hidden=""true""> ↗</span></a>."
pages,"Art Basel’s official information<span aria-hidden=""true""> ↗</span>","les informations officielles d’Art Basel<span aria-hidden=""true""> ↗</span>","la información oficial de Art Basel<span aria-hidden=""true""> ↗</span>","المعلومات الرسمية لـ Art Basel<span aria-hidden=""true""> ↗</span>"
pages,Art Basel’s official information,Les informations officielles d’Art Basel,La información oficial de Art Basel,المعلومات الرسمية لـ Art Basel
pages,"<a class=""ce-cta"" id=""cePlan"" href=""/quote"" data-city=""Paris"" data-note=""Event: Art Basel Paris, Paris (23–25 October 2026)"">Plan Your Journey <span aria-hidden=""true"">↗</span></a>","<a class=""ce-cta"" id=""cePlan"" href=""/quote"" data-city=""Paris"" data-note=""Event: Art Basel Paris, Paris (23–25 October 2026)"">Préparer votre voyage <span aria-hidden=""true"">↗</span></a>","<a class=""ce-cta"" id=""cePlan"" href=""/quote"" data-city=""Paris"" data-note=""Event: Art Basel Paris, Paris (23–25 October 2026)"">Planifique su viaje <span aria-hidden=""true"">↗</span></a>","<a class=""ce-cta"" id=""cePlan"" href=""/quote"" data-city=""Paris"" data-note=""Event: Art Basel Paris, Paris (23–25 October 2026)"">خطّط لرحلتك <span aria-hidden=""true"">↗</span></a>"
pages,"Jettset is not affiliated with Art Basel, is not an official partner of the event, and does not sell tickets or provide access to it. This page is Jettset’s own planning guide.","Jettset n’est pas affiliée à Art Basel, n’est pas partenaire officiel de l’événement, ne vend pas de billets et ne donne pas accès à l’événement. Cette page est le guide de préparation propre à Jettset.","Jettset no está afiliada a Art Basel, no es socio oficial del evento y no vende entradas ni ofrece acceso al mismo. Esta página es la guía de planificación propia de Jettset.",Jettset غير تابعة لـ Art Basel وليست شريكًا رسميًا للحدث، ولا تبيع التذاكر ولا توفّر الدخول إليه. هذه الصفحة هي دليل التخطيط الخاص بـ Jettset.
pages,"Art Basel Paris 2026, Paris | The Global Culture Calendar | Jettset Global","Art Basel Paris 2026, Paris | Le calendrier mondial de la culture | Jettset Global","Art Basel Paris 2026, París | El Calendario Cultural Global | Jettset Global",Art Basel Paris 2026، باريس | التقويم الثقافي العالمي | Jettset Global
pages,"Art Basel Paris, Paris, 23–25 October 2026. A Jettset guide to planning your journey: timing, airports and what to confirm with the organiser.","Art Basel Paris, Paris, 23–25 octobre 2026. Un guide Jettset pour préparer votre voyage : calendrier, aéroports et points à confirmer auprès de l’organisateur.","Art Basel Paris, París, 23–25 de octubre de 2026. Una guía de Jettset para planificar su viaje: fechas, aeropuertos y qué confirmar con el organizador.",Art Basel Paris، باريس، 23–25 أكتوبر 2026. دليل من Jettset لتخطيط رحلتك: التوقيت والمطارات وما ينبغي تأكيده مع المنظّم.
pages,Clarity,Clarté,Claridad,الوضوح
pages,"Symmetrical view of a private jet's nose landing gear bay, Jettset Global Legs regional charter","Vue symétrique de la baie du train d’atterrissage avant d’un jet privé, affrètement régional Jettset Global Legs","Vista simétrica del alojamiento del tren de aterrizaje de morro de un jet privado, chárter regional Jettset Global Legs",منظر متماثل لحجرة عجلة الهبوط الأمامية في طائرة خاصة، تأجير إقليمي Jettset Global Legs
pages,Members Only,Réservé aux membres,Solo para miembros,للأعضاء فقط
pages,03 — Membership,03 — Adhésion,03 — Membresía,03 — العضوية
pages,"Empty leg journeys, surfaced to those who can move on short notice. A members-only window into live aircraft repositioning — at operator price.","Des trajets à vide, proposés à ceux qui peuvent partir à court terme. Une fenêtre réservée aux membres sur les repositionnements d’appareils en cours — au prix opérateur.","Viajes de retorno en vacío, ofrecidos a quienes pueden moverse con poco preaviso. Una ventana solo para miembros a los reposicionamientos de aeronaves en curso, a precio de operador.",رحلات العودة الفارغة تُعرض على من يستطيعون التحرك بإشعار قصير. نافذة حصرية للأعضاء على إعادة تموضع الطائرات الجارية — بسعر المشغّل.
pages,"<span class=""legs-live-dot""></span> <span class=""legs-ticker-label"">Live Opportunities — Sample Routes</span>","<span class=""legs-live-dot""></span> <span class=""legs-ticker-label"">Opportunités en direct — itinéraires d’exemple</span>","<span class=""legs-live-dot""></span> <span class=""legs-ticker-label"">Oportunidades en directo — rutas de ejemplo</span>","<span class=""legs-live-dot""></span> <span class=""legs-ticker-label"">فرص مباشرة — مسارات توضيحية</span>"
pages,Live Opportunities — Sample Routes,Opportunités en direct — itinéraires d’exemple,Oportunidades en directo — rutas de ejemplo,فرص مباشرة — مسارات توضيحية
pages,"<span>Midsize Jet</span><span class=""legs-ticker-price"">~45% below charter rate</span>","<span>Jet intermédiaire</span><span class=""legs-ticker-price"">~45 % sous le tarif d’affrètement</span>","<span>Jet medio</span><span class=""legs-ticker-price"">~45 % por debajo de la tarifa de chárter</span>","<span>طائرة متوسطة</span><span class=""legs-ticker-price"">~45% أقل من سعر التأجير</span>"
pages,~45% below charter rate,~45 % sous le tarif d’affrètement,~45 % por debajo de la tarifa de chárter,~45% أقل من سعر التأجير
pages,"Departs today, 18:40","Départ aujourd’hui, 18 h 40","Sale hoy, 18:40",المغادرة اليوم، 18:40
pages,"<span>Heavy Jet</span><span class=""legs-ticker-price"">~38% below charter rate</span>","<span>Gros porteur</span><span class=""legs-ticker-price"">~38 % sous le tarif d’affrètement</span>","<span>Jet grande</span><span class=""legs-ticker-price"">~38 % por debajo de la tarifa de chárter</span>","<span>طائرة كبيرة</span><span class=""legs-ticker-price"">~38% أقل من سعر التأجير</span>"
pages,~38% below charter rate,~38 % sous le tarif d’affrètement,~38 % por debajo de la tarifa de chárter,~38% أقل من سعر التأجير
pages,"Departs tomorrow, AM",Départ demain matin,Sale mañana por la mañana,المغادرة غدًا صباحًا
pages,Time-Sensitive,Urgent,Urgente,عاجل
pages,"<span>Light Jet</span><span class=""legs-ticker-price"">~50% below charter rate</span>","<span>Jet léger</span><span class=""legs-ticker-price"">~50 % sous le tarif d’affrètement</span>","<span>Jet ligero</span><span class=""legs-ticker-price"">~50 % por debajo de la tarifa de chárter</span>","<span>طائرة خفيفة</span><span class=""legs-ticker-price"">~50% أقل من سعر التأجير</span>"
pages,~50% below charter rate,~50 % sous le tarif d’affrètement,~50 % por debajo de la tarifa de chárter,~50% أقل من سعر التأجير
pages,"Departs today, 21:15","Départ aujourd’hui, 21 h 15","Sale hoy, 21:15",المغادرة اليوم، 21:15
pages,"<span>Midsize Jet</span><span class=""legs-ticker-price"">~40% below charter rate</span>","<span>Jet intermédiaire</span><span class=""legs-ticker-price"">~40 % sous le tarif d’affrètement</span>","<span>Jet medio</span><span class=""legs-ticker-price"">~40 % por debajo de la tarifa de chárter</span>","<span>طائرة متوسطة</span><span class=""legs-ticker-price"">~40% أقل من سعر التأجير</span>"
pages,~40% below charter rate,~40 % sous le tarif d’affrètement,~40 % por debajo de la tarifa de chárter,~40% أقل من سعر التأجير
pages,<span>Departs in 3 days</span>,<span>Départ dans 3 jours</span>,<span>Sale en 3 días</span>,<span>المغادرة بعد 3 أيام</span>
pages,Departs in 3 days,Départ dans 3 jours,Sale en 3 días,المغادرة بعد 3 أيام
pages,Flexible Window,Fenêtre flexible,Ventana flexible,نافذة مرنة
pages,"<span>Super-Midsize</span><span class=""legs-ticker-price"">~35% below charter rate</span>","<span>Jet super-intermédiaire</span><span class=""legs-ticker-price"">~35 % sous le tarif d’affrètement</span>","<span>Jet superintermedio</span><span class=""legs-ticker-price"">~35 % por debajo de la tarifa de chárter</span>","<span>طائرة متوسطة كبيرة</span><span class=""legs-ticker-price"">~35% أقل من سعر التأجير</span>"
pages,Super-Midsize,Jet super-intermédiaire,Jet superintermedio,طائرة متوسطة كبيرة
pages,~35% below charter rate,~35 % sous le tarif d’affrètement,~35 % por debajo de la tarifa de chárter,~35% أقل من سعر التأجير
pages,"Departs tomorrow, PM",Départ demain après-midi,Sale mañana por la tarde,المغادرة غدًا مساءً
pages,"<span>Light Jet</span><span class=""legs-ticker-price"">~48% below charter rate</span>","<span>Jet léger</span><span class=""legs-ticker-price"">~48 % sous le tarif d’affrètement</span>","<span>Jet ligero</span><span class=""legs-ticker-price"">~48 % por debajo de la tarifa de chárter</span>","<span>طائرة خفيفة</span><span class=""legs-ticker-price"">~48% أقل من سعر التأجير</span>"
pages,~48% below charter rate,~48 % sous le tarif d’affrètement,~48 % por debajo de la tarifa de chárter,~48% أقل من سعر التأجير
pages,"Departs today, 16:00","Départ aujourd’hui, 16 h 00","Sale hoy, 16:00",المغادرة اليوم، 16:00
pages,"<span>Midsize Jet</span><span class=""legs-ticker-price"">~42% below charter rate</span>","<span>Jet intermédiaire</span><span class=""legs-ticker-price"">~42 % sous le tarif d’affrètement</span>","<span>Jet medio</span><span class=""legs-ticker-price"">~42 % por debajo de la tarifa de chárter</span>","<span>طائرة متوسطة</span><span class=""legs-ticker-price"">~42% أقل من سعر التأجير</span>"
pages,~42% below charter rate,~42 % sous le tarif d’affrètement,~42 % por debajo de la tarifa de chárter,~42% أقل من سعر التأجير
pages,<span>Departs in 2 days</span>,<span>Départ dans 2 jours</span>,<span>Sale en 2 días</span>,<span>المغادرة بعد يومين</span>
pages,Departs in 2 days,Départ dans 2 jours,Sale en 2 días,المغادرة بعد يومين
pages,"<span>Light Jet</span><span class=""legs-ticker-price"">~44% below charter rate</span>","<span>Jet léger</span><span class=""legs-ticker-price"">~44 % sous le tarif d’affrètement</span>","<span>Jet ligero</span><span class=""legs-ticker-price"">~44 % por debajo de la tarifa de chárter</span>","<span>طائرة خفيفة</span><span class=""legs-ticker-price"">~44% أقل من سعر التأجير</span>"
pages,~44% below charter rate,~44 % sous le tarif d’affrètement,~44 % por debajo de la tarifa de chárter,~44% أقل من سعر التأجير
pages,"Departs today, 19:30","Départ aujourd’hui, 19 h 30","Sale hoy, 19:30",المغادرة اليوم، 19:30
pages,"Illustrative examples of the kind of opportunity Legs members see — actual routes, aircraft and pricing depend on live repositioning inventory at the time.","Exemples illustratifs du type d’opportunité que voient les membres Legs — les itinéraires, appareils et tarifs réels dépendent de l’inventaire de repositionnement en direct à ce moment-là.","Ejemplos ilustrativos del tipo de oportunidad que ven los miembros de Legs: las rutas, aeronaves y precios reales dependen del inventario de reposicionamiento disponible en ese momento.",أمثلة توضيحية لنوع الفرص التي يراها أعضاء Legs — أما المسارات والطائرات والأسعار الفعلية فتعتمد على مخزون إعادة التموضع المتاح وقتها.
pages,"When an aircraft needs to reposition without passengers, the empty sector may become available at a significantly reduced rate. Legs gives Jettset members privileged access to those journeys as soon as they enter the market. The route, departure window and aircraft are determined by the underlying flight, so flexibility matters — for members able to move quickly, the opportunity can be exceptional. For guaranteed access on a route and schedule of your choosing, <a href=""charter.html"" style=""color:var(--gold);text-decoration:underline;"">Charter</a> or <a href=""jet-card.html"" style=""color:var(--gold);text-decoration:underline;"">Jet Card</a> remains the more dependable structure.","Lorsqu’un appareil doit se repositionner sans passagers, le tronçon à vide peut être proposé à un tarif nettement réduit. Legs donne aux membres Jettset un accès privilégié à ces trajets dès qu’ils arrivent sur le marché. L’itinéraire, la fenêtre de départ et l’appareil sont déterminés par le vol sous-jacent ; la flexibilité compte donc — pour les membres capables de se décider vite, l’opportunité peut être exceptionnelle. Pour un accès garanti sur l’itinéraire et le calendrier de votre choix, l’<a href=""charter.html"" style=""color:var(--gold);text-decoration:underline;"">affrètement</a> ou la <a href=""jet-card.html"" style=""color:var(--gold);text-decoration:underline;"">Jet Card</a> reste la formule la plus fiable.","Cuando una aeronave necesita reposicionarse sin pasajeros, el tramo vacío puede ofrecerse a una tarifa muy reducida. Legs da a los miembros de Jettset acceso privilegiado a esos viajes en cuanto salen al mercado. La ruta, la ventana de salida y la aeronave las determina el vuelo subyacente, por lo que la flexibilidad importa: para los miembros capaces de moverse rápido, la oportunidad puede ser excepcional. Para un acceso garantizado en la ruta y el calendario que elija, el <a href=""charter.html"" style=""color:var(--gold);text-decoration:underline;"">chárter</a> o la <a href=""jet-card.html"" style=""color:var(--gold);text-decoration:underline;"">Jet Card</a> siguen siendo la estructura más fiable.","عندما تحتاج طائرة إلى إعادة التموضع دون ركاب، قد يُتاح المقطع الفارغ بسعر مخفَّض كثيرًا. وتمنح Legs أعضاء Jettset وصولًا مميزًا إلى هذه الرحلات فور ظهورها في السوق. تُحدَّد المسار ونافذة الإقلاع والطائرة بحسب الرحلة الأساسية، لذا فالمرونة مهمة — وللأعضاء القادرين على التحرك بسرعة قد تكون الفرصة استثنائية. أما للحصول على وصول مضمون على المسار والجدول اللذين تختارهما، فيبقى <a href=""charter.html"" style=""color:var(--gold);text-decoration:underline;"">التأجير</a> أو <a href=""jet-card.html"" style=""color:var(--gold);text-decoration:underline;"">Jet Card</a> الصيغة الأكثر موثوقية."
pages,"When an aircraft needs to reposition without passengers, the empty sector may become available at a significantly reduced rate. Legs gives Jettset members privileged access to those journeys as soon as they enter the market. The route, departure window and aircraft are determined by the underlying flight, so flexibility matters — for members able to move quickly, the opportunity can be exceptional. For guaranteed access on a route and schedule of your choosing,","Lorsqu’un appareil doit se repositionner sans passagers, le tronçon à vide peut être proposé à un tarif nettement réduit. Legs donne aux membres Jettset un accès privilégié à ces trajets dès qu’ils arrivent sur le marché. L’itinéraire, la fenêtre de départ et l’appareil sont déterminés par le vol sous-jacent ; la flexibilité compte donc — pour les membres capables de se décider vite, l’opportunité peut être exceptionnelle. Pour un accès garanti sur l’itinéraire et le calendrier de votre choix, l’","Cuando una aeronave necesita reposicionarse sin pasajeros, el tramo vacío puede ofrecerse a una tarifa muy reducida. Legs da a los miembros de Jettset acceso privilegiado a esos viajes en cuanto salen al mercado. La ruta, la ventana de salida y la aeronave las determina el vuelo subyacente, por lo que la flexibilidad importa: para los miembros capaces de moverse rápido, la oportunidad puede ser excepcional. Para un acceso garantizado en la ruta y el calendario que elija, el",عندما تحتاج طائرة إلى إعادة التموضع دون ركاب، قد يُتاح المقطع الفارغ بسعر مخفَّض كثيرًا. وتمنح Legs أعضاء Jettset وصولًا مميزًا إلى هذه الرحلات فور ظهورها في السوق. تُحدَّد المسار ونافذة الإقلاع والطائرة بحسب الرحلة الأساسية، لذا فالمرونة مهمة — وللأعضاء القادرين على التحرك بسرعة قد تكون الفرصة استثنائية. أما للحصول على وصول مضمون على المسار والجدول اللذين تختارهما، فيبقى
pages,remains the more dependable structure.,reste la formule la plus fiable.,siguen siendo la estructura más fiable.,الصيغة الأكثر موثوقية.
pages,The Member Advantage,L’avantage membre,La ventaja del miembro,ميزة العضو
pages,The Empty-Leg Benefit Stays With The Member,L’avantage du trajet à vide reste au membre,El beneficio del tramo vacío se queda con el miembro,ميزة المقطع الفارغ تبقى للعضو
pages,"Legs is not a public deal board. Access is reserved for Jettset members, and the benefit created by the repositioning journey is passed through to them.","Legs n’est pas un tableau d’offres public. L’accès est réservé aux membres Jettset, et l’avantage créé par le trajet de repositionnement leur est intégralement transmis.","Legs no es un tablón público de ofertas. El acceso está reservado a los miembros de Jettset, y el beneficio que genera el viaje de reposicionamiento se les traslada por completo.",Legs ليست لوحة عروض عامة. الوصول محجوز لأعضاء Jettset، وتنتقل إليهم الميزة الناتجة عن رحلة إعادة التموضع.
pages,Members-Only Inventory,Inventaire réservé aux membres,Inventario solo para miembros,مخزون للأعضاء فقط
pages,"Empty-leg opportunities are surfaced within the Jettset membership environment, rather than promoted as open-market charter.","Les opportunités de trajets à vide sont présentées dans l’espace des membres Jettset, et non promues comme de l’affrètement ouvert au marché.","Las oportunidades de tramos vacíos se muestran dentro del entorno de membresía de Jettset, en lugar de promocionarse como chárter de mercado abierto.",تُعرض فرص المقاطع الفارغة داخل بيئة عضوية Jettset، بدلًا من الترويج لها كتأجير في السوق المفتوحة.
pages,The Full Empty-Leg Saving,Toute l’économie du trajet à vide,Todo el ahorro del tramo vacío,كامل وفر المقطع الفارغ
pages,"The reduced economics of the repositioning sector are reflected in the member price, not converted into standard charter pricing.","L’économie réduite du tronçon de repositionnement se reflète dans le prix membre, au lieu d’être convertie en tarif d’affrètement standard.",La economía reducida del tramo de reposicionamiento se refleja en el precio para el miembro y no se convierte en tarifa de chárter estándar.,ينعكس انخفاض تكلفة مقطع إعادة التموضع في سعر العضو، ولا يُحوَّل إلى تسعير تأجير قياسي.
pages,Early Visibility,Visibilité anticipée,Visibilidad anticipada,رؤية مبكرة
pages,"Members can receive opportunities as soon as they are released, giving the best possible window to respond.","Les membres peuvent recevoir les opportunités dès leur publication, ce qui leur laisse la meilleure fenêtre pour réagir.","Los miembros pueden recibir las oportunidades en cuanto se publican, con la mejor ventana posible para responder.",يمكن للأعضاء تلقي الفرص فور إصدارها، مما يمنحهم أفضل نافذة للرد.
pages,Priority Alerts,Alertes prioritaires,Alertas prioritarias,تنبيهات ذات أولوية
pages,"Route and regional preferences matched to alerts by app, SMS, email or WhatsApp.","Préférences d’itinéraire et de région associées à des alertes par application, SMS, e-mail ou WhatsApp.","Preferencias de ruta y región vinculadas a alertas por aplicación, SMS, correo electrónico o WhatsApp.",تُربط تفضيلات المسار والمنطقة بتنبيهات عبر التطبيق أو الرسائل النصية أو البريد الإلكتروني أو واتساب.
pages,Clear Pricing,Tarifs clairs,Precios claros,تسعير واضح
pages,"The whole-aircraft member price is displayed before booking, together with the key conditions attached.","Le prix membre pour l’appareil entier est affiché avant la réservation, avec les principales conditions associées.","El precio para el miembro de la aeronave completa se muestra antes de reservar, junto con las condiciones principales.",يُعرض سعر العضو للطائرة كاملة قبل الحجز، مع الشروط الأساسية المرتبطة به.
pages,A Known Relationship,Une relation connue,Una relación conocida,علاقة معروفة
pages,The same Jettset team remains available to coordinate the flight and anything required around the journey.,La même équipe Jettset reste disponible pour coordonner le vol et tout ce qui est nécessaire autour du voyage.,El mismo equipo de Jettset sigue disponible para coordinar el vuelo y todo lo necesario en torno al viaje.,يظل فريق Jettset نفسه متاحًا لتنسيق الرحلة وكل ما يلزم حولها.
pages,The Portal,Le portail,El portal,البوابة
pages,What Legs Members See,Ce que voient les membres Legs,Lo que ven los miembros de Legs,ما يراه أعضاء Legs
pages,"Live search by airport, city, or region","Recherche en direct par aéroport, ville ou région","Búsqueda en directo por aeropuerto, ciudad o región",بحث مباشر بحسب المطار أو المدينة أو المنطقة
pages,"Flexible date windows, not fixed-day only","Fenêtres de dates flexibles, pas seulement des jours fixes","Ventanas de fechas flexibles, no solo días fijos",نوافذ تواريخ مرنة، لا أيام ثابتة فقط
pages,Nearby-airport radius search,Recherche dans un rayon d’aéroports proches,Búsqueda por radio de aeropuertos cercanos,بحث ضمن نطاق المطارات القريبة
pages,Whole-aircraft journeys clearly distinguished,Trajets en appareil entier clairement distingués,Viajes en aeronave completa claramente diferenciados,رحلات الطائرة كاملة مميّزة بوضوح
pages,Aircraft category and onboard details,Catégorie d’appareil et détails à bord,Categoría de aeronave y detalles a bordo,فئة الطائرة وتفاصيل الرحلة على متنها
pages,"Wi-Fi, pet, and catering information where confirmed","Informations sur le Wi-Fi, les animaux et la restauration lorsqu’elles sont confirmées","Información sobre wifi, mascotas y catering cuando esté confirmada",معلومات الواي فاي والحيوانات الأليفة والتموين عند تأكيدها
pages,Time-sensitivity and cancellation-risk indicators,Indicateurs d’urgence et de risque d’annulation,Indicadores de urgencia y de riesgo de cancelación,مؤشرات الاستعجال ومخاطر الإلغاء
pages,"Instant alerts by app, SMS, email, or WhatsApp","Alertes instantanées par application, SMS, e-mail ou WhatsApp","Alertas instantáneas por aplicación, SMS, correo electrónico o WhatsApp",تنبيهات فورية عبر التطبيق أو الرسائل النصية أو البريد الإلكتروني أو واتساب
pages,Transparent member pricing and journey conditions,Tarifs membres et conditions de voyage transparents,Precios para miembros y condiciones de viaje transparentes,تسعير شفاف للأعضاء وشروط واضحة للرحلة
pages,Saved regions and route preferences for faster matching,Régions et préférences d’itinéraire enregistrées pour un appariement plus rapide,Regiones y preferencias de ruta guardadas para una asignación más rápida,مناطق وتفضيلات مسار محفوظة لمطابقة أسرع
pages,How Legs Works,Comment fonctionne Legs,Cómo funciona Legs,كيف تعمل Legs
pages,"Opportunity, Confirmed Quickly","Une opportunité, confirmée rapidement","Una oportunidad, confirmada con rapidez",فرصة تُؤكَّد بسرعة
pages,Set your preferences.,Définissez vos préférences.,Defina sus preferencias.,حدّد تفضيلاتك.
pages,"Tell us the airports, regions and date windows that matter to you.","Indiquez-nous les aéroports, les régions et les fenêtres de dates qui comptent pour vous.","Indíquenos los aeropuertos, regiones y ventanas de fechas que le importan.",أخبرنا بالمطارات والمناطق ونوافذ التواريخ التي تهمك.
pages,Receive the opportunity.,Recevez l’opportunité.,Reciba la oportunidad.,استلم الفرصة.
pages,"When a relevant empty leg appears, you're alerted with route, aircraft, timing, price and conditions.","Lorsqu’un trajet à vide pertinent apparaît, vous êtes alerté avec l’itinéraire, l’appareil, l’horaire, le prix et les conditions.","Cuando aparece un tramo vacío relevante, se le avisa con la ruta, la aeronave, el horario, el precio y las condiciones.",عند ظهور مقطع فارغ مناسب، يصلك تنبيه يتضمن المسار والطائرة والتوقيت والسعر والشروط.
pages,Confirm without delay.,Confirmez sans attendre.,Confirme sin demora.,أكِّد دون تأخير.
pages,"Availability can change quickly — once accepted by the operator, the journey is secured.","La disponibilité peut changer rapidement — dès que l’opérateur l’accepte, le voyage est sécurisé.","La disponibilidad puede cambiar rápidamente: una vez aceptado por el operador, el viaje queda asegurado.",قد يتغير التوفر بسرعة — وبمجرد قبول المشغّل، تصبح الرحلة مؤمَّنة.
pages,We handle the rest.,Nous nous occupons du reste.,Nosotros nos ocupamos del resto.,نتولى نحن الباقي.
pages,"Booking, flight details, and any ground or concierge support around the journey.","Réservation, détails du vol et tout soutien terrestre ou de conciergerie autour du voyage.","La reserva, los detalles del vuelo y cualquier apoyo en tierra o de conserjería en torno al viaje.",الحجز وتفاصيل الرحلة وأي دعم أرضي أو من الكونسيرج حول الرحلة.
pages,Designed For Flexibility,Conçue pour la flexibilité,Diseñada para la flexibilidad,مصمَّمة للمرونة
pages,Who Legs Works Best For,Pour qui Legs fonctionne le mieux,Para quién funciona mejor Legs,لمن تناسب Legs أكثر
pages,Members with flexible travel dates.,Membres avec des dates de voyage flexibles.,Miembros con fechas de viaje flexibles.,أعضاء بمواعيد سفر مرنة.
pages,Guests able to use nearby departure or arrival airports.,Invités capables d’utiliser des aéroports de départ ou d’arrivée proches.,Huéspedes capaces de usar aeropuertos de salida o llegada cercanos.,ضيوف قادرون على استخدام مطارات إقلاع أو وصول قريبة.
pages,One-way travellers whose route matches an aircraft repositioning.,Voyageurs en aller simple dont l’itinéraire correspond à un repositionnement d’appareil.,Viajeros de solo ida cuya ruta coincide con un reposicionamiento de aeronave.,مسافرون في اتجاه واحد يتوافق مسارهم مع إعادة تموضع طائرة.
pages,Members comfortable confirming at short notice.,Membres à l’aise pour confirmer à court terme.,Miembros cómodos al confirmar con poco preaviso.,أعضاء مرتاحون للتأكيد بإشعار قصير.
pages,"Families, principals and teams able to travel together on a whole-aircraft basis.","Familles, dirigeants et équipes pouvant voyager ensemble en appareil entier.","Familias, directivos y equipos que pueden viajar juntos en aeronave completa.",عائلات وشخصيات رئيسية وفرق قادرة على السفر معًا على طائرة كاملة.
pages,"Legs is most valuable when the traveller can adapt to the aircraft, rather than requiring the aircraft to adapt to the traveller.","Legs est le plus précieux lorsque le voyageur peut s’adapter à l’appareil, plutôt que d’exiger que l’appareil s’adapte au voyageur.","Legs es más valioso cuando el viajero puede adaptarse a la aeronave, en lugar de exigir que la aeronave se adapte al viajero.",تكون Legs أكثر قيمة حين يستطيع المسافر التكيّف مع الطائرة، لا أن يطلب من الطائرة التكيّف معه.
pages,Worth Knowing,À savoir,Conviene saber,جدير بالمعرفة
pages,"Privileged access to live inventory — not a guarantee of a specific route, date, or flight.","Un accès privilégié à un inventaire en direct — et non la garantie d’un itinéraire, d’une date ou d’un vol précis.","Acceso privilegiado a inventario en directo, no la garantía de una ruta, fecha o vuelo concretos.",وصول مميز إلى مخزون مباشر — وليس ضمانًا لمسار أو تاريخ أو رحلة محددة.
pages,"Empty legs arise because an aircraft is already scheduled to reposition. They are not created around a member's requested route. They can appear at short notice, are commonly one-way, and may change or be withdrawn if the underlying primary journey changes. A Legs opportunity is only confirmed once the licensed operator accepts the booking. When certainty matters more than flexibility, we'll recommend Charter or Jet Card instead.","Les trajets à vide existent parce qu’un appareil est déjà programmé pour se repositionner. Ils ne sont pas créés autour de l’itinéraire demandé par un membre. Ils peuvent apparaître à court terme, sont généralement en aller simple, et peuvent changer ou être retirés si le voyage principal sous-jacent change. Une opportunité Legs n’est confirmée qu’une fois la réservation acceptée par l’opérateur agréé. Lorsque la certitude compte plus que la flexibilité, nous vous recommanderons plutôt l’affrètement ou la Jet Card.","Los tramos vacíos existen porque una aeronave ya tiene programado un reposicionamiento. No se crean en torno a la ruta que solicita un miembro. Pueden aparecer con poco preaviso, suelen ser de solo ida y pueden cambiar o retirarse si cambia el viaje principal subyacente. Una oportunidad de Legs solo queda confirmada cuando el operador autorizado acepta la reserva. Cuando la certeza importa más que la flexibilidad, le recomendaremos chárter o Jet Card.",تنشأ المقاطع الفارغة لأن طائرة مجدولة أصلًا لإعادة التموضع. ولا تُنشأ حول المسار الذي يطلبه عضو بعينه. وقد تظهر بإشعار قصير، وغالبًا ما تكون في اتجاه واحد، وقد تتغير أو تُسحب إذا تغيّرت الرحلة الأساسية. ولا تُؤكَّد فرصة Legs إلا بعد قبول المشغّل المرخّص للحجز. وحين تكون اليقينية أهم من المرونة، سنوصي بالتأجير أو Jet Card بدلًا منها.
pages,Choose The Right Structure,Choisir la bonne formule,Elegir la estructura adecuada,اختيار الصيغة المناسبة
pages,"Legs, Charter Or Jet Card","Legs, affrètement ou Jet Card","Legs, chárter o Jet Card",Legs أم التأجير أم Jet Card
pages,<span></span><span>Legs</span><span>Charter</span><span>Jet Card</span>,<span></span><span>Legs</span><span>Affrètement</span><span>Jet Card</span>,<span></span><span>Legs</span><span>Chárter</span><span>Jet Card</span>,<span></span><span>Legs</span><span>التأجير</span><span>Jet Card</span>
pages,"<span>Best for</span><span>Members who can move around a live repositioning opportunity and want the strongest available empty-leg value.</span><span>A journey built around your chosen route, date and passenger requirements.</span><span>Frequent private flyers who value guaranteed access and structured pricing.</span>","<span>Idéal pour</span><span>Les membres qui peuvent s’adapter à une opportunité de repositionnement en direct et veulent la meilleure valeur disponible sur les trajets à vide.</span><span>Un voyage bâti autour de l’itinéraire, de la date et des besoins en passagers que vous choisissez.</span><span>Les voyageurs privés fréquents qui apprécient l’accès garanti et la tarification structurée.</span>","<span>Ideal para</span><span>Miembros que pueden adaptarse a una oportunidad de reposicionamiento en directo y quieren el mayor valor disponible en tramos vacíos.</span><span>Un viaje construido en torno a la ruta, la fecha y los requisitos de pasajeros que usted elija.</span><span>Viajeros privados frecuentes que valoran el acceso garantizado y los precios estructurados.</span>",<span>الأنسب لـ</span><span>الأعضاء القادرون على التحرك وفق فرصة إعادة تموضع مباشرة ويريدون أعلى قيمة متاحة للمقاطع الفارغة.</span><span>رحلة تُبنى حول المسار والتاريخ ومتطلبات الركاب التي تختارها.</span><span>مسافرون خاصون دائمون يقدّرون الوصول المضمون والتسعير المنظّم.</span>
pages,Best for,Idéal pour,Ideal para,الأنسب لـ
pages,Members who can move around a live repositioning opportunity and want the strongest available empty-leg value.,Les membres qui peuvent s’adapter à une opportunité de repositionnement en direct et veulent la meilleure valeur disponible sur les trajets à vide.,Miembros que pueden adaptarse a una oportunidad de reposicionamiento en directo y quieren el mayor valor disponible en tramos vacíos.,الأعضاء القادرون على التحرك وفق فرصة إعادة تموضع مباشرة ويريدون أعلى قيمة متاحة للمقاطع الفارغة.
pages,"A journey built around your chosen route, date and passenger requirements.","Un voyage bâti autour de l’itinéraire, de la date et des besoins en passagers que vous choisissez.","Un viaje construido en torno a la ruta, la fecha y los requisitos de pasajeros que usted elija.",رحلة تُبنى حول المسار والتاريخ ومتطلبات الركاب التي تختارها.
pages,Frequent private flyers who value guaranteed access and structured pricing.,Les voyageurs privés fréquents qui apprécient l’accès garanti et la tarification structurée.,Viajeros privados frecuentes que valoran el acceso garantizado y los precios estructurados.,مسافرون خاصون دائمون يقدّرون الوصول المضمون والتسعير المنظّم.
pages,Join The Legs Waitlist,Rejoindre la liste d’attente Legs,Unirse a la lista de espera de Legs,انضم إلى قائمة انتظار Legs
pages,Legs is opening to Jettset members in phases. Register your interest and tell us where you travel most often — existing members receive priority access.,Legs s’ouvre par phases aux membres Jettset. Manifestez votre intérêt et dites-nous où vous voyagez le plus souvent — les membres actuels bénéficient d’un accès prioritaire.,Legs se abre por fases a los miembros de Jettset. Registre su interés e indíquenos adónde viaja con más frecuencia: los miembros actuales tienen acceso prioritario.,تُفتح Legs على مراحل لأعضاء Jettset. سجّل اهتمامك وأخبرنا أين تسافر أكثر — ويحصل الأعضاء الحاليون على وصول ذي أولوية.
pages,Primary Region,Région principale,Región principal,المنطقة الرئيسية
pages,Select region,Sélectionner une région,Seleccione una región,اختر المنطقة
pages,Africa,Afrique,África,أفريقيا
pages,Asia-Pacific,Asie-Pacifique,Asia-Pacífico,آسيا والمحيط الهادئ
pages,Other / Multiple Regions,Autre / Plusieurs régions,Otra / Varias regiones,أخرى / عدة مناطق
pages,I agree to be contacted by Jettset as Legs access opens for my region.,J’accepte que Jettset me contacte lorsque l’accès à Legs s’ouvrira pour ma région.,Acepto que Jettset me contacte cuando se abra el acceso a Legs para mi región.,أوافق على أن تتواصل معي Jettset عند فتح الوصول إلى Legs لمنطقتي.
pages,Legs | Jettset Global,Legs | Jettset Global,Legs | Jettset Global,Legs | Jettset Global
pages,Live empty-leg access at operator price — privileged inventory for Jettset members.,Accès en direct aux trajets à vide au prix opérateur — un inventaire privilégié pour les membres Jettset.,Acceso en directo a tramos vacíos a precio de operador: inventario privilegiado para los miembros de Jettset.,وصول مباشر إلى المقاطع الفارغة بسعر المشغّل — مخزون مميز لأعضاء Jettset.
pages,"<a href=""partners.html"" class=""active"" id=""navPartners"">Partner With Us</a> <a href=""access-partners.html"" class="""" id=""navAccessPartners"">Access Partners</a>","<a href=""partners.html"" class=""active"" id=""navPartners"">Devenir partenaire</a> <a href=""access-partners.html"" class="""" id=""navAccessPartners"">Partenaires d’accès</a>","<a href=""partners.html"" class=""active"" id=""navPartners"">Colabore con nosotros</a> <a href=""access-partners.html"" class="""" id=""navAccessPartners"">Socios de acceso</a>","<a href=""partners.html"" class=""active"" id=""navPartners"">كن شريكًا معنا</a> <a href=""access-partners.html"" class="""" id=""navAccessPartners"">شركاء الوصول</a>"
pages,"Private jet cockpit controls and center console, partner with Jettset Global travel agents and companies programme","Commandes et console centrale du cockpit d’un jet privé, programme de partenariat Jettset Global pour agents de voyages et entreprises","Mandos y consola central de la cabina de un jet privado, programa de colaboración de Jettset Global para agentes de viajes y empresas",أدوات التحكم والكونسول المركزي في قمرة طائرة خاصة، برنامج شراكة Jettset Global لوكلاء السفر والشركات
pages,05 — Partnerships,05 — Partenariats,05 — Alianzas,05 — الشراكات
pages,"For travel advisors, agencies, companies and trusted representatives arranging journeys on behalf of their own guests.","Pour les conseillers en voyages, agences, entreprises et représentants de confiance qui organisent des voyages pour le compte de leurs propres invités.","Para asesores de viajes, agencias, empresas y representantes de confianza que organizan viajes en nombre de sus propios huéspedes.",لمستشاري السفر والوكالات والشركات والممثلين الموثوقين الذين يرتبون الرحلات نيابةً عن ضيوفهم.
pages,Begin The Conversation,Engager la conversation,Iniciar la conversación,ابدأ الحوار
pages,"You bring the relationship. We bring the aviation, concierge and operational support behind it — tailored to your guest, presented with confidence and managed with discretion from first enquiry to final arrival. Our role is to strengthen the service you already provide, without the need to build an internal aviation desk of your own.","Vous apportez la relation. Nous apportons l’aviation, la conciergerie et le soutien opérationnel qui la prolongent — adaptés à votre invité, présentés avec assurance et gérés avec discrétion, de la première demande à l’arrivée finale. Notre rôle est de renforcer le service que vous offrez déjà, sans que vous ayez à constituer un bureau aviation interne.","Usted aporta la relación. Nosotros aportamos la aviación, la conserjería y el apoyo operativo que la respaldan, adaptados a su huésped, presentados con seguridad y gestionados con discreción desde la primera consulta hasta la llegada final. Nuestra función es reforzar el servicio que ya ofrece, sin que necesite crear un departamento de aviación propio.",أنت تأتي بالعلاقة، ونحن نأتي بالطيران والكونسيرج والدعم التشغيلي الذي يقف خلفها — مصمَّمة لضيفك، ومقدَّمة بثقة، ومُدارة بتكتّم من الاستفسار الأول حتى الوصول الأخير. دورنا تعزيز الخدمة التي تقدّمها بالفعل، دون أن تحتاج إلى بناء مكتب طيران داخلي خاص بك.
pages,"If you advise exceptional people but don't arrange travel on their behalf, <a href=""access-partners.html"" style=""color:var(--gold); text-decoration:underline;"">Access Partners</a> may be the more suitable relationship.","Si vous conseillez des personnes d’exception mais n’organisez pas leurs voyages pour leur compte, les <a href=""access-partners.html"" style=""color:var(--gold); text-decoration:underline;"">partenaires d’accès</a> peuvent constituer une relation plus adaptée.","Si asesora a personas excepcionales pero no organiza sus viajes en su nombre, los <a href=""access-partners.html"" style=""color:var(--gold); text-decoration:underline;"">socios de acceso</a> pueden ser la relación más adecuada.","إذا كنت تستشير أشخاصًا استثنائيين لكنك لا ترتب سفرهم نيابةً عنهم، فقد تكون علاقة <a href=""access-partners.html"" style=""color:var(--gold); text-decoration:underline;"">شركاء الوصول</a> الأنسب."
pages,"If you advise exceptional people but don't arrange travel on their behalf,","Si vous conseillez des personnes d’exception mais n’organisez pas leurs voyages pour leur compte, les","Si asesora a personas excepcionales pero no organiza sus viajes en su nombre, los",إذا كنت تستشير أشخاصًا استثنائيين لكنك لا ترتب سفرهم نيابةً عنهم، فقد تكون علاقة
pages,may be the more suitable relationship.,peuvent constituer une relation plus adaptée.,pueden ser la relación más adecuada.,الأنسب.
pages,Who It Is For,À qui cela s’adresse,A quién va dirigido,لمن هذا
pages,Built For Those Who Move On Behalf Of Others,Conçu pour ceux qui organisent les déplacements des autres,Pensado para quienes organizan los viajes de otros,مبني لمن يرتبون التنقل نيابةً عن الآخرين
pages,Travel Advisors,Conseillers en voyages,Asesores de viajes,مستشارو السفر
pages,& Luxury Agencies,et agences de luxe,y agencias de lujo,ووكالات الفخامة
pages,Private aviation and concierge support that sits naturally within a wider travel relationship.,Une aviation privée et une conciergerie qui s’intègrent naturellement dans une relation de voyage plus large.,Aviación privada y conserjería que encajan de forma natural en una relación de viajes más amplia.,طيران خاص وكونسيرج يندمجان بطبيعية ضمن علاقة سفر أوسع.
pages,Executive Assistants,Assistants de direction,Asistentes ejecutivos,المساعدون التنفيذيون
pages,& Chiefs Of Staff,et chefs de cabinet,y jefes de gabinete,ورؤساء المكاتب
pages,"Fast, reliable support for principals whose schedules change and whose preferences must be remembered.",Un soutien rapide et fiable pour les dirigeants dont les agendas changent et dont les préférences doivent être retenues.,Apoyo rápido y fiable para directivos cuyas agendas cambian y cuyas preferencias deben recordarse.,دعم سريع وموثوق لشخصيات رئيسية تتغير جداولها وتجب تذكّر تفضيلاتها.
pages,Family Offices,Family offices,Family offices,المكاتب العائلية
pages,"Discreet, By Design",Discrets par conception,Discreto por diseño,كتوم بالتصميم
pages,"A discreet aviation partner for individual principals, families and multi-traveller requirements.","Un partenaire aéronautique discret pour les dirigeants, les familles et les besoins de voyage à plusieurs.","Un socio aeronáutico discreto para directivos individuales, familias y necesidades de varios viajeros.",شريك طيران كتوم للشخصيات الرئيسية والعائلات ومتطلبات تعدد المسافرين.
pages,Talent Management,Gestion de talents,Gestión de talentos,إدارة المواهب
pages,"Artists, Athletes & Touring","Artistes, sportifs et tournées","Artistas, deportistas y giras",الفنانون والرياضيون والجولات
pages,"Touring, event and short-notice movement handled with an understanding of entourages and public visibility.","Déplacements de tournée, d’événement et de dernière minute gérés avec la compréhension des entourages et de l’exposition publique.","Giras, eventos y desplazamientos de última hora gestionados con comprensión de los séquitos y la visibilidad pública.",تُدار تنقلات الجولات والفعاليات والطلبات العاجلة بفهم للمرافقين والظهور العام.
pages,Production Companies,Sociétés de production,Productoras,شركات الإنتاج
pages,& Event Teams,et équipes événementielles,y equipos de eventos,وفرق الفعاليات
pages,"Aircraft, group travel, ground fleets and destination logistics coordinated as one movement plan.","Appareils, voyages de groupe, flottes terrestres et logistique à destination coordonnés en un seul plan de mouvement.","Aeronaves, viajes en grupo, flotas terrestres y logística en destino coordinados como un único plan de movimiento.",طائرات وسفر المجموعات وأساطيل برية ولوجستيات الوجهة تُنسَّق في خطة حركة واحدة.
pages,Corporate Travel Teams,Équipes voyages d’entreprise,Equipos de viajes corporativos,فرق السفر في الشركات
pages,"Structured, At Scale","Structuré, à grande échelle","Estructurado, a gran escala",منظَّم وعلى نطاق واسع
pages,"Support for executives, boards, delegations and high-value guest travel.","Un soutien pour les dirigeants, les conseils d’administration, les délégations et les voyages d’invités à forte valeur.","Apoyo para ejecutivos, consejos de administración, delegaciones y viajes de invitados de alto valor.",دعم للتنفيذيين ومجالس الإدارة والوفود وسفر الضيوف ذوي القيمة العالية.
pages,What You Get,Ce que vous obtenez,Lo que obtiene,ما تحصل عليه
pages,Built To Make Representation Easy,Conçu pour faciliter la représentation,Creado para facilitar la representación,مبني لتسهيل التمثيل
pages,Tailored Quoting,Devis sur mesure,Presupuestos a medida,عروض أسعار مخصصة
pages,Built Around Your Guest,Bâti autour de votre invité,Construido en torno a su huésped,مبني حول ضيفك
pages,"Every proposal is shaped around the actual itinerary, passenger profile, timing and priorities — not a generic charter rate.","Chaque proposition est façonnée autour de l’itinéraire réel, du profil des passagers, du calendrier et des priorités — pas d’un tarif d’affrètement générique.","Cada propuesta se adapta al itinerario real, el perfil de los pasajeros, el calendario y las prioridades, no a una tarifa de chárter genérica.",تُصاغ كل مقترحات حول خط السير الفعلي وملف الركاب والتوقيت والأولويات — لا حول سعر تأجير عام.
pages,Client-Ready Materials,Supports prêts pour le client,Materiales listos para el cliente,مواد جاهزة للعميل
pages,Present With Confidence,Présentez avec assurance,Presente con seguridad,قدّم بثقة
pages,"Clear aircraft options and itineraries, prepared in a polished format — branded, co-branded or discreetly white-labelled.","Des options d’appareils et des itinéraires clairs, préparés dans un format soigné — à votre marque, en co-branding ou en marque blanche discrète.","Opciones de aeronave e itinerarios claros, preparados en un formato cuidado, con su marca, en cobranding o en marca blanca discreta.",خيارات طائرات وخطوط سير واضحة، مُعدَّة بصيغة أنيقة — بعلامتك أو بعلامة مشتركة أو بعلامة بيضاء كتومة.
pages,Dedicated Partner Desk,Bureau partenaires dédié,Mesa de socios dedicada,مكتب شركاء مخصص
pages,A Team Behind The Team,Une équipe derrière l’équipe,Un equipo detrás del equipo,فريق خلف الفريق
pages,"Direct access to sourcing, operations and concierge support, with one point of contact on your behalf.","Un accès direct à la recherche d’appareils, aux opérations et à la conciergerie, avec un seul interlocuteur pour vous.","Acceso directo a búsqueda de aeronaves, operaciones y conserjería, con un único punto de contacto para usted.",وصول مباشر إلى التوريد والعمليات والكونسيرج، مع نقطة اتصال واحدة نيابةً عنك.
pages,Transparent Terms,Conditions transparentes,Condiciones transparentes,شروط شفافة
pages,Agreed Before The Journey,Convenues avant le voyage,Acordadas antes del viaje,تُتفق قبل الرحلة
pages,"The commercial framework is established upfront, before anything is presented to your guest.","Le cadre commercial est établi en amont, avant que quoi que ce soit ne soit présenté à votre invité.","El marco comercial se establece de antemano, antes de presentar nada a su huésped.",يُحدَّد الإطار التجاري مسبقًا، قبل عرض أي شيء على ضيفك.
pages,Relationship Protection,Protection de la relation,Protección de la relación,حماية العلاقة
pages,Your Guest Remains Your Guest,Votre invité reste votre invité,Su huésped sigue siendo su huésped,ضيفك يبقى ضيفك
pages,"Communication routes, guest contact and service boundaries are agreed with you from the outset.","Les canaux de communication, le contact avec l’invité et les limites du service sont convenus avec vous dès le départ.","Los canales de comunicación, el contacto con el huésped y los límites del servicio se acuerdan con usted desde el principio.",تُتفق معك منذ البداية قنوات التواصل والاتصال بالضيف وحدود الخدمة.
pages,End-To-End Delivery,Une prestation de bout en bout,Entrega de principio a fin,تنفيذ من البداية إلى النهاية
pages,Beyond The Aircraft,Au-delà de l’appareil,Más allá de la aeronave,ما وراء الطائرة
pages,"Flights, global chauffeur transport, accommodation, security, dining and destination support, brought together.","Vols, transport terrestre mondial avec chauffeur, hébergement, sécurité, restauration et soutien à destination, réunis.","Vuelos, transporte terrestre global con chófer, alojamiento, seguridad, restauración y apoyo en destino, todo reunido.",الرحلات والنقل البري العالمي بسائق والإقامة والأمن والطعام والدعم في الوجهة، مجتمعة.
pages,How It Works,Comment ça marche,Cómo funciona,كيف يعمل
pages,From Your Enquiry To Their Arrival,De votre demande à leur arrivée,De su consulta a su llegada,من استفسارك إلى وصولهم
pages,Share The Requirement,Partagez le besoin,Comparta la necesidad,شارك المتطلبات
pages,"Send the route, dates, passenger details and any context that may affect the journey.","Envoyez l’itinéraire, les dates, les informations sur les passagers et tout contexte susceptible d’influer sur le voyage.","Envíe la ruta, las fechas, los datos de los pasajeros y cualquier contexto que pueda afectar al viaje.",أرسل المسار والتواريخ وبيانات الركاب وأي سياق قد يؤثر في الرحلة.
pages,We Source The Journey,Nous trouvons le voyage,Buscamos el viaje,نؤمّن الرحلة
pages,Jettset identifies the most suitable options across our aviation and service network.,Jettset identifie les options les plus adaptées dans notre réseau aéronautique et de services.,Jettset identifica las opciones más adecuadas en nuestra red de aviación y servicios.,تحدد Jettset الخيارات الأنسب عبر شبكتنا للطيران والخدمات.
pages,You Receive A Client-Ready Proposal,Vous recevez une proposition prête pour le client,Recibe una propuesta lista para el cliente,تتلقى مقترحًا جاهزًا للعميل
pages,"Options presented clearly, with the agreed branding and commercial structure.","Des options présentées clairement, avec la marque et la structure commerciale convenues.","Opciones presentadas con claridad, con la marca y la estructura comercial acordadas.",خيارات تُعرض بوضوح، بالعلامة والهيكل التجاري المتفق عليهما.
pages,The Journey Is Confirmed,Le voyage est confirmé,Se confirma el viaje,تُؤكَّد الرحلة
pages,"We coordinate the operator, payments, passenger details and supporting arrangements.","Nous coordonnons l’opérateur, les paiements, les informations sur les passagers et les dispositions complémentaires.","Coordinamos al operador, los pagos, los datos de los pasajeros y los preparativos complementarios.",ننسّق المشغّل والمدفوعات وبيانات الركاب والترتيبات المساندة.
pages,We Manage Delivery,Nous gérons la réalisation,Gestionamos la ejecución,نتولى التنفيذ
pages,"Our team stays engaged before departure, in transit and through arrival.","Notre équipe reste mobilisée avant le départ, en cours de voyage et jusqu’à l’arrivée.","Nuestro equipo permanece activo antes de la salida, durante el trayecto y hasta la llegada.",يبقى فريقنا حاضرًا قبل المغادرة وأثناء الرحلة وحتى الوصول.
pages,The Relationship Continues,La relation continue,La relación continúa,العلاقة تستمر
pages,"Preferences and working practices carried forward for faster, more familiar journeys.",Les préférences et méthodes de travail sont reportées pour des voyages plus rapides et plus familiers.,Las preferencias y las formas de trabajo se mantienen para viajes más rápidos y más familiares.,تُحفظ التفضيلات وأساليب العمل لرحلات أسرع وأكثر ألفة.
pages,Two Ways To Partner,Deux façons de s’associer,Dos formas de colaborar,طريقتان للشراكة
pages,Booking Partner Or Access Partner?,Partenaire de réservation ou partenaire d’accès ?,¿Socio de reservas o socio de acceso?,شريك حجز أم شريك وصول؟
pages,<span></span><span>Partner With Us</span><span>Access Partners</span><span></span>,<span></span><span>Devenir partenaire</span><span>Partenaires d’accès</span><span></span>,<span></span><span>Colabore con nosotros</span><span>Socios de acceso</span><span></span>,<span></span><span>كن شريكًا معنا</span><span>شركاء الوصول</span><span></span>
pages,"<span>Best for</span><span>Agencies, companies and representatives who actively arrange or manage travel on behalf of their own guests.</span><span>Trusted individuals whose value lies in making the right introduction, rather than managing the booking.</span><span></span>","<span>Idéal pour</span><span>Les agences, entreprises et représentants qui organisent ou gèrent activement des voyages pour le compte de leurs propres invités.</span><span>Les personnes de confiance dont la valeur tient à faire la bonne mise en relation, plutôt qu’à gérer la réservation.</span><span></span>","<span>Ideal para</span><span>Agencias, empresas y representantes que organizan o gestionan activamente viajes en nombre de sus propios huéspedes.</span><span>Personas de confianza cuyo valor reside en hacer la presentación adecuada, más que en gestionar la reserva.</span><span></span>",<span>الأنسب لـ</span><span>الوكالات والشركات والممثلون الذين يرتبون السفر أو يديرونه فعليًا نيابةً عن ضيوفهم.</span><span>أشخاص موثوقون تكمن قيمتهم في إجراء التعريف المناسب لا في إدارة الحجز.</span><span></span>
pages,"Agencies, companies and representatives who actively arrange or manage travel on behalf of their own guests.","Les agences, entreprises et représentants qui organisent ou gèrent activement des voyages pour le compte de leurs propres invités.","Agencias, empresas y representantes que organizan o gestionan activamente viajes en nombre de sus propios huéspedes.",الوكالات والشركات والممثلون الذين يرتبون السفر أو يديرونه فعليًا نيابةً عن ضيوفهم.
pages,"Trusted individuals whose value lies in making the right introduction, rather than managing the booking.","Les personnes de confiance dont la valeur tient à faire la bonne mise en relation, plutôt qu’à gérer la réservation.","Personas de confianza cuyo valor reside en hacer la presentación adecuada, más que en gestionar la reserva.",أشخاص موثوقون تكمن قيمتهم في إجراء التعريف المناسب لا في إدارة الحجز.
pages,Both relationships begin with trust. The difference is how involved you want to remain after the introduction.,Les deux relations commencent par la confiance. La différence tient à votre degré d’implication après la mise en relation.,Ambas relaciones empiezan con confianza. La diferencia está en cuánto desea seguir implicado después de la presentación.,كلتا العلاقتين تبدآن بالثقة. والفرق هو مدى رغبتك في البقاء منخرطًا بعد التعريف.
pages,Start The Conversation,Engager la conversation,Iniciar la conversación,ابدأ الحوار
pages,"Tell us about your agency, company or role, the guests you represent and the type of support you require, and we'll discuss a partnership structure built around the way you already work.","Parlez-nous de votre agence, de votre entreprise ou de votre rôle, des invités que vous représentez et du type de soutien dont vous avez besoin : nous discuterons d’une structure de partenariat adaptée à votre façon de travailler.","Cuéntenos sobre su agencia, empresa o puesto, los huéspedes a los que representa y el tipo de apoyo que necesita, y hablaremos de una estructura de colaboración que se ajuste a su forma de trabajar.",حدّثنا عن وكالتك أو شركتك أو دورك والضيوف الذين تمثّلهم ونوع الدعم الذي تحتاج إليه، وسنناقش هيكل شراكة يُبنى حول طريقتك في العمل.
pages,Partner With Us | Jettset Global,Devenir partenaire | Jettset Global,Colabore con nosotros | Jettset Global,كن شريكًا معنا | Jettset Global
pages,Strategic partnership opportunities with Jettset Global.,Opportunités de partenariat stratégique avec Jettset Global.,Oportunidades de colaboración estratégica con Jettset Global.,فرص شراكة استراتيجية مع Jettset Global.
pages,← Back To The Journal,← Retour au journal,← Volver al diario,← العودة إلى المجلة
pages,Journal,Journal,Diario,المجلة
pages,Article Title,Titre de l’article,Título del artículo,عنوان المقال
pages,"<a href=""the-manifest.html"" class=""btn-ghost"">Back To The Journal</a>","<a href=""the-manifest.html"" class=""btn-ghost"">Retour au journal</a>","<a href=""the-manifest.html"" class=""btn-ghost"">Volver al diario</a>","<a href=""the-manifest.html"" class=""btn-ghost"">العودة إلى المجلة</a>"
pages,Back To The Journal,Retour au journal,Volver al diario,العودة إلى المجلة
pages,The Manifest | Jettset Global,The Manifest | Jettset Global,The Manifest | Jettset Global,The Manifest | Jettset Global
pages,A story from The Manifest — Jettset Global’s editorial journal.,Un récit de The Manifest — le journal éditorial de Jettset Global.,"Una historia de The Manifest, el diario editorial de Jettset Global.",قصة من The Manifest — المجلة التحريرية لـ Jettset Global.
pages,"<a href=""charter.html"" class=""active"" id=""navCharter"">Charter</a> <a href=""jet-card.html"" class="""" id=""navJetcard"">Jet Card</a> <a href=""/aviation-wellness"" class="""" id=""navAviationWellness"">Aviation Wellness</a>","<a href=""charter.html"" class=""active"" id=""navCharter"">Affrètement</a> <a href=""jet-card.html"" class="""" id=""navJetcard"">Jet Card</a> <a href=""/aviation-wellness"" class="""" id=""navAviationWellness"">Aviation Wellness</a>","<a href=""charter.html"" class=""active"" id=""navCharter"">Chárter</a> <a href=""jet-card.html"" class="""" id=""navJetcard"">Jet Card</a> <a href=""/aviation-wellness"" class="""" id=""navAviationWellness"">Aviation Wellness</a>","<a href=""charter.html"" class=""active"" id=""navCharter"">تأجير الطائرات</a> <a href=""jet-card.html"" class="""" id=""navJetcard"">Jet Card</a> <a href=""/aviation-wellness"" class="""" id=""navAviationWellness"">Aviation Wellness</a>"
pages,"Close-up of a Bombardier Challenger 350 wing and winglet, Jettset Global on-demand private jet charter service","Gros plan sur l’aile et le winglet d’un Bombardier Challenger 350, service d’affrètement de jet privé à la demande Jettset Global","Primer plano del ala y el winglet de un Bombardier Challenger 350, servicio de chárter de jet privado bajo demanda de Jettset Global",لقطة مقرّبة لجناح طائرة Bombardier Challenger 350 وحافتها العلوية، خدمة تأجير الطائرات الخاصة عند الطلب من Jettset Global
pages,"Private journeys, sourced through Jettset's global fleet network — combining our partner fleets, direct operator relationships and access to the wider international charter market.","Des voyages privés, sourcés via le réseau mondial de flottes de Jettset — associant nos flottes partenaires, des relations directes avec les opérateurs et l’accès au marché international de l’affrètement.","Viajes privados obtenidos a través de la red global de flotas de Jettset, que combina nuestras flotas asociadas, relaciones directas con operadores y acceso al mercado internacional de chárter.",رحلات خاصة تُؤمَّن عبر شبكة أساطيل Jettset العالمية — تجمع أساطيل شركائنا وعلاقاتنا المباشرة بالمشغّلين والوصول إلى سوق التأجير الدولي الأوسع.
pages,"Every Charter journey begins with you. Jettset brings together established partner fleets, direct relationships with licensed operators and the wider global charter marketplace — the consistency of trusted fleet partnerships with the reach of an international operator network. Rather than limiting a journey to one source, we identify the aircraft best suited to your itinerary. For guests who fly more regularly, our <a href=""jet-card.html"" style=""color:var(--gold);text-decoration:underline;"">Jet Card</a> offers the same considered sourcing with the structure of pre-purchased hours.","Chaque voyage en affrètement commence par vous. Jettset réunit des flottes partenaires établies, des relations directes avec des opérateurs agréés et l’ensemble du marché mondial de l’affrètement — la constance de partenariats de flotte de confiance, avec la portée d’un réseau international d’opérateurs. Plutôt que de limiter un voyage à une seule source, nous identifions l’appareil le mieux adapté à votre itinéraire. Pour les invités qui volent plus régulièrement, notre <a href=""jet-card.html"" style=""color:var(--gold);text-decoration:underline;"">Jet Card</a> offre la même démarche de sélection réfléchie, avec la structure d’heures prépayées.","Cada viaje en chárter empieza por usted. Jettset reúne flotas asociadas consolidadas, relaciones directas con operadores autorizados y el mercado global de chárter en su conjunto: la constancia de las alianzas de flota de confianza con el alcance de una red internacional de operadores. En lugar de limitar un viaje a una sola fuente, identificamos la aeronave que mejor se adapta a su itinerario. Para los huéspedes que vuelan con más regularidad, nuestra <a href=""jet-card.html"" style=""color:var(--gold);text-decoration:underline;"">Jet Card</a> ofrece la misma búsqueda meditada con la estructura de horas prepagadas.","كل رحلة تأجير تبدأ منك. تجمع Jettset أساطيل شريكة راسخة وعلاقات مباشرة مع مشغّلين مرخّصين وسوق التأجير العالمي الأوسع — ثبات شراكات الأساطيل الموثوقة مع امتداد شبكة مشغّلين دولية. وبدلًا من حصر الرحلة في مصدر واحد، نحدّد الطائرة الأنسب لخط سيرك. وللضيوف الذين يسافرون بانتظام أكبر، تقدّم <a href=""jet-card.html"" style=""color:var(--gold);text-decoration:underline;"">Jet Card</a> المنهج المدروس نفسه في التوريد مع هيكل الساعات المدفوعة مسبقًا."
pages,"Every Charter journey begins with you. Jettset brings together established partner fleets, direct relationships with licensed operators and the wider global charter marketplace — the consistency of trusted fleet partnerships with the reach of an international operator network. Rather than limiting a journey to one source, we identify the aircraft best suited to your itinerary. For guests who fly more regularly, our","Chaque voyage en affrètement commence par vous. Jettset réunit des flottes partenaires établies, des relations directes avec des opérateurs agréés et l’ensemble du marché mondial de l’affrètement — la constance de partenariats de flotte de confiance, avec la portée d’un réseau international d’opérateurs. Plutôt que de limiter un voyage à une seule source, nous identifions l’appareil le mieux adapté à votre itinéraire. Pour les invités qui volent plus régulièrement, notre","Cada viaje en chárter empieza por usted. Jettset reúne flotas asociadas consolidadas, relaciones directas con operadores autorizados y el mercado global de chárter en su conjunto: la constancia de las alianzas de flota de confianza con el alcance de una red internacional de operadores. En lugar de limitar un viaje a una sola fuente, identificamos la aeronave que mejor se adapta a su itinerario. Para los huéspedes que vuelan con más regularidad, nuestra",كل رحلة تأجير تبدأ منك. تجمع Jettset أساطيل شريكة راسخة وعلاقات مباشرة مع مشغّلين مرخّصين وسوق التأجير العالمي الأوسع — ثبات شراكات الأساطيل الموثوقة مع امتداد شبكة مشغّلين دولية. وبدلًا من حصر الرحلة في مصدر واحد، نحدّد الطائرة الأنسب لخط سيرك. وللضيوف الذين يسافرون بانتظام أكبر، تقدّم
pages,offers the same considered sourcing with the structure of pre-purchased hours.,"offre la même démarche de sélection réfléchie, avec la structure d’heures prépayées.",ofrece la misma búsqueda meditada con la estructura de horas prepagadas.,المنهج المدروس نفسه في التوريد مع هيكل الساعات المدفوعة مسبقًا.
pages,Partner Fleet,Flotte partenaire,Flota asociada,أسطول شريك
pages,Trusted By Relationship,La confiance par la relation,Confianza por relación,الثقة عبر العلاقة
pages,Established fleet partnerships give Jettset access to aircraft and operators with whom we have built direct working relationships.,Des partenariats de flotte établis donnent à Jettset l’accès à des appareils et à des opérateurs avec lesquels nous avons bâti des relations de travail directes.,Las alianzas de flota consolidadas dan a Jettset acceso a aeronaves y operadores con los que hemos construido relaciones de trabajo directas.,تمنح شراكات الأساطيل الراسخة Jettset الوصول إلى طائرات ومشغّلين بنينا معهم علاقات عمل مباشرة.
pages,Operator-Direct,En direct avec l’opérateur,Directo con el operador,مباشرةً مع المشغّل
pages,Sourced At Source,À la source,En origen,من المصدر
pages,"We work directly with licensed operators, creating clearer communication, faster answers and greater visibility throughout the journey.","Nous travaillons directement avec des opérateurs agréés, ce qui apporte une communication plus claire, des réponses plus rapides et davantage de visibilité tout au long du voyage.","Trabajamos directamente con operadores autorizados, lo que aporta una comunicación más clara, respuestas más rápidas y mayor visibilidad durante todo el viaje.",نعمل مباشرةً مع مشغّلين مرخّصين، مما يتيح تواصلًا أوضح وردودًا أسرع ورؤية أكبر طوال الرحلة.
pages,Worldwide Market,Marché mondial,Mercado mundial,السوق العالمي
pages,Choice Without Limitation,Le choix sans limite,Elección sin límites,الاختيار دون حدود
pages,"When the journey requires it, we extend the search across the wider international charter market to identify the right aircraft, location and schedule.","Lorsque le voyage l’exige, nous étendons la recherche à l’ensemble du marché international de l’affrètement afin d’identifier le bon appareil, le bon lieu et le bon calendrier.","Cuando el viaje lo requiere, ampliamos la búsqueda a todo el mercado internacional de chárter para identificar la aeronave, el lugar y el horario adecuados.",عندما تتطلب الرحلة ذلك، نوسّع البحث إلى سوق التأجير الدولي الأوسع لتحديد الطائرة والموقع والجدول المناسب.
pages,Quiet By Design,Discret par conception,Discreto por diseño,هادئ بالتصميم
pages,"From FBO selection to ground transition, every detail is managed to protect your privacy and keep the journey out of unnecessary view.","De la sélection du FBO à la transition au sol, chaque détail est géré pour protéger votre vie privée et garder le voyage à l’abri des regards inutiles.","Desde la elección del FBO hasta la transición en tierra, cada detalle se gestiona para proteger su privacidad y mantener el viaje fuera de miradas innecesarias.",من اختيار محطة الخدمة (FBO) حتى الانتقال على الأرض، يُدار كل تفصيل لحماية خصوصيتك وإبعاد الرحلة عن الأنظار غير الضرورية.
pages,"Short Notice, Handled","Court préavis, pris en charge","Poco preaviso, resuelto",إشعار قصير، نتولاه
pages,"Access to live fleet availability and an international operator network allows time-sensitive journeys to be met with suitable options within hours, wherever operationally possible.","L’accès à la disponibilité de la flotte en direct et à un réseau international d’opérateurs permet de répondre aux voyages urgents par des options adaptées en quelques heures, dans la mesure où l’exploitation le permet.","El acceso a la disponibilidad de flota en tiempo real y a una red internacional de operadores permite atender los viajes urgentes con opciones adecuadas en cuestión de horas, siempre que sea operativamente posible.",يتيح الوصول إلى توفر الأسطول المباشر وشبكة مشغّلين دولية تلبية الرحلات العاجلة بخيارات مناسبة خلال ساعات، حيثما أمكن تشغيليًا.
pages,Not What We Sell,Pas ce que nous vendons,No lo que vendemos,ليس ما نبيعه
pages,Moments We Solve,Les moments que nous résolvons,Los momentos que resolvemos,اللحظات التي نحلّها
pages,The aircraft matters. The reason for the journey matters more.,L’appareil compte. La raison du voyage compte davantage.,La aeronave importa. El motivo del viaje importa más.,الطائرة مهمة. أما سبب الرحلة فأهم.
pages,A board meeting moved forward by twenty-four hours.,Un conseil d’administration avancé de vingt-quatre heures.,Un consejo de administración adelantado veinticuatro horas.,اجتماع مجلس إدارة قُدِّم بمقدار أربع وعشرين ساعة.
pages,Three cities. One afternoon. No room for delay.,Trois villes. Un après-midi. Aucune place pour le retard.,Tres ciudades. Una tarde. Sin margen para el retraso.,ثلاث مدن. عصر واحد. لا مجال للتأخير.
pages,A family matter unfolding somewhere else entirely.,Une affaire familiale qui se joue tout à fait ailleurs.,Un asunto familiar que se desarrolla en otro lugar completamente distinto.,شأن عائلي يتكشف في مكان آخر تمامًا.
pages,"The next suitable aircraft, not the next available commercial flight.","Le prochain appareil adapté, non le prochain vol commercial disponible.","La próxima aeronave adecuada, no el próximo vuelo comercial disponible.",الطائرة المناسبة التالية، لا الرحلة التجارية المتاحة التالية.
pages,"A missed connection, hours before it became a larger problem.","Une correspondance manquée, quelques heures avant qu’elle ne devienne un problème plus grave.","Una conexión perdida, horas antes de convertirse en un problema mayor.",رحلة ربط فائتة، قبل ساعات من أن تتحول إلى مشكلة أكبر.
pages,Recovered before the wider itinerary had to change.,Rattrapée avant que l’itinéraire dans son ensemble n’ait dû changer.,Recuperada antes de que hubiera que cambiar el itinerario completo.,جرى تداركها قبل أن يضطر خط السير الأوسع إلى التغيير.
pages,An invitation arriving with forty-eight hours' notice.,Une invitation reçue avec quarante-huit heures de préavis.,Una invitación recibida con cuarenta y ocho horas de antelación.,دعوة وصلت قبل ثمانٍ وأربعين ساعة.
pages,"Confirmed, coordinated and airborne before the opportunity passed.","Confirmé, coordonné et en vol avant que l’occasion ne passe.","Confirmado, coordinado y en el aire antes de que pasara la oportunidad.",تأكّد الأمر ونُسِّق وأقلعت الطائرة قبل أن تفوت الفرصة.
pages,A negotiation that could not wait for tomorrow's schedule.,Une négociation qui ne pouvait pas attendre l’horaire du lendemain.,Una negociación que no podía esperar al calendario de mañana.,مفاوضات لا تحتمل انتظار جدول الغد.
pages,"Concluded in one city and carried forward in another, the same day.","Conclue dans une ville et poursuivie dans une autre, le même jour.","Concluida en una ciudad y continuada en otra, el mismo día.",اختُتمت في مدينة واستُكملت في أخرى، في اليوم نفسه.
pages,Fleet Intelligence / Private Consultation,Fleet Intelligence / Consultation privée,Fleet Intelligence / Consulta privada,Fleet Intelligence / استشارة خاصة
pages,The right category begins with the journey.,La bonne catégorie commence par le voyage.,La categoría adecuada empieza por el viaje.,الفئة المناسبة تبدأ من الرحلة.
pages,"Share the route, the people travelling and what matters most in the cabin. We will translate those priorities into considered, indicative guidance.","Indiquez l’itinéraire, les personnes qui voyagent et ce qui compte le plus en cabine. Nous traduirons ces priorités en recommandations indicatives et réfléchies.","Indique la ruta, las personas que viajan y lo que más importa en la cabina. Traduciremos esas prioridades en una orientación indicativa y meditada.",حدّد المسار والأشخاص المسافرين وما يهمك أكثر في المقصورة. وسنحوّل هذه الأولويات إلى إرشادات استرشادية مدروسة.
pages,01 / Journey,01 / Voyage,01 / Viaje,01 / الرحلة
pages,Origin,Origine,Origen,نقطة الانطلاق
pages,Journey priority,Priorité du voyage,Prioridad del viaje,أولوية الرحلة
pages,Efficiency,Efficacité,Eficiencia,الكفاءة
pages,Cabin Space,Espace en cabine,Espacio en cabina,مساحة المقصورة
pages,Long-Range Comfort,Confort long-courrier,Confort de largo alcance,راحة الرحلات الطويلة
pages,Indicative recommendation,Recommandation indicative,Recomendación indicativa,توصية استرشادية
pages,"Representative aircraft: <span id=""fiRepresentative"">Citation CJ3</span>","Appareil représentatif : <span id=""fiRepresentative"">Citation CJ3</span>","Aeronave representativa: <span id=""fiRepresentative"">Citation CJ3</span>","الطائرة النموذجية: <span id=""fiRepresentative"">Citation CJ3</span>"
pages,Representative aircraft:,Appareil représentatif :,Aeronave representativa:,الطائرة النموذجية:
pages,Journey fit 01,Adéquation au voyage 01,Adecuación al viaje 01,ملاءمة الرحلة 01
pages,Aircraft profile views,Vues du profil de l’appareil,Vistas del perfil de la aeronave,عرض ملف الطائرة
pages,Exterior,Extérieur,Exterior,الخارج
pages,Interior,Intérieur,Interior,الداخل
pages,Cabin,Cabine,Cabina,المقصورة
pages,Representative Citation CJ3 exterior on a restrained dark apron,Extérieur représentatif d’un Citation CJ3 sur une aire sombre et sobre,Exterior representativo de un Citation CJ3 sobre una plataforma oscura y sobria,منظر خارجي نموذجي لطائرة Citation CJ3 على ساحة مظلمة هادئة
pages,Representative Citation CJ3 cabin interior,Intérieur de cabine représentatif d’un Citation CJ3,Interior de cabina representativo de un Citation CJ3,مقصورة داخلية نموذجية لطائرة Citation CJ3
pages,Representative Citation CJ3 cabin plan; configuration varies by aircraft,Plan de cabine représentatif d’un Citation CJ3 ; la configuration varie selon l’appareil,Plano de cabina representativo de un Citation CJ3; la configuración varía según la aeronave,مخطط مقصورة نموذجي لطائرة Citation CJ3؛ وتختلف التهيئة بحسب الطائرة
pages,"<span id=""fiViewLabel"">Exterior study</span> <span id=""fiAssetStatus"">Representative Citation CJ3 exterior</span>","<span id=""fiViewLabel"">Étude extérieure</span> <span id=""fiAssetStatus"">Extérieur représentatif du Citation CJ3</span>","<span id=""fiViewLabel"">Estudio exterior</span> <span id=""fiAssetStatus"">Exterior representativo del Citation CJ3</span>","<span id=""fiViewLabel"">دراسة الواجهة الخارجية</span> <span id=""fiAssetStatus"">منظر خارجي نموذجي لطائرة Citation CJ3</span>"
pages,Exterior study,Étude extérieure,Estudio exterior,دراسة الواجهة الخارجية
pages,Representative Citation CJ3 exterior,Extérieur représentatif du Citation CJ3,Exterior representativo del Citation CJ3,منظر خارجي نموذجي لطائرة Citation CJ3
pages,Journey considered,Voyage étudié,Viaje considerado,الرحلة قيد الدراسة
pages,"<strong id=""fiJourneyDistance"">Approximately 560 nm</strong><small>Distance</small>","<strong id=""fiJourneyDistance"">Environ 560 nm</strong><small>Distance</small>","<strong id=""fiJourneyDistance"">Aproximadamente 560 nm</strong><small>Distancia</small>","<strong id=""fiJourneyDistance"">نحو 560 ميلًا بحريًا</strong><small>المسافة</small>"
pages,Approximately 560 nm,Environ 560 nm,Aproximadamente 560 nm,نحو 560 ميلًا بحريًا
pages,Distance,Distance,Distancia,المسافة
pages,Priority,Priorité,Prioridad,الأولوية
pages,Typical category guidance,Repères typiques de la catégorie,Orientación típica de la categoría,إرشادات الفئة المعتادة
pages,"<span>Passenger capacity</span><strong id=""fiCapacity"">Up to 6 travellers</strong>","<span>Capacité en passagers</span><strong id=""fiCapacity"">Jusqu’à 6 voyageurs</strong>","<span>Capacidad de pasajeros</span><strong id=""fiCapacity"">Hasta 6 viajeros</strong>","<span>سعة الركاب</span><strong id=""fiCapacity"">حتى 6 مسافرين</strong>"
pages,Passenger capacity,Capacité en passagers,Capacidad de pasajeros,سعة الركاب
pages,Up to 6 travellers,Jusqu’à 6 voyageurs,Hasta 6 viajeros,حتى 6 مسافرين
pages,"<span>Indicative range</span><strong id=""fiRange"">Up to 1,500 nm</strong>","<span>Autonomie indicative</span><strong id=""fiRange"">Jusqu’à 1 500 nm</strong>","<span>Alcance indicativo</span><strong id=""fiRange"">Hasta 1.500 nm</strong>","<span>المدى الاسترشادي</span><strong id=""fiRange"">حتى 1,500 ميل بحري</strong>"
pages,Indicative range,Autonomie indicative,Alcance indicativo,المدى الاسترشادي
pages,"Up to 1,500 nm",Jusqu’à 1 500 nm,Hasta 1.500 nm,"حتى 1,500 ميل بحري"
pages,"<span>Typical cabin height</span><strong id=""fiCabinHeight"">Approx. 4 ft 9 in</strong>","<span>Hauteur de cabine typique</span><strong id=""fiCabinHeight"">Env. 4 ft 9 in</strong>","<span>Altura de cabina típica</span><strong id=""fiCabinHeight"">Aprox. 4 ft 9 in</strong>","<span>ارتفاع المقصورة المعتاد</span><strong id=""fiCabinHeight"">نحو 4 أقدام و9 بوصات</strong>"
pages,Typical cabin height,Hauteur de cabine typique,Altura de cabina típica,ارتفاع المقصورة المعتاد
pages,Approx. 4 ft 9 in,Env. 4 ft 9 in,Aprox. 4 ft 9 in,نحو 4 أقدام و9 بوصات
pages,"<span>Typical luggage</span><strong id=""fiLuggageSummary"">Personal luggage</strong>","<span>Bagages typiques</span><strong id=""fiLuggageSummary"">Bagages personnels</strong>","<span>Equipaje típico</span><strong id=""fiLuggageSummary"">Equipaje personal</strong>","<span>الأمتعة المعتادة</span><strong id=""fiLuggageSummary"">أمتعة شخصية</strong>"
pages,Typical luggage,Bagages typiques,Equipaje típico,الأمتعة المعتادة
pages,Personal luggage,Bagages personnels,Equipaje personal,أمتعة شخصية
pages,Explore aircraft categories,Explorer les catégories d’appareils,Explorar las categorías de aeronaves,استكشف فئات الطائرات
pages,Light,Léger,Ligero,خفيف
pages,Midsize,Intermédiaire,Medio,متوسط
pages,Heavy,Gros porteur,Grande,كبير
pages,"View cabin &amp; specifications <span aria-hidden=""true"">+</span>","Voir la cabine et les caractéristiques <span aria-hidden=""true"">+</span>","Ver cabina y especificaciones <span aria-hidden=""true"">+</span>","عرض المقصورة والمواصفات <span aria-hidden=""true"">+</span>"
pages,View cabin & specifications,Voir la cabine et les caractéristiques,Ver cabina y especificaciones,عرض المقصورة والمواصفات
pages,Cabin character,Caractère de la cabine,Carácter de la cabina,طابع المقصورة
pages,"An intimate, composed cabin for focused short-haul travel and efficient movement between regional airports.","Une cabine intime et sereine, pour les trajets courts concentrés et les déplacements efficaces entre aéroports régionaux.",Una cabina íntima y serena para viajes cortos concentrados y desplazamientos eficientes entre aeropuertos regionales.,مقصورة حميمة وهادئة للرحلات القصيرة المركّزة والتنقل الفعّال بين المطارات الإقليمية.
pages,Layout,Agencement,Distribución,التهيئة
pages,Club seating; configuration varies,Sièges en configuration club ; la configuration varie,Asientos tipo club; la configuración varía,مقاعد بتهيئة النادي؛ وتختلف التهيئة
pages,Length,Longueur,Longitud,الطول
pages,Approx. 15–18 ft,Env. 15–18 ft,Aprox. 15–18 ft,نحو 15–18 قدمًا
pages,Width,Largeur,Anchura,العرض
pages,Approx. 4 ft 10 in,Env. 4 ft 10 in,Aprox. 4 ft 10 in,نحو 4 أقدام و10 بوصات
pages,Height,Hauteur,Altura,الارتفاع
pages,Comfort,Confort,Confort,الراحة
pages,Luggage,Bagages,Equipaje,الأمتعة
pages,Best suited to considered personal luggage. Larger or specialist baggage should be reviewed before aircraft selection.,Convient surtout à des bagages personnels réfléchis. Les bagages plus volumineux ou spécifiques doivent être examinés avant le choix de l’appareil.,Más adecuada para equipaje personal moderado. El equipaje de mayor tamaño o especial debe revisarse antes de elegir la aeronave.,الأنسب للأمتعة الشخصية المحدودة. أما الأمتعة الأكبر أو الخاصة فتُراجَع قبل اختيار الطائرة.
pages,Enclosed WC,Toilettes fermées,Aseo cerrado,دورة مياه مغلقة
pages,Varies by aircraft and configuration,Varie selon l’appareil et la configuration,Varía según la aeronave y la configuración,تختلف بحسب الطائرة والتهيئة
pages,Service,Service,Servicio,الخدمة
pages,Light catering; confirmed during sourcing,Restauration légère ; confirmée lors de la recherche de l’appareil,Catering ligero; se confirma al buscar la aeronave,تموين خفيف؛ يُؤكَّد أثناء التوريد
pages,Wi-Fi,Wi-Fi,Wifi,الواي فاي
pages,Available on selected aircraft,Disponible sur certains appareils,Disponible en aeronaves seleccionadas,متاح في طائرات مختارة
pages,Flight attendant,Personnel de cabine,Tripulante de cabina,مضيف الطيران
pages,Not typically included; confirmed during sourcing,En général non inclus ; confirmé lors de la recherche de l’appareil,Normalmente no incluido; se confirma al buscar la aeronave,غير مشمول عادةً؛ يُؤكَّد أثناء التوريد
pages,Operational guidance,Repères opérationnels,Orientación operativa,إرشادات تشغيلية
pages,Typical range,Autonomie typique,Alcance típico,المدى المعتاد
pages,Indicative cruise,Croisière indicative,Crucero indicativo,السرعة الاسترشادية في الرحلة
pages,Approx. 400–430 kt; validation required,Env. 400–430 kt ; validation requise,Aprox. 400–430 kt; requiere validación,نحو 400–430 عقدة؛ يتطلب التحقق
pages,Prototype category values are working guidance only and require broker validation before production approval.,Les valeurs de catégorie du prototype ne sont qu’indicatives et doivent être validées par un courtier avant toute approbation de production.,Los valores de categoría del prototipo son solo orientativos y requieren validación de un bróker antes de su aprobación para producción.,قيم فئات النموذج الأولي إرشادية فقط وتتطلب تحققًا من وسيط قبل اعتمادها للإنتاج.
pages,"Continue with this journey <span aria-hidden=""true"">→</span>","Poursuivre avec ce voyage <span aria-hidden=""true"">→</span>","Continuar con este viaje <span aria-hidden=""true"">→</span>","تابع بهذه الرحلة <span aria-hidden=""true"">→</span>"
pages,Continue with this journey,Poursuivre avec ce voyage,Continuar con este viaje,تابع بهذه الرحلة
pages,"Representative aircraft: <span id=""fiRepresentativeNote"">Citation CJ3</span>. Final aircraft selection is confirmed personally according to routing, availability and operational requirements.","Appareil représentatif : <span id=""fiRepresentativeNote"">Citation CJ3</span>. Le choix définitif de l’appareil est confirmé personnellement en fonction de l’itinéraire, de la disponibilité et des exigences opérationnelles.","Aeronave representativa: <span id=""fiRepresentativeNote"">Citation CJ3</span>. La elección definitiva de la aeronave se confirma personalmente según la ruta, la disponibilidad y los requisitos operativos.","الطائرة النموذجية: <span id=""fiRepresentativeNote"">Citation CJ3</span>. يُؤكَّد الاختيار النهائي للطائرة شخصيًا بحسب المسار والتوفر والمتطلبات التشغيلية."
pages,". Final aircraft selection is confirmed personally according to routing, availability and operational requirements.",". Le choix définitif de l’appareil est confirmé personnellement en fonction de l’itinéraire, de la disponibilité et des exigences opérationnelles.",". La elección definitiva de la aeronave se confirma personalmente según la ruta, la disponibilidad y los requisitos operativos.",. يُؤكَّد الاختيار النهائي للطائرة شخصيًا بحسب المسار والتوفر والمتطلبات التشغيلية.
pages,"A Few Routes, In The Air","Quelques itinéraires, dans les airs","Algunas rutas, en el aire",بعض المسارات في الأجواء
pages,"A glimpse of the journeys Jettset guests return to — each sourced individually around the people, timing and purpose behind it.","Un aperçu des voyages auxquels les invités Jettset reviennent — chacun organisé individuellement autour des personnes, du calendrier et de l’objectif.","Un vistazo a los viajes a los que regresan los huéspedes de Jettset, cada uno gestionado individualmente en torno a las personas, el momento y el propósito.",لمحة عن الرحلات التي يعود إليها ضيوف Jettset — وتُرتَّب كل منها على حدة حول الأشخاص والتوقيت والغاية.
pages,London – Nice – Monaco · ~1h 40m,Londres – Nice – Monaco · ~1 h 40,Londres – Niza – Mónaco · ~1 h 40 min,لندن – نيس – موناكو · ~1 س 40 د
pages,London – Dubai · ~6h 45m,Londres – Dubaï · ~6 h 45,Londres – Dubái · ~6 h 45 min,لندن – دبي · ~6 س 45 د
pages,New York – London · ~7h 15m,New York – Londres · ~7 h 15,Nueva York – Londres · ~7 h 15 min,نيويورك – لندن · ~7 س 15 د
pages,What It Actually Looks Like,À quoi cela ressemble vraiment,Cómo es realmente,كيف يبدو الأمر فعليًا
pages,"Real arrivals. Real departures. Real moments from inside the Jettset world — <a href=""in-motion.html"">see them for yourself</a>.","De vraies arrivées. De vrais départs. De vrais moments au cœur de l’univers Jettset — <a href=""in-motion.html"">voyez-les par vous-même</a>.","Llegadas reales. Salidas reales. Momentos reales desde dentro del mundo Jettset: <a href=""in-motion.html"">véalos usted mismo</a>.","وصول حقيقي. وإقلاع حقيقي. لحظات حقيقية من داخل عالم Jettset — <a href=""in-motion.html"">شاهدها بنفسك</a>."
pages,Real arrivals. Real departures. Real moments from inside the Jettset world —,De vraies arrivées. De vrais départs. De vrais moments au cœur de l’univers Jettset —,Llegadas reales. Salidas reales. Momentos reales desde dentro del mundo Jettset:,وصول حقيقي. وإقلاع حقيقي. لحظات حقيقية من داخل عالم Jettset —
pages,see them for yourself,voyez-les par vous-même,véalos usted mismo,شاهدها بنفسك
pages,"These are a few of many. <a href=""index.html#routeMapSection"">Explore the full route map</a>, or <a href=""index.html#journeyBuilderSection"">begin planning a journey of your own</a>.","Ce n’est qu’un aperçu parmi bien d’autres. <a href=""index.html#routeMapSection"">Explorez la carte complète des itinéraires</a>, ou <a href=""index.html#journeyBuilderSection"">commencez à planifier votre propre voyage</a>.","Son solo algunos de muchos. <a href=""index.html#routeMapSection"">Explore el mapa completo de rutas</a> o <a href=""index.html#journeyBuilderSection"">empiece a planificar su propio viaje</a>.","هذه مجرد أمثلة من بين كثير. <a href=""index.html#routeMapSection"">استكشف خريطة المسارات كاملة</a>، أو <a href=""index.html#journeyBuilderSection"">ابدأ تخطيط رحلتك الخاصة</a>."
pages,These are a few of many.,Ce n’est qu’un aperçu parmi bien d’autres.,Son solo algunos de muchos.,هذه مجرد أمثلة من بين كثير.
pages,Explore the full route map,Explorez la carte complète des itinéraires,Explore el mapa completo de rutas,استكشف خريطة المسارات كاملة
pages,", or",", ou", o,، أو
pages,begin planning a journey of your own,commencez à planifier votre propre voyage,empiece a planificar su propio viaje,ابدأ تخطيط رحلتك الخاصة
pages,"“We are building Jettset around access, relationships and choice. Our partner fleets give us strength and consistency. Our direct operator relationships and global market access give us reach. Together, they allow us to select the right aircraft around each journey while continuing to build the Jettset fleet of the future.”","« Nous construisons Jettset autour de l’accès, des relations et du choix. Nos flottes partenaires nous apportent solidité et constance. Nos relations directes avec les opérateurs et notre accès au marché mondial nous donnent de la portée. Ensemble, ils nous permettent de choisir l’appareil adapté à chaque voyage tout en continuant à construire la flotte Jettset de demain. »","«Estamos construyendo Jettset en torno al acceso, las relaciones y la elección. Nuestras flotas asociadas nos dan solidez y constancia. Nuestras relaciones directas con operadores y nuestro acceso al mercado global nos dan alcance. Juntos nos permiten elegir la aeronave adecuada para cada viaje mientras seguimos construyendo la flota Jettset del futuro.»",«نبني Jettset حول الوصول والعلاقات والخيار. تمنحنا أساطيلنا الشريكة القوة والثبات، وتمنحنا علاقاتنا المباشرة بالمشغّلين ووصولنا إلى السوق العالمي الامتداد. وتتيح لنا معًا اختيار الطائرة المناسبة لكل رحلة مع مواصلة بناء أسطول Jettset المستقبلي.»
pages,"<strong>Founder &amp; CEO</strong>, Jettset","<strong>Fondateur et PDG</strong>, Jettset","<strong>Fundador y CEO</strong>, Jettset",<strong>المؤسس والرئيس التنفيذي</strong>، Jettset
pages,Founder & CEO,Fondateur et PDG,Fundador y CEO,المؤسس والرئيس التنفيذي
pages,", Jettset",", Jettset",", Jettset",، Jettset
pages,"Settle in the way that suits the journey — by traditional bank transfer or, where available, through cryptocurrency settlement supported by MoonPay.","Réglez de la manière qui convient au voyage — par virement bancaire classique ou, lorsque c’est possible, par règlement en cryptomonnaie via MoonPay.","Liquide de la forma que mejor se adapte al viaje: por transferencia bancaria tradicional o, cuando esté disponible, mediante pago en criptomoneda con MoonPay.",سدِّد بالطريقة التي تناسب الرحلة — بحوالة مصرفية تقليدية أو، عند التوفر، عبر تسوية بالعملات المشفّرة بدعم من MoonPay.
pages,Bitcoin · Ethereum · Major Currencies · Traditional Bank Transfer,Bitcoin · Ethereum · Principales devises · Virement bancaire classique,Bitcoin · Ethereum · Principales divisas · Transferencia bancaria tradicional,بيتكوين · إيثيريوم · العملات الرئيسية · حوالة مصرفية تقليدية
pages,Begin Your Charter Journey,Commencez votre voyage en affrètement,Comience su viaje en chárter,ابدأ رحلة التأجير
pages,"Share your itinerary and a member of the Jettset team will return a carefully curated set of aircraft options, selected around your journey. Discreetly. Personally. Without obligation.","Partagez votre itinéraire : un membre de l’équipe Jettset vous présentera une sélection soignée d’appareils, choisie autour de votre voyage. Avec discrétion. De façon personnelle. Sans engagement.","Comparta su itinerario y un miembro del equipo de Jettset le enviará una selección cuidada de aeronaves, elegidas en torno a su viaje. Con discreción. De forma personal. Sin compromiso.",شارك خط سيرك وسيعيد إليك أحد أعضاء فريق Jettset مجموعة منتقاة بعناية من خيارات الطائرات المختارة حول رحلتك. بكتمان. وبشكل شخصي. ودون التزام.
pages,Charter | Jettset Global,Affrètement | Jettset Global,Chárter | Jettset Global,التأجير | Jettset Global
pages,"On-demand private jet charter, sourced operator-direct for transparency, speed, and discretion.","Affrètement de jet privé à la demande, sourcé en direct auprès des opérateurs pour la transparence, la rapidité et la discrétion.","Chárter de jet privado bajo demanda, gestionado directamente con operadores para lograr transparencia, rapidez y discreción.",تأجير طائرات خاصة عند الطلب، يُؤمَّن مباشرةً من المشغّلين من أجل الشفافية والسرعة والتكتّم.
pages,"Prefer to speak with someone directly? Call <a href=""tel:+448005999888"">+44 800 5 999 888</a> or WhatsApp <a href=""https://wa.me/447378111111"">+44 7378 111 111</a>.","Vous préférez parler directement à quelqu’un ? Appelez le <a href=""tel:+448005999888"">+44 800 5 999 888</a> ou écrivez sur WhatsApp au <a href=""https://wa.me/447378111111"">+44 7378 111 111</a>.","¿Prefiere hablar directamente con alguien? Llame al <a href=""tel:+448005999888"">+44 800 5 999 888</a> o escriba por WhatsApp al <a href=""https://wa.me/447378111111"">+44 7378 111 111</a>.","هل تفضّل التحدث إلى أحد مباشرةً؟ اتصل على <a href=""tel:+448005999888"">+44 800 5 999 888</a> أو راسلنا على واتساب <a href=""https://wa.me/447378111111"">+44 7378 111 111</a>."
pages,07 — The Manifest,07 — The Manifest,07 — The Manifest,07 — The Manifest
pages,"Editorial dispatches on culture, movement, and the new guard of private aviation — intelligence from the worlds moving below it.","Dépêches éditoriales sur la culture, le mouvement et la nouvelle garde de l’aviation privée — des analyses issues des mondes qui évoluent en dessous.","Despachos editoriales sobre cultura, movimiento y la nueva guardia de la aviación privada: inteligencia de los mundos que se mueven por debajo.",نشرات تحريرية عن الثقافة والحركة والجيل الجديد في الطيران الخاص — رؤى من العوالم التي تتحرك تحته.
pages,"Five threads, one publication. The Manifest is where Jettset thinks out loud — not a company news page, but a place to examine how private aviation intersects with business, sport, music, fashion and global life.","Cinq fils, une publication. The Manifest est l’endroit où Jettset pense à voix haute — pas une page d’actualités d’entreprise, mais un lieu pour examiner comment l’aviation privée croise les affaires, le sport, la musique, la mode et la vie mondiale.","Cinco hilos, una publicación. The Manifest es donde Jettset piensa en voz alta: no una página de noticias corporativas, sino un lugar donde examinar cómo se cruza la aviación privada con los negocios, el deporte, la música, la moda y la vida global.",خمسة محاور، منشور واحد. The Manifest هو المكان الذي تفكّر فيه Jettset بصوت عالٍ — ليس صفحة أخبار مؤسسية، بل مساحة لفحص كيف يتقاطع الطيران الخاص مع الأعمال والرياضة والموسيقى والموضة والحياة العالمية.
pages,"In Motion — Journeys, Told In Motion","In Motion — Des voyages, racontés en mouvement","In Motion — Viajes, contados en movimiento",In Motion — رحلات تُروى في حركتها
pages,The Movement,Le mouvement,El movimiento,الحركة
pages,"Journeys, Routes & Realities","Voyages, itinéraires et réalités","Viajes, rutas y realidades",رحلات ومسارات وواقع
pages,"Inside the schedules of founders, athletes, artists and teams — from aircraft selection and recovery windows to routes commercial travel cannot make work.","Dans les agendas de fondateurs, de sportifs, d’artistes et d’équipes — du choix de l’appareil aux fenêtres de récupération, jusqu’aux itinéraires que le voyage commercial ne peut pas réaliser.","Dentro de las agendas de fundadores, deportistas, artistas y equipos: desde la elección de la aeronave y las ventanas de recuperación hasta rutas que el viaje comercial no puede resolver.",داخل جداول المؤسسين والرياضيين والفنانين والفرق — من اختيار الطائرة ونوافذ التعافي إلى مسارات لا يستطيع السفر التجاري تحقيقها.
pages,The Access,L’accès,El acceso,الوصول
pages,Places Worth Travelling For,Des lieux pour lesquels on voyage,Lugares por los que merece la pena viajar,أماكن تستحق السفر من أجلها
pages,"Official access, destination intelligence and the details surrounding the world's most important weeks — Grand Prix weekends, fashion month, art fairs and festivals.","Accès officiel, connaissance des destinations et détails autour des semaines les plus importantes du monde — week-ends de Grand Prix, mois de la mode, foires d’art et festivals.","Acceso oficial, conocimiento de destinos y los detalles que rodean las semanas más importantes del mundo: fines de semana de Gran Premio, mes de la moda, ferias de arte y festivales.",وصول رسمي ومعرفة بالوجهات وتفاصيل حول أهم أسابيع العالم — عطلات الجائزة الكبرى وشهر الموضة ومعارض الفن والمهرجانات.
pages,What Exceptional Should Feel Like,Ce que doit être l’exceptionnel,Cómo debería sentirse lo excepcional,كيف ينبغي أن يبدو الاستثنائي
pages,"Aircraft, service, safety, privacy and the details that transform transport into a considered journey.","L’appareil, le service, la sécurité, l’intimité et les détails qui transforment un transport en voyage réfléchi.","La aeronave, el servicio, la seguridad, la privacidad y los detalles que convierten un traslado en un viaje cuidado.",الطائرة والخدمة والسلامة والخصوصية والتفاصيل التي تحوّل النقل إلى رحلة مدروسة.
pages,The Network,Le réseau,La red,الشبكة
pages,The People Behind Movement,Les personnes derrière le mouvement,Las personas detrás del movimiento,الأشخاص وراء الحركة
pages,"Operators, advisors, partners and specialists whose judgement matters — and why the right relationship is often more valuable than the largest directory.","Opérateurs, conseillers, partenaires et spécialistes dont le jugement compte — et pourquoi la bonne relation vaut souvent plus que le plus grand annuaire.","Operadores, asesores, socios y especialistas cuyo criterio importa, y por qué la relación adecuada suele valer más que el directorio más grande.",مشغّلون ومستشارون وشركاء ومتخصصون يهمّ رأيهم — ولماذا تكون العلاقة المناسبة في كثير من الأحيان أثمن من أضخم دليل.
pages,The Brief,Le Brief,El Brief,الموجز
pages,Intelligence For Those Who Plan Ahead,L’information pour ceux qui anticipent,Inteligencia para quienes planifican con antelación,معلومات لمن يخططون مسبقًا
pages,"Peak travel periods, market conditions, event-week pressure and the practical information that helps guests move with greater certainty.","Périodes de forte affluence, conditions de marché, pression des semaines d’événements et informations pratiques qui aident les invités à voyager avec plus de certitude.","Periodos de máxima demanda, condiciones de mercado, presión de las semanas de eventos e información práctica que ayuda a los huéspedes a viajar con mayor certeza.",فترات الذروة وظروف السوق وضغط أسابيع الفعاليات والمعلومات العملية التي تساعد الضيوف على السفر بيقين أكبر.
pages,"<span class=""pillar-tag is-active"">All</span> <span class=""pillar-tag"">The Movement</span> <span class=""pillar-tag"">The Access</span> <span class=""pillar-tag"">The Standard</span> <span class=""pillar-tag"">The Network</span> <span class=""pillar-tag"">The Brief</span>","<span class=""pillar-tag is-active"">Tous</span> <span class=""pillar-tag"">Le mouvement</span> <span class=""pillar-tag"">L’accès</span> <span class=""pillar-tag"">Le standard</span> <span class=""pillar-tag"">Le réseau</span> <span class=""pillar-tag"">Le Brief</span>","<span class=""pillar-tag is-active"">Todos</span> <span class=""pillar-tag"">El movimiento</span> <span class=""pillar-tag"">El acceso</span> <span class=""pillar-tag"">El estándar</span> <span class=""pillar-tag"">La red</span> <span class=""pillar-tag"">El Brief</span>","<span class=""pillar-tag is-active"">الكل</span> <span class=""pillar-tag"">الحركة</span> <span class=""pillar-tag"">الوصول</span> <span class=""pillar-tag"">المعيار</span> <span class=""pillar-tag"">الشبكة</span> <span class=""pillar-tag"">الموجز</span>"
pages,All,Tous,Todos,الكل
pages,The Movement — Featured,Le mouvement — À la une,El movimiento — Destacado,الحركة — مميّز
pages,"Six Cities, One Calendar: Inside A Founder's Quarter","Six villes, un seul calendrier : le trimestre d’un fondateur","Seis ciudades, un solo calendario: el trimestre de un fundador",ست مدن، تقويم واحد: ربع سنة لمؤسس
pages,"What it actually looks like to move between London, Dubai, and New York on a schedule no commercial airline could keep — told through one guest's quarter in the air.","À quoi ressemble vraiment le fait de circuler entre Londres, Dubaï et New York selon un calendrier qu’aucune compagnie aérienne commerciale ne pourrait tenir — raconté à travers le trimestre d’un invité dans les airs.","Cómo es realmente moverse entre Londres, Dubái y Nueva York con un calendario que ninguna aerolínea comercial podría cumplir, contado a través del trimestre de un huésped en el aire.",كيف يبدو فعليًا التنقل بين لندن ودبي ونيويورك وفق جدول لا تستطيع أي شركة طيران تجارية الوفاء به — يُروى عبر ربع سنة قضاه ضيف في الأجواء.
pages,Read The Story,Lire l’histoire,Leer la historia,اقرأ القصة
pages,Backstage Before The Bridge,"Dans les coulisses, avant le pont","Entre bastidores, antes del puente",خلف الكواليس قبل الجسر
pages,"What happens between landing and the stage — told from the ground, not the stalls.","Ce qui se passe entre l’atterrissage et la scène — raconté depuis le sol, pas depuis les gradins.","Lo que ocurre entre el aterrizaje y el escenario, contado desde tierra, no desde las gradas.",ما يحدث بين الهبوط والمسرح — يُروى من الأرض لا من المدرجات.
pages,The Detail Nobody Asks For,Le détail dont personne ne parle,El detalle que nadie pide,التفصيل الذي لا يسأل عنه أحد
pages,"Why the smallest preferences — a seat, a scent, a silence — define a Jettset journey.","Pourquoi les plus petites préférences — un siège, un parfum, un silence — définissent un voyage Jettset.","Por qué las preferencias más pequeñas —un asiento, un aroma, un silencio— definen un viaje Jettset.",لماذا تحدد أصغر التفضيلات — مقعد أو عطر أو صمت — ملامح رحلة Jettset.
pages,Inside The Jettset Family,Au sein de la famille Jettset,Dentro de la familia Jettset,داخل عائلة Jettset
pages,"The ambassadors, partners, and operators who move with us — and why fit matters more than fame.","Les ambassadeurs, partenaires et opérateurs qui voyagent avec nous — et pourquoi l’adéquation compte plus que la notoriété.","Los embajadores, socios y operadores que se mueven con nosotros, y por qué la afinidad importa más que la fama.",السفراء والشركاء والمشغّلون الذين يتحركون معنا — ولماذا يهمّ الانسجام أكثر من الشهرة.
pages,What Peak Season Actually Costs,Ce que coûte vraiment la haute saison,Lo que cuesta realmente la temporada alta,كم تكلّف ذروة الموسم فعلًا
pages,Reading the calendar before it reads you — a guide to the corridors that tighten first.,Lire le calendrier avant qu’il ne vous lise — un guide des couloirs qui se resserrent en premier.,Leer el calendario antes de que él le lea a usted: una guía de los corredores que se saturan primero.,اقرأ التقويم قبل أن يقرأك — دليل للممرات التي تضيق أولًا.
pages,"Recovery Windows, Explained",Les fenêtres de récupération expliquées,"Las ventanas de recuperación, explicadas",نوافذ التعافي موضّحة
pages,Why an athlete's return flight matters more than the one that got them there.,Pourquoi le vol retour d’un sportif compte plus que celui qui l’a amené.,Por qué el vuelo de regreso de un deportista importa más que el que lo llevó.,لماذا تهمّ رحلة عودة الرياضي أكثر من الرحلة التي أوصلته.
pages,The FBOs Nobody Photographs,Les FBO que personne ne photographie,Los FBO que nadie fotografía,محطات الخدمة (FBO) التي لا يصوّرها أحد
pages,A quiet tour of the terminals built for guests who'd rather not be seen arriving.,Une visite discrète des terminaux conçus pour les invités qui préfèrent ne pas être vus à l’arrivée.,Un recorrido discreto por las terminales pensadas para huéspedes que prefieren no ser vistos al llegar.,جولة هادئة في المبانٍ المصمَّمة للضيوف الذين يفضّلون ألا يُرَوا عند وصولهم.
pages,Made To Be Kept,Fait pour être conservé,Hecho para conservarse,صُنع ليُحفَظ
pages,"The Manifest lives digitally so its stories stay current and searchable. Selected issues will also be produced in limited print editions — curated around a theme, season or cultural moment, and placed privately with Jettset guests, partners and residences rather than distributed at scale. No disposable publishing. Each physical edition is designed as an object worth returning to.","The Manifest vit en ligne afin que ses récits restent actuels et consultables. Certains numéros seront aussi produits en éditions imprimées limitées — autour d’un thème, d’une saison ou d’un moment culturel — et confiés en privé aux invités, partenaires et résidences de Jettset plutôt que diffusés à grande échelle. Pas de publication jetable. Chaque édition physique est conçue comme un objet auquel on aime revenir.","The Manifest vive en formato digital para que sus historias sigan siendo actuales y fáciles de buscar. Algunos números también se producirán en ediciones impresas limitadas, centradas en un tema, una temporada o un momento cultural, y se entregarán en privado a huéspedes, socios y residencias de Jettset en lugar de distribuirse a gran escala. Nada de publicación desechable. Cada edición física está concebida como un objeto al que merece la pena volver.",تعيش The Manifest رقميًا لتبقى قصصها حديثة وقابلة للبحث. وستُنتَج أعداد مختارة أيضًا في إصدارات مطبوعة محدودة — تدور حول موضوع أو موسم أو لحظة ثقافية — وتُسلَّم بخصوصية لضيوف Jettset وشركائها وإقاماتها بدل توزيعها على نطاق واسع. لا نشر للاستهلاك السريع. وكل إصدار مطبوع مصمَّم ليكون شيئًا يستحق العودة إليه.
pages,Read The Jettset Brief,Lire le Jettset Brief,Leer el Jettset Brief,اقرأ Jettset Brief
pages,"Our monthly intelligence brief — market insight, event-week opportunities, and the cultural calendar, sent direct.","Notre brief mensuel — analyses du marché, opportunités des semaines d’événements et calendrier culturel, envoyés directement.","Nuestro informe mensual: perspectivas del mercado, oportunidades de las semanas de eventos y calendario cultural, enviado directamente.",موجزنا الشهري — رؤى السوق وفرص أسابيع الفعاليات والتقويم الثقافي، يصلك مباشرةً.
pages,"Editorial dispatches on culture, movement, and the new guard of private aviation.","Dépêches éditoriales sur la culture, le mouvement et la nouvelle garde de l’aviation privée.","Despachos editoriales sobre cultura, movimiento y la nueva guardia de la aviación privada.",نشرات تحريرية عن الثقافة والحركة والجيل الجديد في الطيران الخاص.
pages,"<a href=""partners.html"" class="""" id=""navPartners"">Partner With Us</a> <a href=""access-partners.html"" class=""active"" id=""navAccessPartners"">Access Partners</a>","<a href=""partners.html"" class="""" id=""navPartners"">Devenir partenaire</a> <a href=""access-partners.html"" class=""active"" id=""navAccessPartners"">Partenaires d’accès</a>","<a href=""partners.html"" class="""" id=""navPartners"">Colabore con nosotros</a> <a href=""access-partners.html"" class=""active"" id=""navAccessPartners"">Socios de acceso</a>","<a href=""partners.html"" class="""" id=""navPartners"">كن شريكًا معنا</a> <a href=""access-partners.html"" class=""active"" id=""navAccessPartners"">شركاء الوصول</a>"
pages,"Straight-on view of an open aircraft airstair leading up into the cabin, Jettset Global Access Partners programme","Vue de face d’un escalier d’appareil ouvert menant à la cabine, programme Partenaires d’accès de Jettset Global","Vista frontal de la escalerilla abierta de una aeronave que conduce a la cabina, programa de Socios de acceso de Jettset Global",منظر أمامي لسلّم طائرة مفتوح يؤدي إلى المقصورة، برنامج شركاء الوصول من Jettset Global
pages,Connect exceptional guests with exceptional journeys.,Mettez en relation des invités d’exception et des voyages d’exception.,Conecte a huéspedes excepcionales con viajes excepcionales.,اربط ضيوفًا استثنائيين برحلات استثنائية.
pages,Get In Touch,Prendre contact,Póngase en contacto,تواصل معنا
pages,"Whether you advise founders, athletes, artists, executives or family offices, Jettset allows you to extend private aviation, concierge and lifestyle support to the people who already trust you. You make the introduction. We protect the relationship, manage the journey and keep you appropriately informed throughout.","Que vous conseilliez des fondateurs, des sportifs, des artistes, des dirigeants ou des family offices, Jettset vous permet d’étendre l’aviation privée, la conciergerie et l’accompagnement du style de vie aux personnes qui vous font déjà confiance. Vous faites la mise en relation. Nous protégeons la relation, gérons le voyage et vous tenons informé comme il se doit tout au long.","Ya asesore a fundadores, deportistas, artistas, directivos o family offices, Jettset le permite extender la aviación privada, la conserjería y el apoyo de estilo de vida a las personas que ya confían en usted. Usted hace la presentación. Nosotros protegemos la relación, gestionamos el viaje y le mantenemos informado como corresponde durante todo el proceso.",سواء كنت تستشير مؤسسين أو رياضيين أو فنانين أو تنفيذيين أو مكاتب عائلية، تتيح لك Jettset توسيع الطيران الخاص والكونسيرج ودعم نمط الحياة ليصل إلى من يثقون بك أصلًا. أنت تقوم بالتعريف، ونحن نحمي العلاقة وندير الرحلة ونُبقيك مطّلعًا بالقدر المناسب طوال الوقت.
pages,"This isn't a public referral scheme. <strong>It's relationship capital, treated as such.</strong>","Ce n’est pas un programme de parrainage public. <strong>C’est du capital relationnel, traité comme tel.</strong>","Esto no es un programa público de recomendaciones. <strong>Es capital relacional, tratado como tal.</strong>",هذا ليس برنامج إحالة عامًا. <strong>إنه رأس مال علاقات، يُعامَل على هذا الأساس.</strong>
pages,This isn't a public referral scheme.,Ce n’est pas un programme de parrainage public.,Esto no es un programa público de recomendaciones.,هذا ليس برنامج إحالة عامًا.
pages,"It's relationship capital, treated as such.","C’est du capital relationnel, traité comme tel.","Es capital relacional, tratado como tal.",إنه رأس مال علاقات، يُعامَل على هذا الأساس.
pages,Who This Is For,À qui cela s’adresse,A quién va dirigido,لمن هذا
pages,People Who Already Sit Beside Exceptional Clients,Ceux qui côtoient déjà des clients d’exception,Quienes ya están junto a clientes excepcionales,من يجلسون أصلًا بجانب عملاء استثنائيين
pages,Luxury Travel Advisors,Conseillers en voyages de luxe,Asesores de viajes de lujo,مستشارو السفر الفاخر
pages,Sports Agents,Agents sportifs,Agentes deportivos,وكلاء الرياضيين
pages,Wealth Managers,Gestionnaires de patrimoine,Gestores patrimoniales,مديرو الثروات
pages,Concierge Companies,Sociétés de conciergerie,Empresas de conserjería,شركات الكونسيرج
pages,<span>Luxury Real Estate Advisors</span>,<span>Conseillers en immobilier de luxe</span>,<span>Asesores inmobiliarios de lujo</span>,<span>مستشارو العقارات الفاخرة</span>
pages,Luxury Real Estate Advisors,Conseillers en immobilier de luxe,Asesores inmobiliarios de lujo,مستشارو العقارات الفاخرة
pages,Yacht Brokers,Courtiers en yachts,Corredores de yates,وسطاء اليخوت
pages,Hotel Concierges,Concierges d’hôtel,Conserjes de hotel,كونسيرج الفنادق
pages,Private Banks,Banques privées,Banca privada,المصارف الخاصة
pages,<span>Artist &amp; Celebrity Managers</span>,<span>Managers d’artistes et de célébrités</span>,<span>Representantes de artistas y celebridades</span>,<span>مديرو الفنانين والمشاهير</span>
pages,Artist & Celebrity Managers,Managers d’artistes et de célébrités,Representantes de artistas y celebridades,مديرو الفنانين والمشاهير
pages,Trusted Professional Advisors,Conseillers professionnels de confiance,Asesores profesionales de confianza,مستشارون مهنيون موثوقون
pages,"A Relationship, Not A Funnel","Une relation, pas un entonnoir","Una relación, no un embudo",علاقة، لا قمع مبيعات
pages,One Introduction. Properly Handled.,Une mise en relation. Traitée comme il se doit.,Una presentación. Gestionada como corresponde.,تعريف واحد. يُعالَج كما ينبغي.
pages,"You introduce the guest directly. From the first conversation onward, the relationship is managed discreetly and to the standard your own name would demand.","Vous présentez directement l’invité. Dès la première conversation, la relation est gérée avec discrétion et au niveau d’exigence que votre propre nom imposerait.","Usted presenta al huésped directamente. Desde la primera conversación, la relación se gestiona con discreción y al nivel que exigiría su propio nombre.",تقدّم الضيف مباشرةً. ومنذ الحديث الأول تُدار العلاقة بكتمان وبالمستوى الذي يتطلبه اسمك.
pages,No Scripts. No Referral Links.,Pas de scripts. Pas de liens de parrainage.,Sin guiones. Sin enlaces de recomendación.,لا نصوص جاهزة. لا روابط إحالة.
pages,"There are no public dashboards, tracking pixels or impersonal lead funnels. You have a direct line to the people responsible for the relationship.","Il n’y a ni tableaux de bord publics, ni pixels de suivi, ni entonnoirs de prospection impersonnels. Vous avez une ligne directe avec les personnes responsables de la relation.","No hay paneles públicos, píxeles de seguimiento ni embudos de captación impersonales. Tiene una línea directa con las personas responsables de la relación.",لا لوحات متابعة عامة ولا بكسلات تتبع ولا قمع عملاء غير شخصي. لديك خط مباشر مع المسؤولين عن العلاقة.
pages,Your Relationship Is Protected.,Votre relation est protégée.,Su relación está protegida.,علاقتك محمية.
pages,We never treat an introduction as a transferable lead. The trust between you and your client remains respected throughout.,Nous ne traitons jamais une mise en relation comme un contact transférable. La confiance entre vous et votre client est respectée en permanence.,Nunca tratamos una presentación como un contacto transferible. La confianza entre usted y su cliente se respeta en todo momento.,لا نتعامل أبدًا مع التعريف كعميل محتمل قابل للتحويل. وتُحترم الثقة بينك وبين عميلك في كل الأوقات.
pages,What You Can Introduce,Ce que vous pouvez présenter,Lo que puede presentar,ما يمكنك تقديمه
pages,One Relationship. A Wider World Of Support.,Une relation. Un monde d’accompagnement plus large.,Una relación. Un mundo más amplio de apoyo.,علاقة واحدة. عالم أوسع من الدعم.
pages,On-demand private jet charter.,Affrètement de jet privé à la demande.,Chárter de jet privado bajo demanda.,تأجير طائرات خاصة عند الطلب.
pages,Jet Card programmes for frequent private flyers.,Programmes Jet Card pour les voyageurs privés fréquents.,Programas Jet Card para viajeros privados frecuentes.,برامج Jet Card للمسافرين الخاصين الدائمين.
pages,Club membership for returning guests and family offices.,Adhésion Club pour les invités réguliers et les family offices.,Membresía Club para huéspedes habituales y family offices.,عضوية Club للضيوف الدائمين والمكاتب العائلية.
pages,Empty-leg opportunities through Legs membership.,Opportunités de trajets à vide grâce à l’adhésion Legs.,Oportunidades de tramos vacíos mediante la membresía Legs.,فرص المقاطع الفارغة عبر عضوية Legs.
pages,Global chauffeur and ground-transport logistics.,Logistique mondiale de chauffeurs et de transport terrestre.,Logística global de chófer y transporte terrestre.,لوجستيات عالمية للسائقين والنقل البري.
pages,"Touring, production and executive movement.","Tournées, productions et déplacements de dirigeants.","Giras, producciones y desplazamientos de directivos.",الجولات والإنتاج وتنقلات الشخصيات التنفيذية.
pages,Lifestyle concierge and destination support.,Conciergerie de style de vie et soutien à destination.,Conserjería de estilo de vida y apoyo en destino.,كونسيرج نمط الحياة والدعم في الوجهة.
pages,Commercial-airport VIP and fast-track experiences.,Expériences VIP et accélérées dans les aéroports commerciaux.,Experiencias VIP y de paso rápido en aeropuertos comerciales.,تجارب VIP وإجراءات سريعة في المطارات التجارية.
pages,"Corporate, institutional and aviation advisory requirements.","Besoins d’entreprise, institutionnels et de conseil en aviation.","Necesidades corporativas, institucionales y de asesoría aeronáutica.",احتياجات الشركات والمؤسسات والاستشارات الجوية.
pages,Why Partners Choose Jettset,Pourquoi les partenaires choisissent Jettset,Por qué los socios eligen Jettset,لماذا يختار الشركاء Jettset
pages,What Stands Behind Every Introduction,Ce qui se tient derrière chaque mise en relation,Lo que hay detrás de cada presentación,ما يقف وراء كل تعريف
pages,Global aircraft access through preferred fleet partners and direct operators.,Un accès mondial aux appareils grâce à des flottes partenaires privilégiées et à des opérateurs directs.,Acceso global a aeronaves mediante flotas asociadas preferentes y operadores directos.,وصول عالمي إلى الطائرات عبر أساطيل شريكة مفضّلة ومشغّلين مباشرين.
pages,Concierge beyond the aircraft door.,Une conciergerie qui va au-delà de la porte de l’appareil.,Conserjería más allá de la puerta de la aeronave.,كونسيرج يتجاوز باب الطائرة.
pages,"Dedicated journey management, one point of contact throughout.","Gestion de voyage dédiée, avec un seul interlocuteur du début à la fin.","Gestión de viaje dedicada, con un único punto de contacto de principio a fin.",إدارة رحلة مخصصة، مع نقطة اتصال واحدة طوال الوقت.
pages,White-label delivery where appropriate.,Prestation en marque blanche lorsque c’est approprié.,Servicio en marca blanca cuando proceda.,تنفيذ بعلامة بيضاء عند الاقتضاء.
pages,Discretion by design.,La discrétion par conception.,Discreción por diseño.,التكتّم بالتصميم.
pages,"Cultural fluency across founders, athletes, artists, executives and families.","Une fluidité culturelle auprès des fondateurs, sportifs, artistes, dirigeants et familles.","Fluidez cultural con fundadores, deportistas, artistas, ejecutivos y familias.",طلاقة ثقافية مع المؤسسين والرياضيين والفنانين والتنفيذيين والعائلات.
pages,A brand your clients will be proud to be introduced to.,Une marque à laquelle vos clients seront fiers d’être présentés.,Una marca a la que sus clientes se sentirán orgullosos de ser presentados.,علامة سيفخر عملاؤك بأن يُعرَّفوا بها.
pages,The Introduction Standard,Le standard de mise en relation,El estándar de presentación,معيار التعريف
pages,What You Can Expect From Us,Ce que vous pouvez attendre de nous,Lo que puede esperar de nosotros,ما يمكنك توقعه منا
pages,<strong>A Prompt Response</strong> — your introduction is acknowledged quickly and directed to the right member of the team.,<strong>Une réponse rapide</strong> — votre mise en relation est rapidement prise en compte et dirigée vers le bon membre de l’équipe.,<strong>Una respuesta rápida</strong>: su presentación se atiende con prontitud y se dirige al miembro adecuado del equipo.,<strong>رد سريع</strong> — يُقرّ بتعريفك بسرعة ويُوجَّه إلى العضو المناسب في الفريق.
pages,A Prompt Response,Une réponse rapide,Una respuesta rápida,رد سريع
pages,— your introduction is acknowledged quickly and directed to the right member of the team.,— votre mise en relation est rapidement prise en compte et dirigée vers le bon membre de l’équipe.,— su presentación se atiende con prontitud y se dirige al miembro adecuado del equipo.,— يُقرّ بتعريفك بسرعة ويُوجَّه إلى العضو المناسب في الفريق.
pages,<strong>No Unnecessary Handoffs</strong> — the guest isn't passed through layers of departments or asked to repeat requirements.,<strong>Aucun transfert inutile</strong> — l’invité ne passe pas par des couches de services et n’a pas à répéter ses besoins.,<strong>Sin traspasos innecesarios</strong>: el huésped no pasa por capas de departamentos ni tiene que repetir sus requisitos.,<strong>لا تحويلات غير ضرورية</strong> — لا يمرّ الضيف عبر طبقات من الأقسام ولا يُطلب منه تكرار متطلباته.
pages,No Unnecessary Handoffs,Aucun transfert inutile,Sin traspasos innecesarios,لا تحويلات غير ضرورية
pages,— the guest isn't passed through layers of departments or asked to repeat requirements.,— l’invité ne passe pas par des couches de services et n’a pas à répéter ses besoins.,— el huésped no pasa por capas de departamentos ni tiene que repetir sus requisitos.,— لا يمرّ الضيف عبر طبقات من الأقسام ولا يُطلب منه تكرار متطلباته.
pages,<strong>Appropriate Visibility</strong> — you remain informed at the level agreed with you and the guest.,<strong>Une visibilité adaptée</strong> — vous restez informé au niveau convenu avec vous et l’invité.,<strong>Visibilidad adecuada</strong>: usted permanece informado en el nivel acordado con usted y con el huésped.,<strong>اطّلاع مناسب</strong> — تبقى مطّلعًا بالمستوى المتفق عليه معك ومع الضيف.
pages,Appropriate Visibility,Une visibilité adaptée,Visibilidad adecuada,اطّلاع مناسب
pages,— you remain informed at the level agreed with you and the guest.,— vous restez informé au niveau convenu avec vous et l’invité.,— usted permanece informado en el nivel acordado con usted y con el huésped.,— تبقى مطّلعًا بالمستوى المتفق عليه معك ومع الضيف.
pages,<strong>No Unauthorised Outreach</strong> — an introduction is never permission to market unrelated services.,<strong>Aucune sollicitation non autorisée</strong> — une mise en relation n’est jamais une autorisation de promouvoir des services sans rapport.,<strong>Sin contactos no autorizados</strong>: una presentación nunca es permiso para promocionar servicios no relacionados.,<strong>لا تواصل غير مصرَّح به</strong> — التعريف ليس إذنًا بالترويج لخدمات غير ذات صلة.
pages,No Unauthorised Outreach,Aucune sollicitation non autorisée,Sin contactos no autorizados,لا تواصل غير مصرَّح به
pages,— an introduction is never permission to market unrelated services.,— une mise en relation n’est jamais une autorisation de promouvoir des services sans rapport.,— una presentación nunca es permiso para promocionar servicios no relacionados.,— التعريف ليس إذنًا بالترويج لخدمات غير ذات صلة.
pages,<strong>Long-Term Care</strong> — preferences and context are carried forward so future journeys begin one step ahead.,<strong>Un suivi à long terme</strong> — les préférences et le contexte sont conservés afin que les prochains voyages démarrent avec une longueur d’avance.,<strong>Atención a largo plazo</strong>: las preferencias y el contexto se mantienen para que los futuros viajes empiecen un paso por delante.,<strong>رعاية طويلة الأمد</strong> — تُحفظ التفضيلات والسياق لتبدأ الرحلات المقبلة متقدمةً بخطوة.
pages,Long-Term Care,Un suivi à long terme,Atención a largo plazo,رعاية طويلة الأمد
pages,— preferences and context are carried forward so future journeys begin one step ahead.,— les préférences et le contexte sont conservés afin que les prochains voyages démarrent avec une longueur d’avance.,— las preferencias y el contexto se mantienen para que los futuros viajes empiecen un paso por delante.,— تُحفظ التفضيلات والسياق لتبدأ الرحلات المقبلة متقدمةً بخطوة.
pages,Request A Partnership Discussion,Demander une discussion de partenariat,Solicitar una conversación sobre colaboración,اطلب نقاشًا حول الشراكة
pages,"If you sit beside clients who expect more than commercial travel can offer, we'd like to know you. Tell us a little about your world and we'll continue the conversation from there.","Si vous côtoyez des clients qui attendent plus que ce que le voyage commercial peut offrir, nous aimerions vous connaître. Parlez-nous un peu de votre univers et nous poursuivrons la conversation à partir de là.","Si está junto a clientes que esperan más de lo que puede ofrecer el viaje comercial, nos gustaría conocerle. Cuéntenos un poco sobre su mundo y continuaremos la conversación desde ahí.",إذا كنت بجانب عملاء يتوقعون أكثر مما يقدمه السفر التجاري، فيسعدنا التعرّف عليك. حدّثنا قليلًا عن عالمك وسنواصل الحوار من هناك.
pages,Company / Practice,Société / Cabinet,Empresa / Despacho,الشركة / المكتب
pages,Where you work,Où vous travaillez,Dónde trabaja,مكان عملك
pages,How You Know Exceptional Clients,Comment connaissez-vous des clients d’exception,Cómo conoce a clientes excepcionales,كيف تعرف عملاء استثنائيين
pages,Select the closest fit,Sélectionnez la réponse la plus proche,Seleccione la opción más cercana,اختر الأقرب
pages,Family Office,Family office,Family office,مكتب عائلي
pages,Luxury Travel Advisor,Conseiller en voyages de luxe,Asesor de viajes de lujo,مستشار سفر فاخر
pages,Sports Agent,Agent sportif,Agente deportivo,وكيل رياضي
pages,Wealth Manager,Gestionnaire de patrimoine,Gestor patrimonial,مدير ثروات
pages,Concierge Company,Société de conciergerie,Empresa de conserjería,شركة كونسيرج
pages,Luxury Real Estate Advisor,Conseiller en immobilier de luxe,Asesor inmobiliario de lujo,مستشار عقارات فاخرة
pages,Yacht Broker,Courtier en yachts,Corredor de yates,وسيط يخوت
pages,Hotel Concierge,Concierge d’hôtel,Conserje de hotel,كونسيرج فندق
pages,Private Bank,Banque privée,Banca privada,مصرف خاص
pages,Executive Assistant,Assistant de direction,Asistente ejecutivo,مساعد تنفيذي
pages,Artist & Celebrity Manager,Manager d’artistes et de célébrités,Representante de artistas y celebridades,مدير فنانين ومشاهير
pages,Tell Us A Little About Your World,Parlez-nous un peu de votre univers,Cuéntenos un poco sobre su mundo,حدّثنا قليلًا عن عالمك
pages,Request Partnership Discussion,Demander une discussion de partenariat,Solicitar una conversación sobre colaboración,اطلب نقاشًا حول الشراكة
pages,Access Partners | Jettset Global,Partenaires d’accès | Jettset Global,Socios de acceso | Jettset Global,شركاء الوصول | Jettset Global
pages,Relationship capital — the network behind Jettset Global’s access.,Le capital relationnel — le réseau derrière l’accès de Jettset Global.,Capital relacional: la red detrás del acceso de Jettset Global.,رأس مال العلاقات — الشبكة التي تقف وراء وصول Jettset Global.
pages,"Real arrivals. Real departures. Real moments — captured from the journeys, people and places that shape the Jettset world.","De vraies arrivées. De vrais départs. De vrais moments — saisis dans les voyages, les personnes et les lieux qui façonnent l’univers Jettset.","Llegadas reales. Salidas reales. Momentos reales, captados en los viajes, las personas y los lugares que dan forma al mundo Jettset.",وصول حقيقي. وإقلاع حقيقي. لحظات حقيقية — التُقطت من الرحلات والأشخاص والأماكن التي تصنع عالم Jettset.
pages,"<span class=""pillar-tag is-active"">All</span> <span class=""pillar-tag"">Aviation</span> <span class=""pillar-tag"">Arrivals</span> <span class=""pillar-tag"">Ground</span> <span class=""pillar-tag"">Concierge</span> <span class=""pillar-tag"">Culture</span>","<span class=""pillar-tag is-active"">Tous</span> <span class=""pillar-tag"">Aviation</span> <span class=""pillar-tag"">Arrivées</span> <span class=""pillar-tag"">Au sol</span> <span class=""pillar-tag"">Conciergerie</span> <span class=""pillar-tag"">Culture</span>","<span class=""pillar-tag is-active"">Todos</span> <span class=""pillar-tag"">Aviación</span> <span class=""pillar-tag"">Llegadas</span> <span class=""pillar-tag"">En tierra</span> <span class=""pillar-tag"">Conserjería</span> <span class=""pillar-tag"">Cultura</span>","<span class=""pillar-tag is-active"">الكل</span> <span class=""pillar-tag"">الطيران</span> <span class=""pillar-tag"">الوصول</span> <span class=""pillar-tag"">على الأرض</span> <span class=""pillar-tag"">الكونسيرج</span> <span class=""pillar-tag"">الثقافة</span>"
pages,Aviation,Aviation,Aviación,الطيران
pages,Arrivals,Arrivées,Llegadas,الوصول
pages,Ground,Au sol,En tierra,على الأرض
pages,← Previous,← Précédent,← Anterior,→ السابق
pages,Next →,Suivant →,Siguiente →,التالي ←
pages,Airport Arrival,Arrivée à l’aéroport,Llegada al aeropuerto,الوصول إلى المطار
pages,Arrival,Arrivée,Llegada,الوصول
pages,"The first moments on the ground — a private terminal, a car already waiting.","Les premiers instants au sol — un terminal privé, une voiture qui attend déjà.","Los primeros momentos en tierra: una terminal privada, un coche que ya espera.",اللحظات الأولى على الأرض — مبنى خاص وسيارة تنتظر بالفعل.
pages,"The Journey, Frame By Frame","Le voyage, image par image","El viaje, fotograma a fotograma",الرحلة، لقطة بلقطة
pages,Movement Begins Before The Aircraft,Le mouvement commence avant l’appareil,El movimiento empieza antes que la aeronave,الحركة تبدأ قبل الطائرة
pages,Before Departure,Avant le départ,Antes de la salida,قبل المغادرة
pages,The collection from home. The vehicle already waiting. Luggage handled. The quiet movement through a private terminal.,La prise en charge à domicile. Le véhicule qui attend déjà. Les bagages pris en charge. Le passage discret dans un terminal privé.,La recogida en casa. El vehículo que ya espera. El equipaje resuelto. El tránsito tranquilo por una terminal privada.,الاستقبال من المنزل. السيارة التي تنتظر بالفعل. الأمتعة المُنجزة. العبور الهادئ عبر مبنى خاص.
pages,"Aircraft arrivals, cabin details, final preparations and wheels up — the part of the journey everyone sees, managed by everything they don't.","Arrivées d’appareils, détails de cabine, derniers préparatifs et décollage — la partie du voyage que tout le monde voit, gérée par tout ce que personne ne voit.","Llegadas de aeronaves, detalles de cabina, últimos preparativos y despegue: la parte del viaje que todos ven, gestionada por todo lo que nadie ve.",وصول الطائرات وتفاصيل المقصورة والتحضيرات الأخيرة والإقلاع — الجزء من الرحلة الذي يراه الجميع، وتُديره كل الأمور التي لا يراها أحد.
pages,On Arrival,À l’arrivée,A la llegada,عند الوصول
pages,"The aircraft door opens, the chauffeur is in position, and the next part of the journey is already moving. No pause between air and ground.","La porte de l’appareil s’ouvre, le chauffeur est en place, et la suite du voyage est déjà en mouvement. Aucune pause entre le ciel et le sol.","Se abre la puerta de la aeronave, el chófer está en su sitio y la siguiente parte del viaje ya está en marcha. Sin pausa entre el aire y la tierra.",يُفتح باب الطائرة، ويكون السائق في موضعه، ويكون الجزء التالي من الرحلة قد بدأ بالفعل. لا توقف بين الجو والأرض.
pages,"Touring fleets, accommodation, dining, events and access — the flight is one chapter, the experience continues.","Flottes de tournée, hébergement, restauration, événements et accès — le vol n’est qu’un chapitre, l’expérience continue.","Flotas de gira, alojamiento, restauración, eventos y acceso: el vuelo es un capítulo y la experiencia continúa.",أساطيل الجولات والإقامة والطعام والفعاليات والوصول — الرحلة الجوية فصل واحد وتستمر التجربة.
pages,Culture In Motion,La culture en mouvement,La cultura en movimiento,الثقافة في حركتها
pages,"The cities, people and moments shaping how the world moves now — fashion, music, sport, business and global events.","Les villes, les personnes et les moments qui façonnent la manière dont le monde se déplace aujourd’hui — mode, musique, sport, affaires et événements mondiaux.","Las ciudades, las personas y los momentos que dan forma a cómo se mueve hoy el mundo: moda, música, deporte, negocios y eventos globales.",المدن والأشخاص واللحظات التي تشكّل طريقة حركة العالم اليوم — الموضة والموسيقى والرياضة والأعمال والفعاليات العالمية.
pages,Featured Films,Films à l’affiche,Películas destacadas,أفلام مميّزة
pages,A Different View Of The Journey,Un autre regard sur le voyage,Otra mirada al viaje,نظرة مختلفة إلى الرحلة
pages,The Departure,Le départ,La salida,الإقلاع
pages,"The moments before wheels up — considered, coordinated and already in motion.","Les instants avant le décollage — pensés, coordonnés et déjà en mouvement.","Los momentos antes del despegue: pensados, coordinados y ya en movimiento.",اللحظات قبل الإقلاع — مدروسة ومنسّقة وفي حركة بالفعل.
pages,The Arrival,L’arrivée,La llegada,الوصول
pages,"From aircraft steps to waiting vehicle, with the transition handled as one continuous experience.","De la passerelle de l’appareil au véhicule qui attend, la transition étant gérée comme une expérience continue.","De la escalerilla de la aeronave al vehículo que espera, con la transición gestionada como una experiencia continua.",من سلّم الطائرة إلى السيارة المنتظرة، والانتقال يُدار كتجربة متصلة واحدة.
pages,The Ground Movement,Le mouvement au sol,El movimiento en tierra,الحركة على الأرض
pages,"Individuals, entourages, touring teams and event guests moved across cities with precision.","Particuliers, entourages, équipes de tournée et invités d’événements déplacés d’une ville à l’autre avec précision.","Particulares, séquitos, equipos de gira e invitados de eventos desplazados entre ciudades con precisión.",أفراد ومرافقون وفرق جولات وضيوف فعاليات يُنقلون بين المدن بدقة.
pages,The Destination,La destination,El destino,الوجهة
pages,"What happens after arrival — the room, the table, the access and the details already waiting.","Ce qui se passe après l’arrivée — la chambre, la table, l’accès et les détails qui attendent déjà.","Lo que ocurre tras la llegada: la habitación, la mesa, el acceso y los detalles que ya esperan.",ما يحدث بعد الوصول — الغرفة والطاولة والوصول والتفاصيل التي تنتظر بالفعل.
pages,The House,La Maison,La Casa,الدار
pages,"Aviation, concierge and culture, seen together, as one world rather than separate services.","Aviation, conciergerie et culture, vues ensemble, comme un seul monde plutôt que des services séparés.","Aviación, conserjería y cultura, vistas juntas, como un solo mundo y no como servicios separados.",الطيران والكونسيرج والثقافة، تُرى معًا كعالم واحد لا كخدمات منفصلة.
pages,Not Every Journey Is Meant To Be Seen,Tous les voyages ne sont pas faits pour être vus,No todos los viajes están hechos para ser vistos,ليست كل رحلة مخصصة لتُرى
pages,"In Motion only shares what has been cleared to share. Guest privacy, operational discretion and the integrity of the journey always come first. The most important work often happens beyond the frame — quietly, without announcement and exactly as it should.","In Motion ne partage que ce qui a été autorisé. La vie privée des invités, la discrétion opérationnelle et l’intégrité du voyage passent toujours en premier. Le travail le plus important se déroule souvent hors cadre — en silence, sans annonce et exactement comme il se doit.","In Motion solo comparte lo que se ha autorizado. La privacidad de los huéspedes, la discreción operativa y la integridad del viaje son siempre lo primero. El trabajo más importante suele ocurrir fuera de plano, en silencio, sin anuncios y exactamente como debe ser.",تشارك In Motion فقط ما صُرِّح بنشره. فخصوصية الضيوف والتكتّم التشغيلي وسلامة الرحلة تأتي دائمًا أولًا. وكثيرًا ما يحدث أهم العمل خارج الإطار — بهدوء ودون إعلان وكما ينبغي تمامًا.
pages,Your Journey Could Begin Here,Votre voyage pourrait commencer ici,Su viaje podría empezar aquí,قد تبدأ رحلتك من هنا
pages,Tell us where you need to be and what the journey needs to feel like. We will take care of everything around it.,Dites-nous où vous devez être et ce que le voyage doit faire ressentir. Nous nous occupons de tout ce qui l’entoure.,Cuéntenos adónde necesita llegar y cómo debe sentirse el viaje. Nosotros nos ocupamos de todo lo que lo rodea.,أخبرنا أين تحتاج أن تكون وكيف ينبغي أن تبدو الرحلة. وسنتولى كل ما يحيط بها.
pages,In Motion | Jettset Global,In Motion | Jettset Global,In Motion | Jettset Global,In Motion | Jettset Global
pages,"Journeys, told in motion — real arrivals, real departures, real moments.","Des voyages racontés en mouvement — de vraies arrivées, de vrais départs, de vrais moments.","Viajes contados en movimiento: llegadas reales, salidas reales, momentos reales.",رحلات تُروى في حركتها — وصول حقيقي وإقلاع حقيقي ولحظات حقيقية.
pages,"<time datetime=""2026-10-20"">20–24 October 2026</time><br>Paris, France · Monnaie de Paris","<time datetime=""2026-10-20"">20–24 octobre 2026</time><br>Paris, France · Monnaie de Paris","<time datetime=""2026-10-20"">20–24 de octubre de 2026</time><br>París, Francia · Monnaie de Paris","<time datetime=""2026-10-20"">20–24 أكتوبر 2026</time><br>باريس، فرنسا · Monnaie de Paris"
pages,20–24 October 2026,20–24 octobre 2026,20–24 de octubre de 2026,20–24 أكتوبر 2026
pages,"Paris, France · Monnaie de Paris","Paris, France · Monnaie de Paris","París, Francia · Monnaie de Paris",باريس، فرنسا · Monnaie de Paris
pages,"Asia Now brings galleries and artists from across Asia and its diasporas to the Monnaie de Paris, on the Left Bank, for a week that is as much about conversation as about the work on the walls.","Asia Now réunit des galeries et des artistes de toute l’Asie et de ses diasporas à la Monnaie de Paris, sur la Rive gauche, pour une semaine qui tient autant de la conversation que des œuvres accrochées aux murs.","Asia Now reúne a galerías y artistas de toda Asia y sus diásporas en la Monnaie de Paris, en la Rive Gauche, durante una semana en la que importa tanto la conversación como las obras en las paredes.",تجمع Asia Now معارض وفنانين من أنحاء آسيا وجالياتها في Monnaie de Paris على الضفة اليسرى، لأسبوع يدور حول الحوار بقدر ما يدور حول الأعمال المعلّقة على الجدران.
pages,"It runs in the same fortnight as Art Basel Paris, so the city is full of visitors with overlapping plans. Giving your Paris days a clear order, with the fair you care most about first, makes the week easier.","Elle se tient au cours de la même quinzaine qu’Art Basel Paris : la ville est donc pleine de visiteurs aux programmes qui se recoupent. Donner un ordre clair à vos journées parisiennes, en plaçant en premier la foire qui vous importe le plus, rend la semaine plus facile.","Se celebra en la misma quincena que Art Basel Paris, por lo que la ciudad se llena de visitantes con agendas que se solapan. Dar un orden claro a sus días en París, con la feria que más le interesa en primer lugar, hace la semana más fácil.",تُقام في الأسبوعين نفسيهما اللذين تُقام فيهما Art Basel Paris، فتمتلئ المدينة بزوار تتداخل خططهم. ووضع ترتيب واضح لأيامك في باريس، بتقديم المعرض الأهم لديك، يجعل الأسبوع أسهل.
pages,"The organiser lists Asia Now for 20–24 October 2026 at the Monnaie de Paris, with a VIP preview on Monday 19 October. Confirm access arrangements with the organiser.","L’organisateur annonce Asia Now du 20 au 24 octobre 2026 à la Monnaie de Paris, avec une avant-première VIP le lundi 19 octobre. Confirmez les modalités d’accès auprès de l’organisateur.","El organizador anuncia Asia Now del 20 al 24 de octubre de 2026 en la Monnaie de Paris, con una previsualización VIP el lunes 19 de octubre. Confirme las condiciones de acceso con el organizador.",يُعلن المنظّم عن Asia Now من 20 إلى 24 أكتوبر 2026 في Monnaie de Paris، مع معاينة VIP يوم الاثنين 19 أكتوبر. تأكد من ترتيبات الدخول مع المنظّم.
pages,Overlap with Art Basel Paris,Chevauchement avec Art Basel Paris,Coincidencia con Art Basel Paris,التداخل مع Art Basel Paris
pages,"Art Basel Paris is listed for 23–25 October 2026, so the two fairs overlap on 23 and 24 October. If you plan to attend both, consider which days suit each.","Art Basel Paris est annoncée du 23 au 25 octobre 2026 ; les deux foires se chevauchent donc les 23 et 24 octobre. Si vous comptez assister aux deux, réfléchissez aux jours qui conviennent à chacune.","Art Basel Paris figura del 23 al 25 de octubre de 2026, por lo que las dos ferias coinciden los días 23 y 24 de octubre. Si piensa asistir a ambas, considere qué días le convienen para cada una.",أُعلنت Art Basel Paris من 23 إلى 25 أكتوبر 2026، لذا يتداخل المعرضان يومي 23 و24 أكتوبر. وإذا كنت تنوي حضورهما معًا، ففكّر في الأيام التي تناسب كلًّا منهما.
pages,"Paris Le Bourget is the airport most associated with business aviation for the city, and it is one of the airports we plan with. We confirm the best arrival airport for your aircraft and schedule when we plan your journey.",Paris-Le Bourget est l’aéroport le plus associé à l’aviation d’affaires pour la ville et l’un des aéroports avec lesquels nous travaillons. Nous confirmons le meilleur aéroport d’arrivée pour votre appareil et votre calendrier lors de la préparation de votre voyage.,París-Le Bourget es el aeropuerto más asociado a la aviación de negocios en la ciudad y uno de los aeropuertos con los que planificamos. Confirmamos el mejor aeropuerto de llegada para su aeronave y su calendario al planificar su viaje.,مطار باريس لو بورجيه هو الأكثر ارتباطًا بطيران الأعمال في المدينة وأحد المطارات التي نخطط معها. ونؤكد أنسب مطار وصول لطائرتك وجدولك عند تخطيط رحلتك.
pages,"Programme, access and ticketing are managed by the organiser. For the latest details, go to <a class=""ce-link"" href=""https://asianowparis.com/"" target=""_blank"" rel=""noopener noreferrer"">Asia Now – Paris Asian Art Fair’s official information<span aria-hidden=""true""> ↗</span></a>.","Le programme, l’accès et la billetterie sont gérés par l’organisateur. Pour les informations les plus récentes, consultez <a class=""ce-link"" href=""https://asianowparis.com/"" target=""_blank"" rel=""noopener noreferrer"">les informations officielles d’Asia Now – Paris Asian Art Fair<span aria-hidden=""true""> ↗</span></a>.","El programa, el acceso y la venta de entradas los gestiona el organizador. Para conocer los últimos detalles, consulte <a class=""ce-link"" href=""https://asianowparis.com/"" target=""_blank"" rel=""noopener noreferrer"">la información oficial de Asia Now – Paris Asian Art Fair<span aria-hidden=""true""> ↗</span></a>.","يتولى المنظّم إدارة البرنامج والدخول والتذاكر. وللاطلاع على أحدث التفاصيل، انتقل إلى <a class=""ce-link"" href=""https://asianowparis.com/"" target=""_blank"" rel=""noopener noreferrer"">المعلومات الرسمية لـ Asia Now – Paris Asian Art Fair<span aria-hidden=""true""> ↗</span></a>."
pages,"Asia Now – Paris Asian Art Fair’s official information<span aria-hidden=""true""> ↗</span>","les informations officielles d’Asia Now – Paris Asian Art Fair<span aria-hidden=""true""> ↗</span>","la información oficial de Asia Now – Paris Asian Art Fair<span aria-hidden=""true""> ↗</span>","المعلومات الرسمية لـ Asia Now – Paris Asian Art Fair<span aria-hidden=""true""> ↗</span>"
pages,Asia Now – Paris Asian Art Fair’s official information,Les informations officielles d’Asia Now – Paris Asian Art Fair,La información oficial de Asia Now – Paris Asian Art Fair,المعلومات الرسمية لـ Asia Now – Paris Asian Art Fair
pages,"<a class=""ce-cta"" id=""cePlan"" href=""/quote"" data-city=""Paris"" data-note=""Event: Asia Now, Paris (20–24 October 2026)"">Plan Your Journey <span aria-hidden=""true"">↗</span></a>","<a class=""ce-cta"" id=""cePlan"" href=""/quote"" data-city=""Paris"" data-note=""Event: Asia Now, Paris (20–24 October 2026)"">Préparer votre voyage <span aria-hidden=""true"">↗</span></a>","<a class=""ce-cta"" id=""cePlan"" href=""/quote"" data-city=""Paris"" data-note=""Event: Asia Now, Paris (20–24 October 2026)"">Planifique su viaje <span aria-hidden=""true"">↗</span></a>","<a class=""ce-cta"" id=""cePlan"" href=""/quote"" data-city=""Paris"" data-note=""Event: Asia Now, Paris (20–24 October 2026)"">خطّط لرحلتك <span aria-hidden=""true"">↗</span></a>"
pages,"Jettset is not affiliated with Asia Now – Paris Asian Art Fair, is not an official partner of the event, and does not sell tickets or provide access to it. This page is Jettset’s own planning guide.","Jettset n’est pas affiliée à Asia Now – Paris Asian Art Fair, n’est pas partenaire officiel de l’événement, ne vend pas de billets et ne donne pas accès à l’événement. Cette page est le guide de préparation propre à Jettset.","Jettset no está afiliada a Asia Now – Paris Asian Art Fair, no es socio oficial del evento y no vende entradas ni ofrece acceso al mismo. Esta página es la guía de planificación propia de Jettset.",Jettset غير تابعة لـ Asia Now – Paris Asian Art Fair وليست شريكًا رسميًا للحدث، ولا تبيع التذاكر ولا توفّر الدخول إليه. هذه الصفحة هي دليل التخطيط الخاص بـ Jettset.
pages,"Asia Now 2026, Paris | The Global Culture Calendar | Jettset Global","Asia Now 2026, Paris | Le calendrier mondial de la culture | Jettset Global","Asia Now 2026, París | El Calendario Cultural Global | Jettset Global",Asia Now 2026، باريس | التقويم الثقافي العالمي | Jettset Global
pages,"Asia Now, Paris, 20–24 October 2026. A Jettset guide to planning your journey: timing, airports and what to confirm with the organiser.","Asia Now, Paris, 20–24 octobre 2026. Un guide Jettset pour préparer votre voyage : calendrier, aéroports et points à confirmer auprès de l’organisateur.","Asia Now, París, 20–24 de octubre de 2026. Una guía de Jettset para planificar su viaje: fechas, aeropuertos y qué confirmar con el organizador.",Asia Now، باريس، 20–24 أكتوبر 2026. دليل من Jettset لتخطيط رحلتك: التوقيت والمطارات وما ينبغي تأكيده مع المنظّم.
pages,Discover,Découvrir,Descubrir,اكتشف
pages,Previous event,Événement précédent,Evento anterior,الحدث السابق
pages,Pause automatic rotation,Mettre en pause la rotation automatique,Pausar la rotación automática,إيقاف التدوير التلقائي مؤقتًا
pages,Next event,Événement suivant,Evento siguiente,الحدث التالي
pages,Not a loyalty scheme. A standing relationship for guests and offices who return to Jettset often enough that the relationship itself deserves structure.,Pas un programme de fidélité. Une relation durable pour les invités et les bureaux qui reviennent chez Jettset assez souvent pour que la relation elle-même mérite une structure.,No es un programa de fidelidad. Es una relación permanente para huéspedes y oficinas que vuelven a Jettset con la frecuencia suficiente para que la propia relación merezca una estructura.,ليس برنامج ولاء. بل علاقة دائمة للضيوف والمكاتب الذين يعودون إلى Jettset بما يكفي ليستحق ذلك بنية خاصة بالعلاقة نفسها.
pages,"Club brings continuity to the way you move. It gives returning guests, and the people who travel on their behalf, a familiar team, agreed response standards and an account structure designed around repeated journeys. It does not replace Charter or Jet Card — it strengthens the relationship around them, carrying knowledge, preferences and accountability from one journey into the next.","Club apporte de la continuité à votre façon de voyager. Il offre aux invités fidèles, et aux personnes qui voyagent pour leur compte, une équipe familière, des standards de réponse convenus et une structure de compte conçue autour des voyages répétés. Il ne remplace ni l’affrètement ni la Jet Card — il renforce la relation qui les entoure, en transmettant connaissances, préférences et responsabilités d’un voyage au suivant.","Club aporta continuidad a su forma de viajar. Ofrece a los huéspedes que regresan, y a quienes viajan en su nombre, un equipo conocido, estándares de respuesta acordados y una estructura de cuenta diseñada para viajes repetidos. No sustituye al chárter ni a la Jet Card: refuerza la relación que los rodea, trasladando conocimiento, preferencias y responsabilidad de un viaje al siguiente.",يمنح Club الاستمرارية لطريقة سفرك. فهو يمنح الضيوف العائدين ومن يسافرون نيابةً عنهم فريقًا مألوفًا ومعايير استجابة متفقًا عليها وبنية حساب مصمَّمة حول الرحلات المتكررة. ولا يحلّ محل التأجير أو Jet Card — بل يقوّي العلاقة المحيطة بهما، ناقلًا المعرفة والتفضيلات والمساءلة من رحلة إلى التي تليها.
pages,The Club Standard,Le standard Club,El estándar de Club,معيار Club
pages,What Every Member Relationship Includes,Ce que comprend chaque relation avec un membre,Lo que incluye cada relación con un miembro,ما تتضمنه كل علاقة مع عضو
pages,A Familiar Team,Une équipe familière,Un equipo conocido,فريق مألوف
pages,Continuity,Continuité,Continuidad,الاستمرارية
pages,"A consistent point of contact across aviation and supporting arrangements. Journey history and stated preferences carried forward. Less repetition for returning guests, assistants and authorised bookers.","Un interlocuteur constant pour l’aviation et les dispositions annexes. L’historique des voyages et les préférences exprimées sont conservés. Moins de répétitions pour les invités fidèles, les assistants et les personnes autorisées à réserver.","Un punto de contacto constante para la aviación y los preparativos complementarios. Se conservan el historial de viajes y las preferencias expresadas. Menos repeticiones para huéspedes habituales, asistentes y personas autorizadas a reservar.",نقطة اتصال ثابتة للطيران والترتيبات المساندة. يُحفظ سجل الرحلات والتفضيلات المعلنة. تكرار أقل للضيوف العائدين والمساعدين والمخوَّلين بالحجز.
pages,A Defined Response,Une réponse définie,Una respuesta definida,استجابة محددة
pages,Priority handling of aviation and concierge enquiries. Response expectations agreed as part of the membership structure. Earlier escalation when timings change or a journey is disrupted.,Traitement prioritaire des demandes d’aviation et de conciergerie. Délais de réponse convenus dans le cadre de l’adhésion. Remontée plus précoce en cas de changement d’horaire ou de perturbation d’un voyage.,Tratamiento prioritario de las consultas de aviación y conserjería. Expectativas de respuesta acordadas como parte de la membresía. Escalado más temprano cuando cambian los horarios o se altera un viaje.,معالجة ذات أولوية لاستفسارات الطيران والكونسيرج. وتوقعات استجابة يُتفق عليها ضمن العضوية. وتصعيد أبكر عند تغيّر المواعيد أو تعطّل الرحلة.
pages,A Cleaner Account,Un compte plus clair,Una cuenta más clara,حساب أوضح
pages,"A clear structure for deposits, retainers, invoicing and authorised bookers. Transparent journey confirmations and cost visibility, across one relationship.","Une structure claire pour les dépôts, provisions, facturation et personnes autorisées à réserver. Des confirmations de voyage et une visibilité des coûts transparentes, au sein d’une seule relation.","Una estructura clara para depósitos, anticipos, facturación y personas autorizadas a reservar. Confirmaciones de viaje y visibilidad de costes transparentes, dentro de una sola relación.",بنية واضحة للودائع والدفعات المقدمة والفوترة والمخوَّلين بالحجز. وتأكيدات رحلة شفافة ووضوح في التكاليف، ضمن علاقة واحدة.
pages,Service That Learns,Un service qui apprend,Un servicio que aprende,خدمة تتعلّم
pages,Recognition,Reconnaissance,Reconocimiento,التعرّف
pages,"Preferences remembered rather than repeatedly requested. The team understands the principal, the office, and the context around the journey.","Les préférences sont retenues plutôt que redemandées sans cesse. L’équipe comprend le dirigeant, le bureau et le contexte qui entoure le voyage.","Las preferencias se recuerdan en lugar de pedirse una y otra vez. El equipo conoce al directivo, la oficina y el contexto que rodea al viaje.",تُتذكَّر التفضيلات بدل أن تُطلب مرارًا. ويفهم الفريق الشخصية الرئيسية والمكتب والسياق المحيط بالرحلة.
pages,Two Memberships,Deux adhésions,Dos membresías,عضويتان
pages,Built Around How You Return,Conçues autour de votre façon de revenir,Creadas en torno a cómo vuelve usted,مبنيتان حول طريقة عودتك
pages,"Club is intentionally simple. One relationship for the individual guest, one for the office responsible for moving principals, teams or multiple travellers.","Club est volontairement simple. Une relation pour l’invité individuel, une pour le bureau chargé de déplacer des dirigeants, des équipes ou plusieurs voyageurs.","Club es sencillo a propósito. Una relación para el huésped individual y otra para la oficina responsable de mover a directivos, equipos o varios viajeros.",Club بسيط عمدًا. علاقة واحدة للضيف الفرد، وأخرى للمكتب المسؤول عن تنقّل الشخصيات الرئيسية أو الفرق أو عدة مسافرين.
pages,For The Individual Guest,Pour l’invité individuel,Para el huésped individual,للضيف الفرد
pages,Deposit Wallet Membership,Adhésion Deposit Wallet,Membresía Deposit Wallet,عضوية Deposit Wallet
pages,Guaranteed response standards on every enquiry,Des standards de réponse garantis sur chaque demande,Estándares de respuesta garantizados en cada consulta,معايير استجابة مضمونة لكل استفسار
pages,Sourcing fees waived across eligible journeys,Frais de recherche supprimés sur les voyages éligibles,Comisiones de búsqueda eximidas en los viajes elegibles,إعفاء من رسوم التوريد على الرحلات المؤهلة
pages,Priority handling when travel is time-sensitive,Traitement prioritaire lorsque le voyage est urgent,Atención prioritaria cuando el viaje es urgente,معالجة ذات أولوية عندما يكون السفر عاجلًا
pages,Priority recovery if a confirmed journey is disrupted,Récupération prioritaire en cas de perturbation d’un voyage confirmé,Recuperación prioritaria si se interrumpe un viaje confirmado,تعافٍ ذو أولوية إذا تعطّلت رحلة مؤكَّدة
pages,A dedicated guest profile carrying preferences forward,Un profil d’invité dédié qui conserve les préférences,Un perfil de huésped dedicado que mantiene las preferencias,ملف ضيف مخصص يحفظ التفضيلات
pages,"A standing deposit, drawn down as travel is booked","Un dépôt permanent, débité au fil des réservations de voyage","Un depósito permanente, que se va descontando a medida que se reservan viajes",وديعة دائمة تُخصم مع حجز الرحلات
pages,Selected lifestyle privileges and curated Jettset events,Privilèges de style de vie sélectionnés et événements Jettset choisis,Privilegios de estilo de vida seleccionados y eventos Jettset cuidadosamente elegidos,امتيازات مختارة لنمط الحياة وفعاليات Jettset منتقاة
extras,Regional city pairs,Liaisons régionales entre villes,Enlaces regionales entre ciudades,رحلات إقليمية بين المدن
extras,"Up to 2,500 nm",Jusqu’à 2 500 nm,Hasta 2.500 nm,"حتى 2,500 ميل بحري"
extras,Up to 8 travellers,Jusqu’à 8 voyageurs,Hasta 8 viajeros,حتى 8 مسافرين
extras,Longer regional journeys,Voyages régionaux plus longs,Viajes regionales más largos,رحلات إقليمية أطول
extras,Approx. 5 ft 8 in–6 ft,Env. 5 ft 8 in–6 ft,Aprox. 5 ft 8 in–6 ft,نحو 5 أقدام و8 بوصات–6 أقدام
extras,Standard personal luggage,Bagages personnels standard,Equipaje personal estándar,أمتعة شخصية قياسية
extras,Club seating with divan options; varies,Sièges club avec options de banquette ; variable,Asientos tipo club con opciones de diván; varía,مقاعد بتهيئة النادي مع خيارات أريكة؛ تختلف
extras,Approx. 17–21 ft,Env. 17–21 ft,Aprox. 17–21 ft,نحو 17–21 قدمًا
extras,Approx. 5 ft 6 in–6 ft 5 in,Env. 5 ft 6 in–6 ft 5 in,Aprox. 5 ft 6 in–6 ft 5 in,نحو 5 أقدام و6 بوصات–6 أقدام و5 بوصات
extras,Approx. 420–460 kt; validation required,Env. 420–460 kt ; validation requise,Aprox. 420–460 kt; requiere validación,نحو 420–460 عقدة؛ يتطلب التحقق
extras,Cold catering commonly available; sourcing confirms,Restauration froide généralement disponible ; confirmée lors de la recherche,Catering frío normalmente disponible; se confirma al buscar la aeronave,التموين البارد متاح عادةً؛ ويؤكده التوريد
extras,Typically enclosed; confirmed during sourcing,En général fermées ; confirmé lors de la recherche de l’appareil,Normalmente cerrado; se confirma al buscar la aeronave,عادةً مغلقة؛ وتُؤكَّد أثناء التوريد
extras,Usually not included; may be arranged,En général non incluse ; peut être organisée,Normalmente no incluido; puede organizarse,غير مشمول عادةً؛ ويمكن ترتيبه
extras,"A more generous cabin with room to settle into longer regional sectors, work privately and travel without excess.","Une cabine plus généreuse, avec l’espace nécessaire pour s’installer sur de plus longs tronçons régionaux, travailler en privé et voyager sans excès.","Una cabina más generosa, con espacio para acomodarse en tramos regionales más largos, trabajar con privacidad y viajar sin excesos.",مقصورة أرحب تتيح الاستقرار في المقاطع الإقليمية الأطول والعمل بخصوصية والسفر دون إسراف.
extras,"Suitable for standard personal luggage across a small travelling party, subject to the aircraft sourced.","Convient aux bagages personnels standard d’un petit groupe de voyageurs, selon l’appareil trouvé.","Adecuada para equipaje personal estándar de un grupo de viaje reducido, según la aeronave obtenida.",مناسبة للأمتعة الشخصية القياسية لمجموعة سفر صغيرة، بحسب الطائرة التي يتم توريدها.
extras,"Up to 3,500 nm",Jusqu’à 3 500 nm,Hasta 3.500 nm,"حتى 3,500 ميل بحري"
extras,Up to 10 travellers,Jusqu’à 10 voyageurs,Hasta 10 viajeros,حتى 10 مسافرين
extras,Transcontinental journeys,Voyages transcontinentaux,Viajes transcontinentales,رحلات عابرة للقارات
extras,Approx. 6 ft,Env. 6 ft,Aprox. 6 ft,نحو 6 أقدام
extras,Extended-stay luggage,Bagages pour séjour prolongé,Equipaje para estancias largas,أمتعة للإقامة الطويلة
extras,Two-zone club and divan layouts; varies,Configurations club et banquette en deux zones ; variable,Distribuciones tipo club y diván en dos zonas; varía,تهيئات النادي والأريكة في منطقتين؛ تختلف
extras,Approx. 24–28 ft,Env. 24–28 ft,Aprox. 24–28 ft,نحو 24–28 قدمًا
extras,Approx. 7 ft,Env. 7 ft,Aprox. 7 ft,نحو 7 أقدام
extras,Approx. 450–480 kt; validation required,Env. 450–480 kt ; validation requise,Aprox. 450–480 kt; requiere validación,نحو 450–480 عقدة؛ يتطلب التحقق
extras,Enhanced catering capability varies by galley,La capacité de restauration étendue varie selon l’office,La capacidad de catering ampliado varía según la cocina de a bordo,تختلف قدرة التموين المعزَّزة بحسب المطبخ
extras,Available by arrangement on selected aircraft,Disponible sur demande sur certains appareils,Disponible bajo petición en aeronaves seleccionadas,متاح بترتيب مسبق في طائرات مختارة
extras,"A stand-up cabin character with meaningful workspace, comfort and baggage flexibility for longer sectors.","Une cabine où l’on se tient debout, avec un véritable espace de travail, du confort et de la souplesse pour les bagages sur les tronçons plus longs.","Una cabina en la que se puede estar de pie, con espacio de trabajo real, confort y flexibilidad de equipaje para tramos más largos.",مقصورة يمكن الوقوف فيها، بمساحة عمل حقيقية وراحة ومرونة في الأمتعة للمقاطع الأطول.
extras,Well suited to extended-stay luggage for a considered group; specialist items remain subject to review.,Bien adaptée aux bagages de séjour prolongé d’un groupe réfléchi ; les objets spécifiques restent soumis à examen.,Muy adecuada para equipaje de estancias largas de un grupo moderado; los artículos especiales siguen sujetos a revisión.,مناسبة جدًا لأمتعة الإقامة الطويلة لمجموعة محدودة؛ وتبقى الأغراض الخاصة خاضعة للمراجعة.
extras,"Up to 5,500 nm",Jusqu’à 5 500 nm,Hasta 5.500 nm,"حتى 5,500 ميل بحري"
extras,Up to 14 travellers,Jusqu’à 14 voyageurs,Hasta 14 viajeros,حتى 14 مسافرًا
extras,Long-haul and larger parties,Long-courriers et groupes plus importants,Largo recorrido y grupos más numerosos,الرحلات البعيدة والمجموعات الأكبر
extras,Approx. 6 ft 2 in,Env. 6 ft 2 in,Aprox. 6 ft 2 in,نحو 6 أقدام و2 بوصة
extras,Generous long-stay guidance,Repères généreux pour les longs séjours,Orientación generosa para estancias largas,إرشادات سخية للإقامات الطويلة
extras,Multiple cabin zones; layouts vary,Plusieurs zones de cabine ; les configurations varient,Varias zonas de cabina; las distribuciones varían,مناطق مقصورة متعددة؛ وتختلف التهيئات
extras,Approx. 40–45 ft,Env. 40–45 ft,Aprox. 40–45 ft,نحو 40–45 قدمًا
extras,Approx. 7 ft 4 in,Env. 7 ft 4 in,Aprox. 7 ft 4 in,نحو 7 أقدام و4 بوصات
extras,Approx. 470–500 kt; validation required,Env. 470–500 kt ; validation requise,Aprox. 470–500 kt; requiere validación,نحو 470–500 عقدة؛ يتطلب التحقق
extras,Full galley capability on selected aircraft,Office complet sur certains appareils,Cocina completa en aeronaves seleccionadas,مطبخ كامل في طائرات مختارة
extras,Commonly available; service varies,Généralement disponible ; le service varie,Normalmente disponible; el servicio varía,متاح عادةً؛ ويختلف مستوى الخدمة
extras,Typically enclosed; configuration varies,En général fermées ; la configuration varie,Normalmente cerrado; la configuración varía,عادةً مغلقة؛ وتختلف التهيئة
extras,Often available or required; confirmed during sourcing,Souvent disponible ou requis ; confirmé lors de la recherche de l’appareil,A menudo disponible o necesario; se confirma al buscar la aeronave,غالبًا ما يكون متاحًا أو مطلوبًا؛ ويُؤكَّد أثناء التوريد
extras,"A substantial long-haul cabin designed around movement, work, dining and considered rest across extended journeys.","Une cabine long-courrier spacieuse, conçue pour le mouvement, le travail, les repas et un repos réfléchi lors de longs voyages.","Una cabina de largo recorrido de gran tamaño, diseñada en torno al movimiento, el trabajo, la comida y el descanso cuidado en viajes prolongados.",مقصورة رحبة للرحلات البعيدة، مصمَّمة حول الحركة والعمل وتناول الطعام والراحة المدروسة في الرحلات الممتدة.
extras,"Generous hold guidance for longer stays and larger groups, confirmed against payload and aircraft configuration.","Des repères généreux pour la soute lors de séjours plus longs et de groupes plus importants, confirmés selon la charge utile et la configuration de l’appareil.","Orientación generosa para la bodega en estancias más largas y grupos más numerosos, confirmada según la carga útil y la configuración de la aeronave.",إرشادات سخية لحجرة الأمتعة للإقامات الأطول والمجموعات الأكبر، تُؤكَّد بحسب الحمولة وتهيئة الطائرة.
extras,"5,500+ nm capability",Autonomie de plus de 5 500 nm,Capacidad de más de 5.500 nm,"قدرة تتجاوز 5,500 ميل بحري"
extras,Up to 16 travellers,Jusqu’à 16 voyageurs,Hasta 16 viajeros,حتى 16 مسافرًا
extras,Intercontinental travel,Voyages intercontinentaux,Viajes intercontinentales,السفر بين القارات
extras,Approx. 6 ft 2 in–6 ft 4 in,Env. 6 ft 2 in–6 ft 4 in,Aprox. 6 ft 2 in–6 ft 4 in,نحو 6 أقدام و2 بوصة–6 أقدام و4 بوصات
extras,Substantial intercontinental guidance,Repères substantiels pour l’intercontinental,Orientación amplia para viajes intercontinentales,إرشادات وافية للسفر بين القارات
extras,Three or four cabin zones; layouts vary,Trois ou quatre zones de cabine ; les configurations varient,Tres o cuatro zonas de cabina; las distribuciones varían,ثلاث أو أربع مناطق مقصورة؛ وتختلف التهيئات
extras,Approx. 45–55 ft,Env. 45–55 ft,Aprox. 45–55 ft,نحو 45–55 قدمًا
extras,Approx. 8 ft,Env. 8 ft,Aprox. 8 ft,نحو 8 أقدام
extras,Approx. 480–510 kt; validation required,Env. 480–510 kt ; validation requise,Aprox. 480–510 kt; requiere validación,نحو 480–510 عقدة؛ يتطلب التحقق
extras,Full galley capability; menu confirmed personally,Office complet ; menu confirmé personnellement,Cocina completa; menú confirmado personalmente,مطبخ كامل؛ وتُؤكَّد القائمة شخصيًا
extras,Commonly available; coverage and service vary,Généralement disponible ; la couverture et le service varient,Normalmente disponible; la cobertura y el servicio varían,متاح عادةً؛ وتختلف التغطية والخدمة
extras,Typically enclosed; some include two,En général fermées ; certaines en comptent deux,Normalmente cerrado; algunas incluyen dos,عادةً مغلقة؛ وبعضها يضم اثنتين
extras,Commonly available; confirmed during sourcing,Généralement disponible ; confirmé lors de la recherche de l’appareil,Normalmente disponible; se confirma al buscar la aeronave,متاح عادةً؛ ويُؤكَّد أثناء التوريد
extras,"A calm, zoned cabin environment intended for uninterrupted intercontinental movement, rest and arrival readiness.","Un environnement de cabine calme et zoné, pensé pour un déplacement intercontinental ininterrompu, le repos et l’arrivée dans de bonnes conditions.","Un entorno de cabina sereno y zonificado, pensado para el movimiento intercontinental sin interrupciones, el descanso y la llegada en buena forma.",بيئة مقصورة هادئة مقسّمة إلى مناطق، مخصصة للتنقل بين القارات دون انقطاع والراحة والاستعداد عند الوصول.
extras,"The strongest category guidance for extended journeys and substantial luggage, always reviewed against operational requirements.","Les repères les plus solides de la gamme pour les longs voyages et les bagages importants, toujours vérifiés au regard des exigences opérationnelles.","La orientación más sólida de la categoría para viajes prolongados y equipaje voluminoso, siempre revisada según los requisitos operativos.",أقوى إرشادات الفئات للرحلات الممتدة والأمتعة الكبيرة، وتُراجَع دائمًا بحسب المتطلبات التشغيلية.
extras,short regional sector,court tronçon régional,tramo regional corto,المقطع الإقليمي القصير
extras,longer regional or transcontinental sector,tronçon régional plus long ou transcontinental,tramo regional largo o transcontinental,المقطع الإقليمي الأطول أو العابر للقارات
extras,long-haul sector,tronçon long-courrier,tramo de largo recorrido,مقطع الرحلات البعيدة
extras,efficient access without unnecessary cabin scale,un accès efficace sans ampleur de cabine superflue,un acceso eficiente sin escala de cabina innecesaria,وصول فعّال دون مساحة مقصورة غير ضرورية
extras,additional cabin space and ease throughout the journey,un surcroît d’espace en cabine et d’aisance tout au long du voyage,más espacio en cabina y comodidad durante todo el viaje,مساحة مقصورة إضافية وراحة طوال الرحلة
extras,a more restful cabin environment across the route,un environnement de cabine plus reposant sur l’ensemble de l’itinéraire,un entorno de cabina más descansado a lo largo de la ruta,بيئة مقصورة أكثر راحة على امتداد المسار
extras,Interior study,Étude intérieure,Estudio interior,دراسة الداخل
extras,Cabin plan study,Étude du plan de cabine,Estudio del plano de cabina,دراسة مخطط المقصورة
extras,Category profile,Profil de catégorie,Perfil de categoría,ملف الفئة
extras,Representative / typical plan · configuration varies,Plan représentatif / typique · la configuration varie,Plano representativo / típico · la configuración varía,مخطط نموذجي / معتاد · وتختلف التهيئة
extras,Choose two different locations from the supplied city list.,Choisissez deux lieux différents dans la liste de villes proposée.,Elija dos ubicaciones distintas de la lista de ciudades facilitada.,اختر موقعين مختلفين من قائمة المدن المتاحة.
extras,Aviation Wellness,Aviation Wellness,Aviation Wellness,Aviation Wellness
extras,January,janvier,enero,يناير
extras,February,février,febrero,فبراير
extras,March,mars,marzo,مارس
extras,April,avril,abril,أبريل
extras,May,mai,mayo,مايو
extras,June,juin,junio,يونيو
extras,July,juillet,julio,يوليو
extras,August,août,agosto,أغسطس
extras,September,septembre,septiembre,سبتمبر
extras,October,octobre,octubre,أكتوبر
extras,November,novembre,noviembre,نوفمبر
extras,December,décembre,diciembre,ديسمبر
extras,JAN,JANV.,ENE,يناير
extras,FEB,FÉVR.,FEB,فبراير
extras,MAR,MARS,MAR,مارس
extras,APR,AVR.,ABR,أبريل
extras,MAY,MAI,MAY,مايو
extras,JUN,JUIN,JUN,يونيو
extras,JUL,JUIL.,JUL,يوليو
extras,AUG,AOÛT,AGO,أغسطس
extras,SEP,SEPT.,SEP,سبتمبر
extras,OCT,OCT.,OCT,أكتوبر
extras,NOV,NOV.,NOV,نوفمبر
extras,DEC,DÉC.,DIC,ديسمبر
extras,"Jettset brings private aviation, concierge and cultural intelligence into one trusted relationship. We understand the people, places, timing and expectations surrounding every journey—not only the aircraft that carries it.","Jettset réunit aviation privée, conciergerie et intelligence culturelle au sein d’une seule relation de confiance. Nous comprenons les personnes, les lieux, le calendrier et les attentes qui entourent chaque voyage—et pas seulement l’appareil qui l’accomplit.","Jettset reúne la aviación privada, la conserjería y la inteligencia cultural en una única relación de confianza. Entendemos a las personas, los lugares, los tiempos y las expectativas que rodean cada viaje, y no solo la aeronave que lo realiza.",تجمع Jettset بين الطيران الخاص وخدمات الكونسيرج والذكاء الثقافي في علاقة واحدة قائمة على الثقة. نحن نفهم الأشخاص والأماكن والتوقيت والتوقعات التي تحيط بكل رحلة، لا الطائرة التي تحملها فحسب.
extras,"That same care extends to <a href=""/aviation-wellness"">wellbeing</a>, specialist <a href=""/medical"">medical aviation</a> and aircraft sales.","Le même soin s’étend au <a href=""/aviation-wellness"">bien-être</a>, à l’<a href=""/medical"">aviation médicale</a> spécialisée et à la vente d’avions.","Ese mismo cuidado se extiende al <a href=""/aviation-wellness"">bienestar</a>, a la <a href=""/medical"">aviación médica</a> especializada y a la venta de aeronaves.","يمتد هذا الاهتمام نفسه إلى <a href=""/aviation-wellness"">العافية</a> و<a href=""/medical"">الطيران الطبي</a> المتخصص وبيع الطائرات."
extras,Private Journey Planner,Planificateur de voyage privé,Planificador de viajes privados,مخطط الرحلات الخاصة
extras,Plan your private journey.,Planifiez votre voyage privé.,Planifique su viaje privado.,خطّط لرحلتك الخاصة.
extras,"Choose your route, date and travellers to see an indicative flight overview, then tell us what matters to you.","Choisissez votre itinéraire, votre date et le nombre de voyageurs pour découvrir un aperçu indicatif du vol, puis dites-nous ce qui compte pour vous.","Elija su ruta, la fecha y el número de viajeros para ver un resumen orientativo del vuelo y, después, cuéntenos qué es importante para usted.",اختر مسارك والتاريخ وعدد المسافرين لترى نظرة عامة استرشادية على الرحلة، ثم أخبرنا بما يهمّك.
extras,"Wellness for the journey <span class=""jp-optional"">Optional</span>","Bien-être pour le voyage <span class=""jp-optional"">Facultatif</span>","Bienestar para el viaje <span class=""jp-optional"">Opcional</span>","العافية خلال الرحلة <span class=""jp-optional"">اختياري</span>"
extras,"Tell us what matters before, during and after your journey. These are preferences to discuss with Jettset, not a booking.","Dites-nous ce qui compte avant, pendant et après votre voyage. Il s’agit de préférences à discuter avec Jettset, et non d’une réservation.","Cuéntenos qué es importante antes, durante y después de su viaje. Son preferencias para conversar con Jettset, no una reserva.",أخبرنا بما يهمّك قبل رحلتك وأثناءها وبعدها. هذه تفضيلات لمناقشتها مع Jettset وليست حجزًا.
extras,"Choose your route, date and travellers to visualise your journey.","Choisissez votre itinéraire, votre date et vos voyageurs pour visualiser votre voyage.","Elija su ruta, la fecha y los viajeros para visualizar su viaje.",اختر مسارك والتاريخ وعدد المسافرين لتتصوّر رحلتك.
extras,In-flight,En vol,A bordo,على متن الرحلة
extras,Selected route,Itinéraire choisi,Ruta seleccionada,المسار المختار
extras,Estimated flight time,Durée de vol estimée,Duración estimada del vuelo,مدة الرحلة المقدّرة
extras,Indicative aircraft category,Catégorie d’appareil indicative,Categoría de aeronave orientativa,فئة الطائرة الاسترشادية
extras,Local time at destination,Heure locale à destination,Hora local en el destino,التوقيت المحلي في الوجهة
extras,Sends an enquiry to Jettset. This does not book or confirm a flight.,Envoie une demande à Jettset. Cela ne réserve ni ne confirme aucun vol.,Envía una consulta a Jettset. No reserva ni confirma ningún vuelo.,يرسل استفسارًا إلى Jettset. ولا يحجز رحلة ولا يؤكدها.
extras,Estimates are indicative. Final aircraft selection and arrangements are confirmed personally during enquiry.,Les estimations sont indicatives. Le choix définitif de l’appareil et les modalités sont confirmés personnellement lors de la demande.,Las estimaciones son orientativas. La selección final de la aeronave y los detalles se confirman personalmente durante la consulta.,التقديرات استرشادية. يتم تأكيد اختيار الطائرة النهائي والترتيبات شخصيًا أثناء الاستفسار.
extras,"Your journey, considered.","Votre voyage, pensé avec soin.","Su viaje, cuidadosamente pensado.",رحلتك، بعناية فائقة.
extras,"Explore suggested routes <span aria-hidden=""true"">+</span>","Explorer les itinéraires suggérés <span aria-hidden=""true"">+</span>","Explorar rutas sugeridas <span aria-hidden=""true"">+</span>","استكشف المسارات المقترحة <span aria-hidden=""true"">+</span>"
extras,"Explore suggested routes <span aria-hidden=""true"">−</span>","Explorer les itinéraires suggérés <span aria-hidden=""true"">−</span>","Explorar rutas sugeridas <span aria-hidden=""true"">−</span>","استكشف المسارات المقترحة <span aria-hidden=""true"">−</span>"
extras,Representative Citation CJ3 exterior,Extérieur représentatif du Citation CJ3,Exterior representativo del Citation CJ3,منظر خارجي نموذجي لطائرة Citation CJ3
extras,Representative Citation CJ3 cabin interior,Intérieur de cabine représentatif d’un Citation CJ3,Interior de cabina representativo de un Citation CJ3,مقصورة داخلية نموذجية لطائرة Citation CJ3
extras,Representative Citation CJ3 cabin plan; configuration varies by aircraft,Plan de cabine représentatif d’un Citation CJ3 ; la configuration varie selon l’appareil,Plano de cabina representativo de un Citation CJ3; la configuración varía según la aeronave,مخطط مقصورة نموذجي لطائرة Citation CJ3؛ وتختلف التهيئة بحسب الطائرة
extras,Representative Citation CJ3 exterior on a restrained dark apron,Extérieur représentatif d’un Citation CJ3 sur une aire sombre et sobre,Exterior representativo de un Citation CJ3 sobre una plataforma oscura y sobria,منظر خارجي نموذجي لطائرة Citation CJ3 على ساحة مظلمة هادئة
extras,Representative Citation Latitude exterior,Extérieur représentatif du Citation Latitude,Exterior representativo del Citation Latitude,منظر خارجي نموذجي لطائرة Citation Latitude
extras,Representative Citation Latitude cabin interior,Intérieur de cabine représentatif d’un Citation Latitude,Interior de cabina representativo de un Citation Latitude,مقصورة داخلية نموذجية لطائرة Citation Latitude
extras,Representative Citation Latitude cabin plan; configuration varies by aircraft,Plan de cabine représentatif d’un Citation Latitude ; la configuration varie selon l’appareil,Plano de cabina representativo de un Citation Latitude; la configuración varía según la aeronave,مخطط مقصورة نموذجي لطائرة Citation Latitude؛ وتختلف التهيئة بحسب الطائرة
extras,Representative Citation Latitude exterior on a restrained dark apron,Extérieur représentatif d’un Citation Latitude sur une aire sombre et sobre,Exterior representativo de un Citation Latitude sobre una plataforma oscura y sobria,منظر خارجي نموذجي لطائرة Citation Latitude على ساحة مظلمة هادئة
extras,Representative Challenger 350 exterior,Extérieur représentatif du Challenger 350,Exterior representativo del Challenger 350,منظر خارجي نموذجي لطائرة Challenger 350
extras,Representative Challenger 350 cabin interior,Intérieur de cabine représentatif d’un Challenger 350,Interior de cabina representativo de un Challenger 350,مقصورة داخلية نموذجية لطائرة Challenger 350
extras,Representative Challenger 350 cabin plan; configuration varies by aircraft,Plan de cabine représentatif d’un Challenger 350 ; la configuration varie selon l’appareil,Plano de cabina representativo de un Challenger 350; la configuración varía según la aeronave,مخطط مقصورة نموذجي لطائرة Challenger 350؛ وتختلف التهيئة بحسب الطائرة
extras,Representative Challenger 350 exterior on a restrained dark apron,Extérieur représentatif d’un Challenger 350 sur une aire sombre et sobre,Exterior representativo de un Challenger 350 sobre una plataforma oscura y sobria,منظر خارجي نموذجي لطائرة Challenger 350 على ساحة مظلمة هادئة
extras,Representative Gulfstream G450 exterior,Extérieur représentatif du Gulfstream G450,Exterior representativo del Gulfstream G450,منظر خارجي نموذجي لطائرة Gulfstream G450
extras,Representative Gulfstream G450 cabin interior,Intérieur de cabine représentatif d’un Gulfstream G450,Interior de cabina representativo de un Gulfstream G450,مقصورة داخلية نموذجية لطائرة Gulfstream G450
extras,Representative Gulfstream G450 cabin plan; configuration varies by aircraft,Plan de cabine représentatif d’un Gulfstream G450 ; la configuration varie selon l’appareil,Plano de cabina representativo de un Gulfstream G450; la configuración varía según la aeronave,مخطط مقصورة نموذجي لطائرة Gulfstream G450؛ وتختلف التهيئة بحسب الطائرة
extras,Representative Gulfstream G450 exterior on a restrained dark apron,Extérieur représentatif d’un Gulfstream G450 sur une aire sombre et sobre,Exterior representativo de un Gulfstream G450 sobre una plataforma oscura y sobria,منظر خارجي نموذجي لطائرة Gulfstream G450 على ساحة مظلمة هادئة
extras,Representative Global 7500 exterior,Extérieur représentatif du Global 7500,Exterior representativo del Global 7500,منظر خارجي نموذجي لطائرة Global 7500
extras,Representative Global 7500 cabin interior,Intérieur de cabine représentatif d’un Global 7500,Interior de cabina representativo de un Global 7500,مقصورة داخلية نموذجية لطائرة Global 7500
extras,Representative Global 7500 cabin plan; configuration varies by aircraft,Plan de cabine représentatif d’un Global 7500 ; la configuration varie selon l’appareil,Plano de cabina representativo de un Global 7500; la configuración varía según la aeronave,مخطط مقصورة نموذجي لطائرة Global 7500؛ وتختلف التهيئة بحسب الطائرة
extras,Representative Global 7500 exterior on a restrained dark apron,Extérieur représentatif d’un Global 7500 sur une aire sombre et sobre,Exterior representativo de un Global 7500 sobre una plataforma oscura y sobria,منظر خارجي نموذجي لطائرة Global 7500 على ساحة مظلمة هادئة
routes,London → Monaco,Londres → Monaco,Londres → Mónaco,لندن ← موناكو
routes,London → Dubai,Londres → Dubaï,Londres → Dubái,لندن ← دبي
routes,New York → London,New York → Londres,Nueva York → Londres,نيويورك ← لندن
routes,Miami → New York,Miami → New York,Miami → Nueva York,ميامي ← نيويورك
routes,Lagos → London,Lagos → Londres,Lagos → Londres,لاغوس ← لندن
routes,London → Paris,Londres → Paris,Londres → París,لندن ← باريس
routes,London → Accra,Londres → Accra,Londres → Accra,لندن ← أكرا
routes,London → Ibiza,Londres → Ibiza,Londres → Ibiza,لندن ← إيبيزا
routes,Paris → Mykonos,Paris → Mykonos,París → Míconos,باريس ← ميكونوس
routes,Los Angeles → Aspen,Los Angeles → Aspen,Los Ángeles → Aspen,لوس أنجلوس ← أسبن
routes,Dubai → Mumbai,Dubaï → Mumbai,Dubái → Bombay,دبي ← مومباي
routes,Singapore → Hong Kong,Singapour → Hong Kong,Singapur → Hong Kong,سنغافورة ← هونغ كونغ
routes,Lagos → New York,Lagos → New York,Lagos → Nueva York,لاغوس ← نيويورك
countries,United Kingdom,Royaume-Uni,Reino Unido,المملكة المتحدة
countries,Monaco,Monaco,Mónaco,موناكو
countries,United Arab Emirates,Émirats arabes unis,Emiratos Árabes Unidos,الإمارات العربية المتحدة
countries,United States,États-Unis,Estados Unidos,الولايات المتحدة
countries,Nigeria,Nigeria,Nigeria,نيجيريا
countries,France,France,Francia,فرنسا
countries,Ghana,Ghana,Ghana,غانا
countries,Canada,Canada,Canadá,كندا
countries,Spain,Espagne,España,إسبانيا
countries,Italy,Italie,Italia,إيطاليا
countries,Switzerland,Suisse,Suiza,سويسرا
countries,South Africa,Afrique du Sud,Sudáfrica,جنوب أفريقيا
countries,Kenya,Kenya,Kenia,كينيا
countries,Singapore,Singapour,Singapur,سنغافورة
countries,Hong Kong,Hong Kong,Hong Kong,هونغ كونغ
countries,Japan,Japon,Japón,اليابان
countries,Australia,Australie,Australia,أستراليا
countries,Qatar,Qatar,Catar,قطر
countries,Saudi Arabia,Arabie saoudite,Arabia Saudita,المملكة العربية السعودية
countries,Turkey,Turquie,Turquía,تركيا
countries,Greece,Grèce,Grecia,اليونان
countries,India,Inde,India,الهند
countries,Brazil,Brésil,Brasil,البرازيل
pattern,^Continue with “(.+)”\. We’ll confirm the airport with you\.$,Continuer avec « $1 ». Nous confirmerons l’aéroport avec vous.,Continuar con «$1». Confirmaremos el aeropuerto con usted.,المتابعة مع «$1». سنؤكد المطار معك.
pattern,^(\d+) airports? found\.$,$1 {$1?aéroport trouvé|aéroports trouvés}.,$1 {$1?aeropuerto encontrado|aeropuertos encontrados}.,تم العثور على $1 مطار.
pattern,^Select a city or airport in (.+)\.$,Sélectionnez une ville ou un aéroport : $1.,Seleccione una ciudad o un aeropuerto: $1.,اختر مدينة أو مطارًا في $1.
pattern,^Approx\. (.+) hours$,Environ $1 heures,Aprox. $1 horas,نحو $1 ساعات
pattern,^(\d+)h (\d+)m$,$1 h $2,$1 h $2 min,$1 س $2 د
pattern,^(\d+)m$,$1 min,$1 min,$1 د
pattern,^(\d+) Adults?$,$1 {$1?adulte|adultes},$1 {$1?adulto|adultos},$1 بالغ
pattern,^(\d+) Child(?:ren)?$,$1 {$1?enfant|enfants},$1 {$1?niño|niños},$1 طفل
pattern,^(\d+) Pets?$,$1 {$1?animal|animaux},$1 {$1?mascota|mascotas},$1 حيوان أليف
pattern,^Now showing: (.+)$,En cours : $1,Mostrando ahora: $1,المعروض الآن: $1
pattern,"^Thank you, (.+)\. Your request has been received, and a member of our team will be in touch shortly to discuss your journey\.$","Merci, $1. Votre demande a bien été reçue et un membre de notre équipe vous contactera très prochainement pour échanger sur votre voyage.","Gracias, $1. Hemos recibido su solicitud y un miembro de nuestro equipo se pondrá en contacto con usted en breve para hablar de su viaje.",شكرًا لك، $1. تم استلام طلبك، وسيتواصل معك أحد أعضاء فريقنا قريبًا لمناقشة رحلتك.
pattern,"^Thank you, (.+)\. Your message has been received, and a member of our team will be in touch shortly to continue the conversation\.$","Merci, $1. Votre message a bien été reçu et un membre de notre équipe vous contactera très prochainement pour poursuivre la conversation.","Gracias, $1. Hemos recibido su mensaje y un miembro de nuestro equipo se pondrá en contacto con usted en breve para continuar la conversación.",شكرًا لك، $1. تم استلام رسالتك، وسيتواصل معك أحد أعضاء فريقنا قريبًا لمواصلة الحوار.
pattern,"^Thank you, (.+)\. We've received your message, and a member of our team will be in touch shortly to understand how we can help\.$","Merci, $1. Nous avons bien reçu votre message et un membre de notre équipe vous contactera très prochainement pour comprendre comment nous pouvons vous aider.","Gracias, $1. Hemos recibido su mensaje y un miembro de nuestro equipo se pondrá en contacto con usted en breve para entender cómo podemos ayudarle.",شكرًا لك، $1. تلقّينا رسالتك، وسيتواصل معك أحد أعضاء فريقنا قريبًا لنفهم كيف يمكننا مساعدتك.
pattern,"^Thank you, (.+)\. You're on the Legs waitlist — we'll be in touch as soon as access opens for (.+)\.$","Merci, $1. Vous figurez sur la liste d’attente Legs — nous vous contacterons dès l’ouverture de l’accès pour $2.","Gracias, $1. Está en la lista de espera de Legs; nos pondremos en contacto con usted en cuanto se abra el acceso para $2.",شكرًا لك، $1. أنت على قائمة انتظار Legs — سنتواصل معك فور فتح الوصول في $2.
pattern,"^Thank you, (.+)\. Your interest in Jettset Editions has been registered\. We will be in touch when early access opens\.$","Merci, $1. Votre intérêt pour Jettset Editions a bien été enregistré. Nous vous contacterons à l’ouverture de l’accès anticipé.","Gracias, $1. Hemos registrado su interés en Jettset Editions. Nos pondremos en contacto con usted cuando se abra el acceso anticipado.",شكرًا لك، $1. تم تسجيل اهتمامك بـ Jettset Editions. سنتواصل معك عند فتح الوصول المبكر.
pattern,"^Thank you, (.+)\. A member of our Jet Card team will be in touch shortly\.$","Merci, $1. Un membre de notre équipe Jet Card vous contactera très prochainement.","Gracias, $1. Un miembro de nuestro equipo de Jet Card se pondrá en contacto con usted en breve.",شكرًا لك، $1. سيتواصل معك أحد أعضاء فريق Jet Card قريبًا.
pattern,^(January|February|March|April|May|June|July|August|September|October|November|December) (\d{4})$,$1 $2,$1 de $2,$1 $2
pattern,^(\d+)[–-](\d+) (JAN|FEB|MAR|APR|MAY|JUN|JUL|AUG|SEP|OCT|NOV|DEC)$,$1–$2 $3,$1–$2 $3,$1–$2 $3
pattern,^(\d+) (JAN|FEB|MAR|APR|MAY|JUN|JUL|AUG|SEP|OCT|NOV|DEC)$,$1 $2,$1 $2,$1 $2
pattern,^(\d+) (JAN|FEB|MAR|APR|MAY|JUN|JUL|AUG|SEP|OCT|NOV|DEC) – (\d+) (JAN|FEB|MAR|APR|MAY|JUN|JUL|AUG|SEP|OCT|NOV|DEC)$,$1 $2 – $3 $4,$1 $2 – $3 $4,$1 $2 – $3 $4
pattern,"^(.+), (.+), (\d+)[–-](\d+) (January|February|March|April|May|June|July|August|September|October|November|December) (\d{4})$","$1, $2, $3–$4 $5 $6","$1, $2, $3–$4 de $5 de $6",$1، $2، $3–$4 $5 $6
pattern,"^(.+) — (.+), (\d+)[–-](\d+) (January|February|March|April|May|June|July|August|September|October|November|December) (\d{4})$","$1 — $2, $3–$4 $5 $6","$1 — $2, $3–$4 de $5 de $6",$1 — $2، $3–$4 $5 $6
pattern,"^Discover (.+), (.+)$","Découvrir $1, $2","Descubrir $1, $2",اكتشف $1، $2
pattern,^([A-Z][A-Za-zÀ-ÿ .'’-]+) → ([A-Z][A-Za-zÀ-ÿ .'’-]+)$,$1 → $2,$1 → $2,$1 ← $2
pattern,^(\d+)h (\d+)m$,$1 h $2,$1 h $2 min,$1 س $2 د
pattern,^(\d+) travellers?$,$1 {$1?voyageur|voyageurs},$1 {$1?viajero|viajeros},$1 {$1?مسافر|مسافرين}
pattern,^Approximately (\d+) nm$,Environ $1 nm,Aproximadamente $1 nm,نحو $1 ميلًا بحريًا
pattern,^(.+) · approximately (\d+) nautical miles$,$1 · environ $2 milles nautiques,$1 · aproximadamente $2 millas náuticas,$1 · نحو $2 ميلًا بحريًا
pattern,^Journey fit (\d+)$,Adéquation au voyage $1,Adecuación al viaje $1,ملاءمة الرحلة $1
pattern,"^(.+) is an indicative fit for this (short regional sector|longer regional or transcontinental sector|long-haul sector) from (.+) to (.+) with (\d+) travellers?, prioritising (.+)\.$","$1 correspond de façon indicative à ce $2 de $3 à $4 avec $5 {$5?voyageur|voyageurs}, en privilégiant $6.","$1 es una opción orientativa para este $2 de $3 a $4 con $5 {$5?viajero|viajeros}, priorizando $6.",$1 خيار استرشادي مناسب لهذا $2 من $3 إلى $4 مع $5 {$5?مسافر|مسافرين}، مع إعطاء الأولوية لـ$6.
